Category,label,Description
Household,3,"Charms Rudraksh American Diamond Gold Meena Om Sun Cuff Kada Bracelet for Men (Golden)(BR-03E Bracelet) This men's bracelet comes with rudraksh American diamond gold om sun cuff kada, gold colour plating which is of premium quality. High quality golden color alloy charm and golden beads. The bracelet is beaded by rudraksha for perfect fit."
Electronics,2,"Sony 10DMW47SS 2X 4.7 GB DVD-RW Disc 10-Pack Now you can create, edit and archive home movies and digital photos while storing and accessing data from one disc. DVD-RW discs capture all digital data brilliantly, and are large enough to hold oversized digital movie files."
Clothing & Accessories,1,Gini and Jony Boys' Regular Fit Shorts Gini and Jony boys woven plain bermuda fixed waist cotton casual wear.
Clothing & Accessories,1,Kiddeo Girls Solid Full Sleeve t Shirts(2k18)(Pack of 3) Kids solid Fullsleeve T-Shirt for girls which is made up of 170 Gsm 100% Cotton and fastness guaranteed fabrics available In different Combos with attractive colours which will make your kid feel awesome...
Books,0,"My First Book of Numbers: First Board Book (My First Books) About the Author Wonder House has a dedicated team of editors and designers involved in the development of magnificent and enriching children books. The team pays special attention to develop age appropriate content and does extensive research on every topic included in the book. Our mission is to develop highly informative content which will help the children to master different skills. At Wonder House, we strive to make learning a joy."
Electronics,2,Vox Leather Keyboard Case for All 7 inch Tablets (Black) Vox leather keyboard case cover for all 7 inch tablets. This product comes in black in colour.
Household,3,"Beadsnfashion Jewellery Making German Silver Bird Beads 14x7 mm, Pack of 50 Pcs. Available in a pack of 50 pcs"
Electronics,2,"Tenda FH456 Wireless N300 High Power Router with 4 Fixed Antenna Size name:FH456   Tenda FH456 802.11n High-Power WiFi Router is our salute to the medium and large size house. 4x5dBi high-performance omni-directional external antennas and amplifier technology ensure fast, stable and wide range WiFi signal up to 300Mbps and whole-home coverage for your ultimate surfing fun. The considerate timer management realizes turn on/off your router automatically, non-hassle installation, bandwidth control and WiFi security designs all are for your smart and fashionable networking life."
Household,3,"Orient Electric Hill Air 225mm Electric Exhaust Fan (Matt Grey) Keep your kitchen and bathroom fresh with the Orient electric Hill Air 9 inch grey exhaust fan. The fan is completely made of metal and flaunts a lovely matt grey colour with a 225mm sweep size. Equipped with a powerful 1300 RPM motor, the fan has four blades and comes with a twelve months warranty."
Household,3,Forzza Hugo Four Seater Dining Table Set (Light Walnut) The Hugo dining table set comes with a table and 4 chairs. It is made in metal and engineered wood. The classic design of the table and the chairs are ideal for any kitchen or apartment. The chairs comes with upholstered seats for extra comfort. This comes to you at an unbelievable no-regret price.
Electronics,2,"Samsung 32GB 95MB/s EVO Select Micro SDHC Memory Card (MB-ME32GA/EU) Size name:32GB   Get the most out of your smartphone or tablet PC with Samsung's EVO Select 32GB micro SDXC Memory Card. This high-performance memory card features read speeds of up to 95MB/s for transferring music, photos, and videos and is UHS-1 enabled to capture Full HD video. Waterproof, temperature proof, magnet proof, and X-ray proof, this reliable memory card ensures your files remain safe during life's little mishaps. An included SD adapter lets you use the card with your digital camera, laptop, or desktop computer."
Clothing & Accessories,1,"Weavers Villa Women's Soft Polycotton Scarf (Multicolour, Medium) -Set of 10 Enrich your look with the set of 10 range of the summer scarf these are very elegant, colourful and trendy scarf. These scarf are made from 100 % polycotton yarn, chiffon yarn and cotton yarn. Soft, lightweight and skin-friendly. These scarves are not only true but also stylish and comfortable to wrap around at the same time. Wash Care: Light hand wash. Size: 50 cm x 175 cm and size: 70 cm x 175 cm. Think trendy. Be trendy."
Books,0,"Miles TS-623 Gun Tacker Handle lock for easy storage, soft grip rubber handle for extra working comfort."
Clothing & Accessories,1,"DAMEN MODE Women's Cotton Check Shirt Damen mode presents a complete fashion wardrobe that complements every facet of your personality at work, when you are relaxed, while you party and for those special occasions. Discover a tempting range of work wear, relaxed wear, club wear and fashion accessories."
Clothing & Accessories,1,Cherokee by Unlimited Girls' Regular Fit Skirt Cherokee kids navy skirt made of 100% cotton georgette having cf-16
Clothing & Accessories,1,"Chalk By Pantaloons Boys' Plain Regular Fit Shirt Blue colored solid t-shirt, featuring round with hood, full sleeves and regular fit pattern. Made from cotton material for maximum comfort."
Books,0,50 World’s Greatest Short Stories 
Household,3,"Durfi 6-inch Queen Cotton Candy Memory Foam Mattress (72x60x6 Inches, Multicolour)"
Household,3,"Lal Haveli Designer Handmade Patchwork Decorative Silk Floor Ottoman Cover Footstool From Handmade Expressions, a fair trade group sometimes all you need is one work of art to bring an entire room together. Silk fabric - they all lend a hand in giving this handcrafted ottoman its fantastic worldly flavor. Because each is handmade using recycled textiles, no two are exactly alike. Indian ottomans and floor pillows look great in any setting, and are a great and affordable way to add some comfortable seating for your guests!"
Household,3,Chilifry Wooden & Iron Rocking Chair (Multi-color) Rocking Chair Seat Folding This Rocking Chair Is Fully Portable & Easy To Dismantle. Easy To Carry From One Place To Another. Relax Your Back Pain & Heals Your Mind While Rolling On It.
Electronics,2,Punta 15.4 Led Monitor with HDMI 15.4 Led HDMI and VGA Input Size - 39.1cm
Household,3,Zessta Tyre Dresser (250 ml) Zessta tyre dresser is ideal for an automobile owner who wishes to keep his or her vehicle clean. Zessta tyre dresser powered by German technology offers super rich shine that does remain for a long period of time. It even helps you in nourishing the tyre to safeguard the fluctuations in tyre temperature at high speeds.
Household,3,Sai Mosaic Art Pastel Mix tumble dark blue Small glass mosaic tiles in beautiful assortment of pestal colour family.
Household,3,Wisdom Seatings Visitor Stacking Chair (Black) We are leading manufacturers focused on providing great furniture. Check is our priority and we do check before.
Books,0,"Computer Security, 3ed About the Author Dieter Gollmann: Technical University of Hamburg-Harburg"
Clothing & Accessories,1,"BODYCARE Snowhite Printed Panty for Girls Pack of 6 from Bodycare Brings a new collection of Disney Printed Girls Panty Pack of 6, 100% cotton fabric with attractive design and stylish trendy look."
Household,3,"Bluewud Freddie Dressing Table with Shelves, Mirror and Hanging Hooks (Wenge) Color:Wenge   Bluewud designs, manufactures and markets range of innovative and contemporary furniture and home decor products. Our designs complement and connect with our consumers' lifestyle, imagination and aspirations. Our manufacturing facility in India is located in Noida, Delhi NCR which is completely equipped with state of the art machinery."
Household,3,DesignMe Covers Sets Seat Mat for Dining Chair (Pink)-Set of 6 Chair covers made of the beautiful colorful pattern which is attractive and brings joy to the people around. This cover does not let the seat cushions get dirty. Completely washable. Now you can be comfortable with your kid who is learning to eat. Made up of foam on the inside with piping all around to gives a sturdy and long life to the cover.
Household,3,"Electric Portable Mini Dehumidifier for Damp, Mould, Moisture in Home, Kitchen, Bedroom, Office, Bathroom 250ml/Day Extraction Capacity *** Promotional Price ***"
Electronics,2,Apple leaders Printer Dust Cover for HP Laserjet Pro P1108 Printer Apple leaders Printer Dust Cover for HP LaserJet Pro P1108 Printer
Clothing & Accessories,1,"Chalk By Pantaloons Boys' Regular Fit Trousers Khaki colored solid trousers, featuring full length, buttoned closure and regular fit pattern. Made from cotton fabric for maximum comfort."
Books,0,"FHD2-Foundation Course in Hindi-2 This help book is published by Neeraj Publications based on IGNOU Course which includes previous years question papers, Important guess question, chapter wise summery, revision, notes, chapter wise important study material to get best marks in IGNOU Examinations. You can buy this with confidence and for any help or query please WhatsApp on 8860964743"
Household,3,"Forzza Elly Kid's Rocking Chair (Matt Finish, Yellow) Color:Yellow   Made for kids, this rocking chair is very comfortable and adds color to your space. Made in birch ply wood pressed together, this chair is highly durable without losing functionality and aesthetics. The frame can be wiped with a soft damp cloth. Avoid using sharp objects that can scratch the surface or tear the fabric. Keep away from sunlight. Delivered in a knock down state. Assembly will be provided by the seller. Adult supervision is recommended."
Clothing & Accessories,1,"DIGIMART Girl's Red Cotton Crepe Stripe Printed Frock (SBNGC0422, Size:30)… DIGIMART brings to you this Stylish yet Comfortable Boy's Solid Kurta and Dhoti with Dupatta Set. Adorn it for a perfect Classy & Trendy look. Pair it with a juti or a mojari for the Royal feel."
Books,0,"Practice Sets The Oriental Insurance,The New India Assurance, National Insurance,United India Insurance Administrative Officers (Generalists) Preliminary Exam. (Scale-I)"
Books,0,GMAT Official Guide 2018 Quantitative Review: Book/Online (Old Edition) 
Books,0,"Clinical Pathology, Haematology and Blood Banking (for DMLT Students) Clinical Pathology Haematology & Blood Banking For Dmlt Students"
Electronics,2,AmazonBasics USB Type-C to USB 3.1 Gen1 Female Adapter - Black Colour:Black   An Amazon Brand.
Electronics,2,Tantra MAGICO Smart Mini 3-in-1 Bluetooth Receiver for Stereo/Headphone/ Car/Home Theatre/Wired Speakers/Bluetooth Adapter with Clip and Mic for Handsfree Call and Music
Clothing & Accessories,1,"FNocks Casual Ankle Length Slim Fit Women Jeans (Blue Black & Grey) 28 30 32 34 36 If You Are Looking To Be A Trend Setter When You Go Out to the fanciest of occasion FNocks Brings For You Just The Range Of Denims That Gives You Stylist Looks with Comfort. Presenting The Blue Colored Low Waist Ankle Fit Denim. The Fabric, The Stretch, The Finishing, The Look And The Price All Are Perfectly Tagged For This Product. If You Believe In Authentic Then This Is The Right Choice For You."
Household,3,"Asian Hobby Crafts Cotton Candle Wicks Thread (3 Inch) Pack of 50 Color:3"" 50pcs   Asian Hobby Crafts candle wicks are pre tabbed and pre waxed wicks used for candle making. Available in 3"", 5"" and 7"" sizes for you to choose from according to your requirements. Low smoke production guaranteed. Made from braided cotton and firm base."
Electronics,2,Parallel Universe Micro USB to USB Type C Adapter (White)
Clothing & Accessories,1,"SRI Girl's and Women's Party Waist Belts (SRI-LBF-002, Gold with Red, Medium) Sleek and truly feminine, this red golden belt from the collection of SRI makes for a great pick against your valuable currency. Made from ametal material, this belt is light in weight and durable in nature too. Further, it comes up with an excellent finish and attractive make that will appeal the style loving women out there. Perfect for party wear, this belt will go well with a variety of your outfits."
Clothing & Accessories,1,"Summer Infant Keep Me Clean Disposable Potty Protectors Travel Pack, (Multicolor, 10 Count) Size:One Size   Keep me clean potty protectors provide a convenient hygienic solution for public restrooms. These toss away protectors are extra large to fit any toilet and have adhesive backing to secure it in place."
Clothing & Accessories,1,Tinted Men's Cotton Sinker Hooded Waterfall Full Sleeve Cardigan Tinted takes cares of all off you no matter to which genre they belong. For those who love to include in their wardrobes nothing but the best possible trends which represent their style statements Tinted showcases in its collection hooded and front open long-line cardigans made of cotton blend which can get along with almost all your casual wears really well. They not only complement each of your apparels but also alleviate their over-all look to a whole different level.
Electronics,2,AmazonBasics USB 3.1 Type-C to Ethernet Adapter - Black
Books,0,Fundamentals of Computer Security 
Clothing & Accessories,1,"FOOTPRINTS Cotton Socks for Baby (Multicolour, 3-5 Years) - Pack of 5 Footprints socks are made from pure organic cotton and eco-friendly fibers and colours. Perfect for 3-5 years, they are rid from harmful chemicals and coloured dyes which may cause harm to the super sensitive skin of your baby. Footprints socks are blended with eco-friendly fiber which does not allow bacteria to grow hence making them antibacterial. Key features 1. Organic cotton 2. Antibacterial 3. Antimicrobial 4. Anti-allergic- no skin rashes and irritation"
Household,3,"BOXO Decorative Gift Basket for Anniversary, Birthday Gift, Wedding Gifts, Chocolate Basket, Fruits Basket, Gift Basket, Diwali Gifting, Pack of 1 (M1) BOXO Decorative Baskets for Function Formal Parties, Golden and Silver, 20 gm, Set of 4."
Books,0,25 Practice Sets SSC CGL Tier I Workbook 
Books,0,Peppa Pig: Little Library 
Books,0,Operating Systems Design and Implementat: Design and Implementation 
Household,3,Isomars Seam Ripper (SR04) - Set of 4 Isomars seam ripper in a set of 4 are meant for opening stitches for sewing and craft works. Easily removes wrong stitches without damaging the fabric. Small handy seam ripper comes with plastic cover.
Clothing & Accessories,1,"FunBlast Girl's Mickey/Minnie Ears Headband (Assorted Colour) - Pack of 2 FunBlast cute mickey/minnie headband hoop hair accessories, pink bow hairband/headband for girls, multicolour-lovely, pretty cute for your sweet girl great for little girls party favors or costume parties- material: non-woven fabric material colour: assorted multicolour, colour may vary. Quantity: 2 pcs."
Household,3,"Delta Children Diamond Tufted Gliding Ottoman, Flax"
Clothing & Accessories,1,Qube By Fort Collins Boys' Animal Print Regular Fit Polo (Pack of 2)
Household,3,"White Westinghouse 3-in-1 Dehumidifier with Air Purifier & Dryer WDE121 It’s a 3 in 1 Dehumidifier, along with air purifier or dryer."
Clothing & Accessories,1,Lee Cooper Girls' Cotton Shorts Girls shorts beige basic 5 pocket relaxed cotton.
Books,0,Introductory Microeconomics - Textbook in Economics for Class - 12  - 12103 
Household,3,"Amazon Brand - Solimo XL Bean Bag Cover Without Beans (Purple) Size:X-Large   Solimo bean bag covers are made from leatherette fabric which is double-stitched with superior seam and tear strength. They are built to be durable, comfortable and are a great addition to the contemporary home. The covers come with a 1-year limited warranty against manufacturing defects."
Household,3,"Painting Mantra Synthetic Wood Art Street Tropical Framed Canvas Art Print (11 X 13 inch, Green) Color:color - green|| theme - tropical green   Make a blank space pop with rad art prints. Better yet, start a gallery wall and mix art prints, posters, canvas prints and framed prints of all sizes to elevate your space with the design. This art print is printed on gallery canvas natural white color, matte, and ultra smooth texture. Box frame used which highlight the print even more."
Household,3,"Symphony Jumbo 51-Litre Air Cooler (White)-For Large room Product dimension: 655mm x 634mm x 773mm always allow for cross-ventilation in your area/room, else cooler won't work effectively dura-pump technology, large pad area for superior cooling and powerful 18-inch fan cooling area (mtr.3/Ft.3): 113/4000 Capacity: 51 liters warranty: 1 year on product power: 185 watts; operating voltage: 110-230 volts"
Books,0,"International Relations About the Author Dr V N Khanna retired as Reader in Political Science at Deshbandhu College, University of Delhi. In his long career spanning more than four decades, he has been involved with student development activities and was, for some time, the Principal of his college."
Household,3,RjKart Sheesham Wood Writing Study Table for Home and Office | Study Dask | Honey Finish Color:Honey finish 1   Sheesham wood study table with double deck hutch on top. Table has ample storage space and is fit for use in households as well as offices.Rich looks and robust design are inherent to this study desk. Ample width and storage makes it perfect to manage your office/study area in a clutter free manner.Refer to the images for details of dimensions.We encourage self assembly of products to help customers better & completely understand the product they buy.
Books,0,"Organic Shastra Biryani Masala 150g The most aromatic of them all, Biryani Masala is a surreal blend of whole spices lightly roasted and powdered. Used especially for biryani, the masala powder adds not just flavour but the subtle aroma that characterizes a perfect dish of biryani. The blend is similar to ‘Garam Masala’ but it is not very spicy.. The magic ingredients of Biryani Masala include cinnamon, cardamom, cloves, fennel, etc"
Books,0,"What Are You Doing with Your Life? Review ""One of the five saints of the 20th century""""The meaning of Krishnamurti for our time is that one has to think for oneself and not be swayed by any outside religions or spiritual authorities""""Krishnamurti influenced me profoundly"" 				    	 					 Book Description Krishnamurti explains how to make the best choices in life. He is one of the greatest thinkers of the 20th Century. 				    	 					              See all Product description"
Clothing & Accessories,1,"Kerala traditional colour mundu for men, 100% pure cotton men""s dhoti. kerala traditional mens kavi mundu is very famous for festivels and functions.Looms of balaramapuram kerala is very famous for cotton products such as sarees,mundu,set saree.etc.."
Clothing & Accessories,1,Kuchipoo Kids Sleeveless T-Shirt
Electronics,2,"Ikall N4 Tablet (7 inch, 16GB, 4G + LTE + Voice Calling), Black Sales Package: Tablet, earphone, charger, user manual, 4g Volte supported; Operating system: Android 6. 0 marshmallow, 1. 3 Ghz quad-core processor, 7 inch display, 1024 x 600 pixels resolution; Camera: 5mp primary camera, 2mp secondary camera, dual sim, 3000 mAh lithium-ion battery capacity; Memory: 1GB RAM, 16GB internal memory which can be expandable upto 32GB;1 year warranty."
Clothing & Accessories,1,"Unisex Winter Knit Fingerless Gloves Arm Warmer with Thumb Hole Color: Black, white, dark grey, light grey, coffeeMaterial: Wool and acrylicSize: L*W: 16*6cm(6.30*2.36in), suitable for adult women & menPackage Includes: 1 (pair) x Thumb hole glovesNote:- Please refer to the measurement. Tiny measuring error is allowable in normal range.- There might be a little color difference due to the monitor, camera or other factors, please refer to the physical item.Package Including1 (pair) x Thumb hole gloves"
Household,3,Coleman Broadband Quad Chair with Cooler Coleman Oversized Quad Chair with Cooler
Books,0,A Collection of Nursery Rhymes: Over One Hundred Classic Rhymes to Treasure (Cute as a Button) 
Books,0,"Complete Garden Planning Book About the Author Peter McHoy is a well-known author and journalist. He started his career as a seed analyst, but soon moved into magazine journalism so he could share his enthusiasm for plants and gardens with others. He has written more than 60 books, and he contributes regular gardening features for a number of magazines. He has compiled and edited important gardening works such as The Gardening Encyclopedia and The Gardener's Diary. He also runs a horticultural photographic library."
Clothing & Accessories,1,US Polo Kids Boys' Plain Regular Fit T-Shirt boys-polo t-shirt-hs strp clr tee-med yellow-fashion
Clothing & Accessories,1,"BODYCARE Mickey Printed Boys Brief Pack of 6 from Bodycare Brings a new collection of Boys Vest Pack of 6, 100% cotton fabric with attractive design and stylish trendy look."
Household,3,Castor Tower Fan with 25 Mtrs Air Delivery & Anti Rust Body (Green)
Household,3,TCLPVC Economy Bamboo Blind Chick Window Closer Curtain  (4 Sizes) Natutal Range… (W4/H7) Tclpvc Economy 4/7 feet Bamboo Chick Window Closer - Curtains For Balcony - Windows - Outdoors - Door - Kitchen - Home - Office - Hotel - Resorts – Blinds - Shades – Screens - Patio Umbrellas - Canopies - Shade - Sunscreen Fabric - Screens - Protection - Balcony Privacy - Protective Screens - window blind curtain – Verandas - Public Areas - Door Curtain - Fly Screen - Divider Room US - 1003
Electronics,2,"PRO365® Economical Mobile Stand 180 Degrees Rotation Multi Angle View (Black) PRO365 Mobile Stand is sold only and exclusively by PRO365. Other sellers will be removed and attract infringement notices.PRO365 Mobile Tablet Stand Holder comes with Cushion Pad with Rotation 270 Degree and is coated with a special material to give you both grip and feeling and comfortable access to your phone.MATERIAL: Plastic, Waterproof Material, Ideal to keep on Desks, Washrooms or Dining."
Clothing & Accessories,1,Mothercare Baby Boys' Sleepsuit
Household,3,"Fourwalls Beautiful Artificial Tulip Bunch (40 cm, 9 Flowers, Rani)"
Clothing & Accessories,1,"Tex Homz Unisex Cotton Anti Slip Cotton Loafers No Show Socks (Multicolour, Free Size) Pack of 6"
Electronics,2,Generic DIY 3D Printer Electronic Motherboard Independent External SD Card Module for Motherboard Supporting with Dupont line 3D0116 As per the product
Books,0,Munish Bhandari's Corporate And Allied Laws latest edition for CA Final Old Syllabus May 2019 Exams With 1300+ MCQS( With Answers & Reasons)
Books,0,"Red Hat Enterprise Linux 6 Administration: Real World Skills for Red Hat Administrators About the Author Sander van Vugt is an independent technical trainer, consultant and author having authored numerous titles on Linux. He has been using Linux almost since its inception having first used it in 1992. He currently spends much of his time travelling around the world teaching Linux including Red Hat. He is also a regular contributor to such publications as searchenterpriselinux.com and a frequent speaker at the leading Linux conferences."
Books,0,"Anthropology, 12e "
Books,0,"Pyjamas are Forgiving About the Author Twinkle Khanna is one of India’s top-selling writers and the author of two national bestsellers, Mrs Funnybones (winner of a Crossword Book Award 2016) and The Legend of Lakshmi Prasad. She is one of Times of India’s most read columnists and has won numerous awards, including India Today Woman Writer of the Year, Outlook Award for Most Inspiring Woman of the Year and Vogue Opinion Maker of the Year. She is the founder of Mrs Funnybones Movies and in 2018 produced the highly acclaimed film Pad Man. Khanna lives in Mumbai with her family."
Books,0,Tribal India by Nadeem Hasnain Product Condition: No Defects.
Books,0,"Penguin Classics Paradise Lost About the Author John Milton (1608-1674) spent his early years in scholarly pursuit. In 1649 he took up the cause for the new Commonwealth, defending the English revolution both in English and Latin - and sacrificing his eyesight in the process. He risked his lifeby publishing The Ready and Easy Way to Establish a Free Commonwealth on the eve of the Restoration (1660). His great poems were published after this political defeat. John Leonard is a Professor of English at the University of Western Ontario.From the Trade Paperback edition."
Clothing & Accessories,1,"Bonjour Girls' Knee-High Socks (Pack of 5) Cute, cosy and above all, comfortable for delicate baby feet, these pastel shade Bonjour Kids Softy Comfy Socks , with anti-slip fabric in the socks, terry loop cushioned linings and Standard toes for smooth seams that cosset and care for those sensitive little toes.These sweet, socks with their little shoe top design in different colours look fancy , reinforced at stress areas, properly shaped for tiny feet."
Electronics,2,"Cooler Master Silent 120 SI2 (4 in 1) Cooling Fan (R4-S2S-124K-GP) Size name:120mm   Case cooling is becoming more essential these days. The better airflow inside your system, the cooler and more stable system you will get.  Higher air flow to enhance cooling performance. Ultra silent operation at 19 dBA. Economic solution for perfect performance. RoHS compliance for protecting the environment."
Household,3,Smart Shelter Super Strong Folding Rest/Relax Outdoor and Indoor Chair(with Foam Padded Cushions) (100% Metal Body) Smart Shelter Folding Relax Outdoor and Indoor Chair is the perfect way to relax. Its super strong design makes it the most durable chair available in the market. The chair comes with 2 padded cushions for great comfort. Its unique foldable design makes it Indoor as well as Outdoor use chair.
Electronics,2,CrossBeats Mini Bluetooth Receiver with 3.5mm Aux Adapter and Wireless Car Kit (Silver)
Household,3,Encore Decor Solid Sheesham Wood Counter/Bar Cabinet for Living Room - Black Contemporary Furniture Reflects Designs That Are Current Or En Vogue. It Does Not Necessarily Reference Historical Design Styles And Often Provides A Feeling Of Everything In Its Place. Furniture Bought Is Shipped For Free And Comes With A 1 Year Warranty Against Any Manufacturing Defects.
Books,0,"Indian Political System About the Author Mahendra Prasad Singh retired as a Professor and Head of the Department of Political Science and Dean of Faculty of Social Sciences, University of Delhi. He has also served as Director at the Indian Council of Social Science Research, New Delhi. He is presently the editor of the Indian Journal of Public Administration, IIPA, New Delhi. Himanshu Roy is Associate Professor of Political Science, DDU College, University of Delhi. He was Fellow, Nehru Memorial Museum and Library, Teen Murti, New Delhi."
Electronics,2,AmazonBasics Adventure Laptop Backpack - Fits Up To 17-Inch Laptops
Clothing & Accessories,1,"Twist Fab Infant Kids Lower Track Pant, Cotton Pajama with Bottom Ribs Pack of 6 (Multicolored) These are made from 100% cotton, Comfortable and Soft Lower for your little one, Good quality elastic is used for comfort of baby Available in multi color For giving a stylish and casual look available in multi sizes."
Electronics,2,"HP Odyssey L8J88AA Backpack for 15.6-inch Laptop Colour:Black   The HP 15.6-inch Montego Backpack provides dedicated notebook and tablet storage, comfortable padding, multiple straps and pockets, and distinctively noticeable colour."
Electronics,2,Synology DiskStation DS718+ Network Attached Storage Drive (Black)
Electronics,2,SanDisk Ultra Fit USB 3.1 Flash Drive 32GB Size name:32GB   SanDisk ultra fit USB 3.1 32GB - small form factor plug and stay hi-speed USB drive.
Books,0,Know Your Personality 
Electronics,2,"SToK ST-10SC Strip Cut Shredder for 5 A4 Sheets SToK Paper Shredder will shred 5 sheets at once. It has 7L wastage bin where all the shredded wastage can store. This device has Auto Start/ Off /Clear /Reverse features. This device is very easy to use and perfect for your Home & Office. For better result, please give 30 min of rest to machine at least after 2 minutes of usage"
Clothing & Accessories,1,Creature Men's Cotton Calf Length Formal Socks Combo of 3(SCS-11.1) These socks are crafted from 100 percent combed cotton and hence will keep your feet comfy and cozy all through the day. Get the Ankle with these extremely discreet Ankle socks from Creature. The socks not only help you look good but also enhance the life of your shoes while keeping your feet clean and fresh.
Clothing & Accessories,1,"Satyam Kraft Men's PU Leather Belt(Black) This belt acts as the perfect accessory to complete your look and make you stand out. Featuring an elegant design, this men's belt is long-lasting, light weight and made of fine quality fabric. This belt is made of superior soft fabric to provide you a good accessory for everyday use."
Books,0,"Advanced Educational Psychology About the Author The author, Ph.D., is a Professor and head of depatment of post graduate studies at CR college of education, Rohtak, Haryana"
Clothing & Accessories,1,"Krystle Boy's Woolen Cotton Warm Winter Hat Knit Cap with Inside Fur Beanie (Black) Your Wardrobe Is Incomplete Without This Imported Warm Casanova Series Cap From The House Of Krystle! Truly A Unique Design, This Awesome Product Is Created From Wool Outside & Inner Layer Is Created From Fur For Extra Warmth. Couple It With A Jacket To Grab The Attention Of Onlookers! Recommended Dry Clean!"
Household,3,"Whirlpool - Wall Mount for Outdoor Unit of Split Air Conditioner Whirlpool wall mount is made from virgin steel, is comes with Fasteners, nuts, bolts and washers. Load capacity is up to 2 ton, powder coated paint for longer life."
Books,0,Case in Point 10: Complete Case Interview Preparation 
Books,0,"CURRENT DENTAL EXAMINATION-2017 Latest Solved AIIMS, PGI & UPSC Papers Memory-Based Authentic Qs with Concept-Based Explanations with References 200+ Image-Based Qs based on New Exam Pattern A Unique Companion in Your MDS Preparation"
Household,3,"Spread Spain Metallic Gold Wheeled Serving Cart with Finials Chrome Trolley Store and move things easily with this service trolley. The trolley has two trays, which are made of glass. The frame of the trolley is made of steel, and the trolley has two small caster wheels and two bigger wheels at the base to move the trolley with ease"
Books,0,Physics for Joint Entrance Examination JEE (Advanced) Electrostatics and Current Electricity 
Household,3,AMERICAN MICRONIC Replacement Filter Set for Air Purifier AMI-AP1-22Dx This is the original Replacement filter set for American Micronic Air Purifier AMI-AP1-22Dx. There is no return or replacement policy on this product.
Clothing & Accessories,1,"ahhaaaa Kid's Denim Dungaree with T-Shirt (1-5 Years) ahhaaaa brings exclusive winter range for little infants. The range has been carefully crafed keeping the comfort of your delicate baby. So, grab this dungaree with t shirt and make you little baby centre of attraction this festive season."
Clothing & Accessories,1,"Maniac Women's Fleece Sweatshirt Step out with friends on a chilly evening, make sure you look your stylish best wearing this black coloured sweatshirt from Maniac. Besides being visually appealing, this slim-fit sweatshirt is comfortable and warm too, courtesy its cotton fabric."
Electronics,2,"CIRCLE CG-16XB 120mm 15 LED Silent Cabinet Cooling Fan (Blue) Colour:Blue   Input (Watt) : 3.36 ± 10percentW R.P.M : 1650 ± 10percentRPM Air Flow : 59.6CFM Air Pressure : 2.67mm H2O Noise : 25.7 dBA Weight : 132G Fan life Expectancy : 50,000 hours Bearing Type : Hydraulic Long-life sleeve Screws: 4 Connector : 4-pin and 3-pin LED number : 15 LED Dimension : 120x120x25mm Now GIVE your computer a trendy makeover with high performing LED Fan and keep the 'cool' quotient high."
Household,3,Usha Duos Mist Air 400mm Table Fan (Purple) Aerodynamic PP blades for better air delivery with low noise Dual colour design with attractive and decorative style Jerk-free & uniform oscillation Soft hand tilting mechanism with dual options - knob & ratchet type mechanisms Fuse to auto-protect motor during thermal overloading 2 Years Standard Warranty
Household,3,"DivineCount White Clay for Sculpture and Pottery 1kg Pack clay to make sculptures, idols, super white pure natural clay.Easy mouldable clay with no grits and foreign particles suitable for Architectural workshops and school projects. please Give rating and feedbacks."
Books,0,Travel Between the Lines Coloring Mexico: An Adult Coloring Book for Globetrotters and Daydreamers 
Books,0,Cambridge English: IELTS 11 Academic with Answers 
Household,3,"Palo Ergonomic & Adjustable Angle Foot Rest For Office & Home Color:PALO001   Made of High Impact Polystyrene Rubber padded backing keeps footrest in place Design to reduce muscle strain and fatigue, is ideal for home and office use"
Clothing & Accessories,1,"Mothercare Baby Boys' Sleepsuit (Pack of 3) These gorgeous pack of 3 sleepsuits have been designed in a soft and cosy cotton for a comfortable night's sleep, The poppers are nickel-free to prevent irritation on your baby's delicate skin. The feet are enclosed for warmth and they have our toe safe design which prevents threads wrapping around tiny toes."
Electronics,2,"AC Power Cord Cable 6FT for AOC Computer Monitor with Life Time Warranty This premium Huetron Cable is manufactured using superior materials for reliable performance. The high-quality connectors are molded for durability and feature integral strain relief that gives the cord extra flexibility, reduces stress, and helps the cord and connectors move freely without cracking. This SJT power cord has three 18 AWG conductors and a 10-amp rating."
Household,3,Softline-Pro SP26 Foot Rest Suitable for Classical Guitar Foot Rest Suitable for Classical Guitar
Clothing & Accessories,1,Fourgee Women's Slim fit Jeans (cloud wash) FOURGEE as a brand which brings you quality and affordability. We take pride in our commitment to maintain quality standards in each piece that is marketed by us. Every FOURGEE piece embodies the perfect balance between aesthetics and functionality.
Household,3,"DecorNation Carissa Solid Wood Set of 3 Nesting Table (Sheesham Wood, Brown)"
Books,0,Objective NCERT at Your Fingertips for NEET-JEE - Physics 
Household,3,"3M 4-Watt Ultimate Dresser, 250 ml Restores that deep black new look to tires and restores a deep rich natural appearance to exterior rubber bumpers or vinyl moldings. Cleans and rejuvenates."
Books,0,"Family Store Printed Designer Wire Bound Ruled Paper Sheets (300 Pages) Personal And Office Stationary Notebooks & Diary Notebooks for the love of writing. Beautiful designs outside, matte finish sheets inside.Write, draw, work, whatever you do, you will never forget to leave your beloved notebook behind. This notebook combines utility with style. Size: A4 No. of pages: 500Cover: Multi color with matte lamination Inside: 80 gsm super high quality sheets."
Electronics,2,"10x Computer Motherboard Power Cable Switch on/off/Reset Button Replacement Description: p>Replace a broken power switch cable or design your own case mod with this on/off switch cableFits onto your motherboard's power switch and reset keyGreat item for case mods and on/off buttons. Wire length: approx. 45cm/17. 7 inchUsage: on/off switch port connected the panel, and then you can use itIt can be use as reset key in other situationPackage includes: p>10 x power reset button cable."
Electronics,2,"Quantum QHM6056B Thin Client (Black) Sl, microphone - condenser type, cord length - 6 feet (1.6m), cable length - 6 feet (1.6m), connector - 3.5mm stereo plugx18."
Household,3,MBTC Octave Office Executive Visitor Chair in Black ❖BONDED LEATHER OFFICE CHAIR: This executive chair upholstered in bonded leather which provide ultimate comfort sitting experience. The high back design gives you maximum lumbar support for comfort and convenience. The chair has soft padding and waterfall seat edge for less pressure on the back of your legs so you can stay comfortable even when you have to sit down for hours
Electronics,2,"APC BX600C-IN 600VA, 230V Back UPS Battery backup and surge protector for electronics and computers. The Back-UPS battery backup offers guaranteed power and surge protection for wireless networks, computers, gaming consoles and other electronics in your home or business. Models supply battery backup during outages and unsafe voltage fluctuations, as well as provide protection from damaging surges and spikes. They're available in tower or floor styles and together with a variety of standard features, they are the perfect choice to protect your data and keep you connected"
Household,3,Fursure Upholstered 5 Seater Sofa Set (Brown) (3+1+1) Modern Style & BMW Fabric Material Size:Standard                                                                                 |                            Color:Brown   Assembly Required: DIY. Seater 5 Seater. Package Include - One 3 Seater + Two 1 Seater. Cushions are not included in it.
Books,0,"MONEY Master the Game: 7 Simple Steps to Financial Freedom About the Author Tony Robbins is a philanthropist and #1 New York Times bestselling author. He lives in Palm Beach, Florida."
Clothing & Accessories,1,Galiva Boys' Cotton Extra Soft Low Cut Cushion Socks - 3 Pairs
Electronics,2,Nandhi Universal Black Sporty Car Antenna Car Antenna Will Fit For All Your Cars And Suv For Better And Sporty Look'S Stylish Embossed Full Metal Antenna For Your Cars And Suv Adjustable Up To 180° And Also This Has Allen Key For Easy Installation So You Can Do It Yourself (Diy). And This Sporty Antenna Can Be Install For Bonnet Or Boot Door (As You Like)
Electronics,2,TP-LINK Archer T1U Wireless AC450 Nano USB Adapter Style name:AC450   AC450 Wireless Nano USB Adapte
Books,0,International Organization and Bilateral Relations for UPSC and State Civil Services Examinations About the Author PrepMate.
Clothing & Accessories,1,SR Kids Wear Boy's Cotton Ribbed Neck T-Shirt - (Pack of 6)
Books,0,"A Century is not Enough: My Roller-coaster Ride to Success About the Author Sourav Ganguly is a former Indian cricketer and former captain of the Indian team. In 2002, the Wisden Cricketers' Almanack ranked him the sixth greatest ODI batsman of all time. He is one of the only three players, in Indian cricket history, to have played more than 100 tests and more than 300 ODI. Sourav Ganguly currently heads the Cricket Association of Bengal. A Padmashree Award winner, Sourav was awarded the Banga Bibhushan Award in 2013. This is his first book, co-written with Gautam Bhattacharya."
Clothing & Accessories,1,BabyGo 4Pcs/Set Princess Hair Accessories Crown Wig Magic Wand Glove for Kids Girl Party BabyGo 4Pcs/set Princess Hair Accessories Crown Wig Magic Wand Glove for Kids Girl Party
Electronics,2,NISUN External Optical Drive USB 2.0 CD/DVD-RW(Read-Write) Drive for Laptop and Desktop PC -Black
Electronics,2,TP-Link Archer T2UH AC600 High Gain Wireless Dual Band USB Adapter Style name:AC600-High Gain   Wireless AC600 HG DB USB Adapt
Household,3,"Artesia Handcrafted 4 Panel White Wooden Room Partition/Divider Handmade by skilled craftsmen with traditional antique style burnt wood finish (hand buffing). Size: 72 (Height) x 72 (Front length) in inches approx. 4-panels, each panel is 72 x 18 inches. Can be customized as per required size as we are the manufacturers. Please note that the size and color of the unit may vary slightly as this is a handcrafted unit."
Electronics,2,ASUS EX-A320M Gaming AMD Motherboard CPU AMD AM4 Socket for AMD Ryzen/ AMD Ryzen 2nd Generation/Ryzen with Radeon Vega Graphics/Ryzen 1st Generation/7th Generation A-series/Athlon X4/Athlon Processors Supports CPU up to 8 cores. The maximum memory frequency supported varies by processor Graphic Integrated Graphics in the AMD Ryzen with Radeon Vega Graphics/ 7th Generation A-Series APU Multi-VGA output support: HDMI/DVI-D ports - Supports HDMI with max. Resolution 4096 x 2160 @ 24 Hz - Supports DVI-D with max. Resolution 1920 x 1200 @ 60 Hz Maximum shared memory of 2048 MB (for iGPU ).
Electronics,2,"IJARP 3D Printer Mini External Memory Card Module with Connector Cable for SD Card Description:3D printer parts SD expansion module connecting cableIt can be connected independently to solve the problem of changing the installation position of the SD card slot of the machine because of the fixing of the main board.Also, U disk can handle this by lengthening USB.3D printer SD external card slot 2.8-inch Suitable for 3D PrinterBrand new and high qualitySpecification:Color: BlackMaterial: PCBSize: approx. 4.5*4.7*0.5 cmPackage Includes:1x 3D Printer Card Module for SD Card1x Cable"
Household,3,"Royaloak Airport Three Seater Chair (White and Silver) This Royal Oak visitor chair is made of metal and has a chrome finish. The three seater visitor chair will make for a good addition to your office. The chair has a comfortable design, solid build and superb value."
Books,0,"McGraw-Hill's LSAT Logic Flashcards About the Author Grupo SM is the third-largest educational publisher in the Spanish-speaking world. They have sold more than 25 million books worldwide, including primary and seconary textbooks, children's and teen literature, and reference books."
Household,3,Usha Striker Galaxy 1200mm 80-watt Goodbye Dust Ceiling Fan with Anti Dust Feature (Bright Gold) Usha striker galaxy goodbye dust ceiling fan comes with hydrophobic feature (water resistant) and oleo phobic property (oil resistant ) which attracts lesser dust . Additional feature is that it is easy to clean and required less frequent cleaning. Therefore it improves overall hygiene. This provides new look to the fan with every clean.
Clothing & Accessories,1,Cherokee by Unlimited Boys' Regular Fit Jumpsuit Cherokee apparel junior dungaree. It is made of 100% cotton twill fabric with solid pattern.
Household,3,Shubhkart Pure Desi Ghee Wicks (100 Wicks)
Household,3,"Italica Furniture - Armchair and Table Combo - Indoor and Outdoor Furniture Set  (9408 & 9503, Brown, Set of 4 Chairs)"
Household,3,"Forzza Regina Bookshelf Tallisa Oak,Dark Oak Color:Dark Oak   The Regina bookshelf is made in high quality engineered wood. The classic design and form ensures that it can be placed in any foyer or room. Its sheer elegance will ensure that you never regret your purchase. Available in two other colors."
Electronics,2,"APC UPS Model: BR1000G-IN 1 KVA Battery Backup APC BR1000G power saving Back UPS RS system (output power capacity: 1000VA/600W, 8 outlets-4 UPS."
Electronics,2,10 PACK Black Printer Ribbon for EPSON ERC-09B 10 PACK Black Printer Ribbon for EPSON ERC-09B
Electronics,2,"Circle Stay Cool CG-12 120MM Red LED Case Cabinet Fan Colour:Red   Voltage: 12V(Dc) Current (Amphere): 0.15+10%A Input (Watt): 1.8 ± 10%W R.P.M: 2000Rpm ± 10% Air Flow: 90Cfm Air Pressure: 3.04Mm H2O Noise: 19 Dba Weight: 163G Bearing Type: Hydraulic Long-Life Sleeve Fan Life Expectancy: 50,000 Hours Connector: 4-Pin And 3-Pin Shock Proof /Screws: 4Pcs Led Number: 4Led Dimension: 120X120X25mm."
Clothing & Accessories,1,"Country Kids Little Girls' Organic Ped 3 Pair TeeHee Socks is proud to provide for all your sock needs! We work with mostly cotton in order to keep our socks soft and warm for all seasons. If you have any problems with our socks, please let us know and we would be happy to work with you to resolve the problem. We hope you enjoy your purchase!"
Books,0,Operating Systems: Design And Implementation (With Cd) gg
Books,0,GATE 2019: Electrical Engineering - Previous Solved Papers 
Household,3,"Craftatoz Mango Wood Coffee and Centre Table, 15x15x15 Inches (Black) Craftatoz Mango Wood Coffee and Centre Table, 15x15x15 Inches, comes in Black colour."
Books,0,Our Mathematical Universe: My Quest for the Ultimate Nature of Reality
Electronics,2,"HP 20-c417in AIO 2018 19.5-inch All-in-One Desktop (Celeron J4005/4GB/1TB/Windows 10/Integrated Graphics), Black Whether your family is looking to surf, stream or tackle that next big assignment, this budget friendly All-in-One has been redesigned to give everyone what they need. A splash of color and reliable, trusted performance make this the perfect living room go-to."
Books,0,Success Through a Positive Mental Attitude 
Electronics,2,"Antec Cpu Cooler Fan Compatible With: Intel Socket Lga 775/1150/1155/1156, Amd Socket Fm1/Fm2/Am3+/Am3/Am2+/Am2 Antec Cpu Cooler Fan Compatible With: Intel Socket Lga 775/1150/1155/1156, Amd Socket Fm1/Fm2/Am3+/Am3/Am2+/Am2. Seamless Heat Pipe Fitting Cpu Technology, 9Cm High Quality Led Fan, 43*86Mm Over Sized Cooling Area And Adopt High Quality Heat Pipe For Stronger Heat Dissipation. Cpu Cooler Size: 116*80.6*122.5Mm Textures: 2*6Mm High Efficiency Copper Heat Pipe + Aluminum Fins. 1750Rpm ±10% . 36Cfm."
Electronics,2,ASUS Cerberus GeForce GTX 1050 Ti 4GB OC Edition GDDR5 Gaming Graphics Card (Cerberus-GTX1050Ti-O4G) Size name:GTX 1050 TI                                                                                 |                            Style name:CERBERUS GTX 1050 Ti 4GB OC   ASUS Cerberus GeForce GTX 1050 Ti OC Edition 4GB GDDR5 with rigorous testing for enhanced reliability and performance.
Household,3,"DeckUp Cove Bookshelf (Dark Wenge, Matte Finish) Assembly required: the product requires basic assembly and comes with diy (Do-It-Yourself) assembly instructions"
Books,0,"The Secret of Secrets: The Secrets of the Golden Flower About the Author Osho is one of the best-known and most provocative spiritual teachers of our time. The Sunday Times has named him one of the ""1,000 makers of the 20th century;"" the novelist Tom Robbins has called him ""the most dangerous man since Jesus Christ.""More than two decades after his death in 1990, the influence of his teachings continues to grow, reaching seekers around the world. The author lives in Osho died in 1990."
Electronics,2,120mm Aluminum Alloy Stainless Mesh Fan Filter Dust Guard (Black) Description: aluminum filter with stainless mesh for 12cm PC Case Fan. olded Design - Provides larger surface area for dust blocking. r Metal Wires - Allows more air flow to pass through. um Filter - Super durable and easy cleaning. ust - Stainless Mesh to prevent rusting. >Specification: Color: Blackal: Aluminium AlloyApprox 120mm*120mm*2mm>Package Includes: 1X Dustproof Aluminum Stainless Mesh Fan Filter.
Household,3,"WI Color Indicating Desiccant Silica Gel (Blue, 1000g) Size:1 KG   Color indicating Silica Gel with de-humidifying properties can be effectively used to protect your photography equipment. Dust and smudges are not the only enemies of your lens and photography equipment. You need to fight fungus and moisture attacks as well."
Electronics,2,"Terabyte 10024N VGA Cable (Multicolor) Terabyte VGA Cable Male To Male HD15 PIN 4.5 Feet or 1.5 Meter for Computer Monitor, Projector, PC, TV Cord - Black."
Clothing & Accessories,1,"Chromozome Men's Solid Brief This brief is made from 100% premium cotton fabric, dual color, durable and soft high-tech centered waistband with attractive contrast feature and double layered contour pouch."
Household,3,Compatible Philips AC3256 3000 Series FY3432/00 NanoProtect Activated Carbon Filter for Air Purifier(Black)
Household,3,"Woodness Venice Dressing Table (Glossy Finish, Wenge) A tall mirror and plenty of storage make this dressing table a neat and functional addition to your boudoir. Two spacious drawers provide ample room for accessories and cosmetics, while multiple shelves and a glass panelled cabinet can be used to place essentials within easy reach. It comes with a leatherette upholstered pouffe with wheels. The shelves and doors are constructed with 16mm thick boards of engineered wood with polyurethane lamination. The drawers have plastic handles, and the backboard is 3mm thick."
Household,3,"NIKAVI Portable Chair - 2 PC & Table - 1 PC - Camouflage For Car,Trekking,Home & Office - Picnic Chair"
Books,0,Kiran’s BPSC (Bihar Public Service Commission ) Paper-1 & Paper-2 Main Exam Fully Solved Paper PWB - 2397 
Books,0,SBI PO Solved papers 2000 - 2017 Prelim and Main Exams 2018 - 2200 
Electronics,2,ECODEAL Organic Vermicompost Fertilizer - 1Kg. Organic Vermicompost Made with Earthworms from Decomposed Cow Dung and Organic Agricultural Waste.
Electronics,2,"JBL C200SI in-Ear Headphones with Mic (Mystic Blue) Colour:Mystic Blue   The new JBL C200SI is a dynamic, ultra-lightweight in-ear headphone. Its powerful 9mm drivers deliver the feel-it-in-your-bones bass response and legendary sound quality you expect from JBL. They’re feather-light for all-day comfort. An in-line microphone with universal remote control lets you talk and manage your calls on Android and iOS devices."
Books,0,JAIIB Practice Work Book JAIIB PWB Kit (Hardcopy Booklet) Detail : JAIIB Practices Work Book Kit (For all 3 JAIIB subject) Including 4000 Qus. Ans. on Principles and Practices of Banking+ Accounting & Finance for Banker+ Legal and Regulatory Aspects of Banking. Note:- The Previous Year Memory based Qus.+Ans. also contained in PWB KIT .
Books,0,"JAIIB 2019: Accounting And Finance For Bankers Question Bank (1000 Series) With Detailed Explanations @1000 specially designed questions, numericals and case studies @Strictly based on JAIIB Exam Pattern @Contains many memory based questions @Book can be easily finished in two weeks @Many case studies- since emphasis of JAIIB is shifting to case studies and numericals @Cant finish the theory and feel bored while reading theory? then this book contains many theory based questions @Book is updated from time to time"
Clothing & Accessories,1,"Tex Homz Unisex Mercerised Anti-Slip Cotton Loafer Socks (Grey White Blue Black, Free Size) - Pack of 5 Get the no-socks look with these extremely discreet loafer socks from Tex Home. The socks not only help you look good but also enhance the life of your shoes, while keeping your feet clean and fresh."
Electronics,2,NEW! Dina Wakley Media Tape 3/Pkg-Blank Dina Wakley Media Tape 3/Pkg-Blank
Books,0,"Think and Grow Rich (DELUXE EDITION) About the Author American born Napoleon Hill is considered to have influenced more people into success than any other person in history. He has been perhaps the most influential man in the area of personal success technique development, primarily through his classic book 'Think and Grow Rich' which has helped million of the people and has been important in the life of many successful people."
Electronics,2,Kensington Orbit K72337US Trackball Mouse with Scroll Ring (Black) All-day comfort and scrolling come together in the Kensington Orbit Trackball with Scroll Ring. The scroll ring allows you to fly through web pages and documents. And all while delivering comfort and space savings no mouse can match. PC and Mac compatible.
Clothing & Accessories,1,"RC. ROYAL CLASS SOFT ANKLE COTTON CUSHION SOCKS FOR KIDS(0-8 YEARS) (PACK OF 5 PAIRS) Ankle length Plain Solid terry/towel socks for kids (0-8 Years) made from super soft cotton yarn and spandex for elasticity. Terry/cushion inside the socks gives extra comfort to kids, gives a feel like walking on carpet, very smooth and soft socks for kids, made from pure cotton yarn."
Clothing & Accessories,1,"VINAB Regular Fit Cotton Vest for Boys(Pack of 5, White) A perfect product for your kid that gives the child comfort and good looking inside and shape outside a must have product for every school going kid."
Books,0,Rich Dad Poor Dad: What the Rich Teach Their Kids About Money - That the Poor and the Middle Class Do Not! 
Books,0,"Standard Wire Bound Manuscript Paper: Green Cover About the Author Founded in 1947, Hal Leonard LLC has become the worlds largest print music publisher, representing some of the greatest songwriters and artists of all time. We are proud to publish titles of interest to all musicians as well as music lovers, from songbooks and instructional titles to artist biographies and instrument price guides to books about the music industry and all the performing arts."
Clothing & Accessories,1,GIRLS DIGITAL PRINTED PEACOCK LEHENGHA GIRLS DESIGNER LEHENGHA CHOLI WITH PEPLUM TOP
Clothing & Accessories,1,US Polo Assn. Boys' Polo U.S. Polo Assn. Boys Blue T-Shirt
Electronics,2,"HP 22-C0010in 21.45-inch All-in-One Desktop (Intel Pentium Silver J5005/4GB/1TB/Windows 10 Home/Integrated Graphics), Snow White Whether your family is looking to surf, stream or tackle that next big assignment, this budget friendly All-in-One has been redesigned to give everyone what they need. A splash of color and reliable, trusted performance make this the perfect living room go-to."
Electronics,2,"TP-Link TL-UE300 USB 3.0 to RJ45 Gigabit Ethernet Network Adapter Style name:UE300   UE300 adds gigabit Ethernet network connectivity to those devices without Ethernet LAN port, such as Ultrabook or MacBook Air, through a USB 3.0 port, also being compatible with USB 2.0 and USB1.1 standard."
Electronics,2,F&D A521X 2.1 Channel Multimedia Bluetooth Speakers (Black) 2.1 channel multimedia Bluetooth speaker.
Clothing & Accessories,1,"eWools Women Ladies Girls Winter Wear Woolen Button Top Cardigans Sweaters (Lycra Cardigans) Look stylish wearing this Ladies sweater from the house of eWools.com. Made from 100% Acro Wool, this sweater will keep you comfortable and warm all day long. Featuring a trendy patterns, this sweater will fetch you innumerable compliments. This trendy Self cardigan is exclusively available for you this winters from our Autum-Winter 2017-18 collection. #eWools  #eWools.com #LudhianaHosieryOnline!! :)"
Household,3,"SNS Girls' Dress (Ba200146_Pink_3-6 Months) This Pink colour baby girl's clothing is made of Georgette and Jean, Fully lined to give a full princess effect to the skirt. Material: Georgette & Jeans (This Soft Dress material inside the garment so that babies don't get irritate while wearing) Size Map,Size Map, 3 - 9 Months = 18 Inches Length."
Books,0,"Linux Bible, 9ed About the Author Christopher Negus has been teaching and writing about Linux and UNIX for more than 25 years. He is an instructor and principal technical writer for Red Hat, Inc."
Clothing & Accessories,1,MIDAAS Boy's Cotton Shorts - Set of 3 This boy's shorts is crafted from cotton material and comes in a set of 3. It is ideal for casual and provides regular and comfort fit.
Electronics,2,"3/8 BLACK ON METALLIC GREEN Create attractive labels for indoor use at home, office and school. Best for flat, dry surfaces. Perfect for all custom indoor labeling needs. Label Size - text: 3/8amp;quot; x 26.2 ft. Label Colors: Green Border Colors: N/A Design: N/A."
Electronics,2,Affix Dual Port 2.4Amp Wall Charger Adapter with Smart Auto-ID Technology(Black)
Books,0,"Digital Photographer's Handbook About the Author Tom Ang is Senior Lecturer in Photographic Practice at the University of Westminster, London. His own photography - both digital and traditional - has been widely exhibited. Tom Ang won the Thomas Cook Travel Book Award for his photographic coverage of the Marco Polo Expedition. Tom is also the author of many photography books."
Clothing & Accessories,1,"Jockey Boys' Cotton Brief Genuine Jockey comfort fit and quality, 100% super combed cotton fabric, authentic Jockey USA originals printed design, double layered crotch panel, durable and soft high tech waist band."
Books,0,"Dhara Health Refined Sunflower Oil Pouch, 1L Dhara Health Refined Sunflower Oil comes with the goodness of unique 'Low Absorb Technology' which means that the food cooked in it absorbs less oil. It also contains the goodness of Vitamin A, D2 & E. Dhara Health is a good source of polyunsaturated fatty acid (PUFA) and contains high amount of Omega 6, the Essential Fatty Acid (EFA) which cannot be synthesized in the body and has to be consumed from external sources."
Clothing & Accessories,1,"RC. ROYAL CLASS Kids Calf Length Towel Thick Woolen Blend Socks (Pack of 5 Pairs)(age group 1-8 years) Royal Class brings super soft woolen blend socks for kids, one of the softest socks for kids available in the market, specially designed to keep the feet warm in winters and cool in summers. Terry/Towel outside the socks keeps the feet of the kids warm and gives cushion like feel & softness."
Household,3,"Nilkamal Stool (Black, Standard Size) Nilkamal provides hundreds of creations furnishings, ranging from the traditional to the modern design, all possessing a unique design, aesthetic with a contemporary touch such as furniture for a living room, dining room, bedroom complete, office furniture, kitchen cabinets, sanitary facilities, the goods and fixtures. We are now serving in the movable hotels, businesses, buildings and residential buildings. We are a company with basic skills in the production and marketing of complete movable household."
Household,3,"Ashiyanadecors Plastic Natural Look Cherry Basket for Home Decor (Green) Still life of cherry tomatoes in a rectangular woven basket sitting on distressed white painted table top byAshiyanadecors. This framed artwork is popular in our food art, fruit art, tomato art, photography, and color photography categories. Great art now was started in 2002 by a group of friends with an interest in both art and technology."
Household,3,"Hariom Handicraft Sheesham Wood Round Foldable Patio Garden Outdoor Balcony Picnic Table, Black Finish Color:Black Finish   Home decor table help accentuate the style of your other living room furniture. Wooden table comfy and durable. Classic ranges of furniture sparkle your home instantly. This round shape table is crafted from the wooden material and comes in a natural walnut finish. This table is detachable and can be opened while moving or shifting it. This can be placed in your room, living area, dining, garden or office for a stunning look."
Household,3,"Rajasthani Ceramic 16 mm Ultrasonic Mist Maker Fogger Discs for Humidifier Parts This is 20 mm ultrasonic mist maker fogger ceramics discs with wire and sealing ring new î¦20mm ultrasonic mist maker fogger ceramics discs with wire and sealing ring diameter: 20mm thickness: 1.24 0.01mm frequency: 1.7mhz quantity: this mist disc can not be connected with power directly, it needs a separate driver ""circuit"" we are not responsible for any experiments done, burn, blast, broken disk ""due to experiments"" will not be replaced."
Books,0,UGC-NET 2019: Computer Science & Applications (Paper II & Paper III) 
Household,3,"Asian Hobby Crafts Nylon Knot Macrame Beading Braided Thread Cord Rope, Thickness : 3 mm : 180 m : Length 30 Meter Each - Pack of 6 Pieces Color Name:Set D   New, soft ,bright and sleek, materials : nylon knot cord macrame, qty. : 6 pcs total length: 180 meters each cord 30 meters; thickness: 3mm; great for craft, corsages, ornament, bracelets, bags, mirror, plant hangings, swings , wall hangings and much more useful items can be created. Notice: due to the light and screen differences, the item's color may be slightly different from the pictures please understand."
Household,3,"Popcorn Furniture Arched Three Seater Sofa (Orange) Popcorn brings lightweight and comfortable arched soft seat for kids, with a wide base, this comfy seat provides great stability for your little one and is light in weight. Made from soft, fleecy fabric slipcover helps provide durability. Lightweight design makes it easier for portability, available in orange, blue and green colors."
Electronics,2,Creative Labs Sound Blaster Audigy PCIe RX 7.1 Sound Card with High Performance Headphone Amp Creative Sound Blaster Audigy PCIe RX 7.1 Sound Card with High Performance Headphone Amp
Electronics,2,"Yamaha PSR-E-363 61-Key Touch Sensitive Portable Keyboard Size:E363   Touch-sensitive keys allow expressive dynamic control Play the keys heavily and you'll get louder tones, or play softly to achieve quieter sounds. The touch-sensitive keyboard will accurately reflect every nuance of your playing, making your performances musically expressive."
Electronics,2,(CERTIFIED REFURBISHED) Logitech K230 Wireless Keyboard
Clothing & Accessories,1,"White Button Girl's New Peach N Grey Organza Tissue Flared ReadyMade Wedding Wear Lehenga Choli Dress Choli Fabric- Shifly Work & Heavy Satin With Soft American Crepe Fabric provide Hooks N Heavy Chain For Closure Pattern At Back Of Choli, Lehenga Fabric- heavy Organza Tissue With Decent Grey Color With Inner Heavy Shiner Satin Silk N Raw American Crepe Fabric Material Provide Embellished Hand Work Motif And also Provide Side Zipper At Side Of Lehenga For Closure, Thick Heavy Brocade Belt At End Of Lehenga"
Household,3,"Royaloak Cathy Computer Table (Black) Spacious, wide, and solidly built, this computer table adds brilliant utility to your home or office. The L-shape computer table has shelves and drawers, a wide table top with keyboard drawer as well as space to keep a CPU. The table is made of MDF and has a dark finish. The study desk from royaloak is a classy product. It has the special feature of space adjusting features. It serves your requirement of storage, computer table, and study table requirements."
Books,0,"Cinema Secrets Professional Brush Cleaner, 32 oz. Over his 50-year career, Maurice Stein's Academy Award-winning (Planet of the Apes, 1969) makeup artistry has touched the faces of some of the brightest stars of film, television, and commercials-even three US presidents. He has worked on over 200 films and television shows and has more than 4,000 commercials to his credit."
Books,0,"Ayrton Senna: Goodbye Champion, Farewell Friend (Motor sport)"
Household,3,"Amazon Brand - Solimo XXXL Bean Bag Cover Without Beans (Brown) Size:XXXL   Solimo bean bag covers are made from leatherette fabric which is double-stitched with superior seam and tear strength. They are built to be durable, comfortable and are a great addition to the contemporary home. The covers come with a 1-year limited warranty against manufacturing defects."
Household,3,"Pro Cosmo A33 Kids Sofa Bed with Pouffe/Footstool/Pillow, Fabric, Multi-Colour, 168 X 98 60 Cm"
Household,3,"MBTC Delton Cafeteria Bar Stool Chair in Light Brown (Set of 2 Pcs) This beautiful bar stool chair From MBTC is sure to be the envy of all your friends. The chrome steel base and footrest work in harmony with a hydraulic piston for smooth adjustments which is a little reminiscent of a carousel pony pole, while the supple feeling of leather like graces the seat and back for comfort. The contemporary brown faux leather covering for years of wear and easy care. It must be a fashionable statement for your bar or conversation table."
Electronics,2,"TP-Link TL-PS110P Single Parallel Port Ethernet Print Server (White) Style name:TL-PS110P   TP-Link single parallel port fast Ethernet print server TL-PS110P TCP/IP and (remote virtual USB), LPR/LPD."
Books,0,"Study Package for Clat and Llb About the Author A.P. Bhardwaj, Director Innovations, Chandigarh."
Clothing & Accessories,1,Cherokee by Unlimited Boys' Regular Fit Cotton Shorts
Electronics,2,"Epson L565 Wi-Fi All-in-One Ink Tank Printer Enjoy low-cost colour printing with integrated scanning, copying and faxing with built-in ADF, Ethernet, Wi-Fi and Epson Connect for seamless sharing. Business and SOHO users will appreciate the remarkable performance of the L565. Equipped with Ethernet, Wi-Fi and Wi-Fi Direct connectivity features, printing from your PC, laptop or mobile devices is quick and seamless. The L565 includes a simplex 30-page automatic document feeder (ADF) for quick and easy multi-page scanning, copying and faxing."
Clothing & Accessories,1,"Biba Girls Cotton Skirt Not only top wear but BIBA offers a very stylish range of bottomwear for girls. That includes girl’s skirts, girls palazzos, shorts and leggings for girls."
Books,0,General Knowledge - Science 
Clothing & Accessories,1,"Novicz 589 Swimming Armband, Set of 2 Kids (Green) Color:Green   Novicz kids water floating arm bands provide hours of fun while keeping kids safely afloat as they splash around in the water."
Clothing & Accessories,1,"RC. ROYAL CLASS SOFT WOOLEN BLEND MULTICOLORED SOCKS FOR BOYS & GIRLS PACK OF 5 (age group 1-9 years) Royal Class brings super soft woolen blend socks for kids, one of the softest socks for kids available in the market, specially designed to keep the feet warm in winters and cool in summers."
Books,0,TARGET MDS NEET Pattern Question Bank 2 vol set Target MDS Neet (Pattern Based Question Bank) (2 vols set)
Household,3,"CERO Silica Gel de Humidifier Moisture Humidity Dampness Absorber (250g) CERO Silica Gel is a mobile De Humidifier that Absorbs Moisture Humidity Dampness. It has blue Indicator Beeds to indicate the status of absorption. Used in Cupboard | Kitchen Cabinet | Others. Protects Electronics, Furniture, Clothes and Health. REDUCES Allergies, REMOVES Musty Smells, PREVENTS Mould & Fungus."
Electronics,2,WD Elements 2TB Portable External Hard Drive (Black)
Electronics,2,HP usb X500 Wired Optical Sensor Mouse 3 Buttons windows 8 supported HP MOUSE WIRED USB
Books,0,"Asian Hobby Crafts OQ-VDDN-8LFS Glitter Sparkle Glue Tubes (25ml, Pack of 5) Color:Multi Color   Glitter sparkle glue tubes : crafts glue : for scrap-booking and all school activities. Paper glitter glue to use on all kinds of papers its non - washable : can use on fabrics if it is not required to be washed."
Household,3,"ABZORBT-IT Moisture Absorber Mini Pack, 180g Excess moisture causes unpleasant odours, respiratory disease & allergies.Excess moisture also leads to condensation which can be harmful to buildings & objects, causing spots & mould. By using abzorb-it excess moisture can be absorbed from the rooms & enclosed spaces, benefits your health & property"
Household,3,Electomania® 18 Sizes 2.0mm-10.0mm 80cm Bamboo Circular Knitting Needles with Col (18 pcs in 1 Set)
Electronics,2,"Maxell XL-II90 90-Minute Blank Audio Cassette BRAND : Maxell, Maxell XL-II 90-Minute Blank Audio Cassette"
Books,0,Assertion-Reason Question Bank in Biology for AIIMS 
Clothing & Accessories,1,"Majik Cowboy Hat, Fedora Hat, Classic Fedora Hat for Men and Boys, Light Brown, 25 Gram, Pack of 1"
Household,3,"DeckUp Bonton Side Table, Matte Finish (Dark Wenge) Color:Dark Wenge   Assembly required: the product requires basic assembly and comes with diy (Do-It-Yourself) assembly instructions."
Books,0,"Indirect Taxes Law and Practice (CA-Intermediate/Final, CS-Executive/Professional & CMA-Inter/Final) (May/June 2019 Exam) Incorporating :  Simplified Theory with relevant illustrations, Numerous numerical ProblemsAll amendments upto 31st October 2018Covers entire syllabus of CA-Intermediate/Final/CS-Executive/Professional and CMA-Inter/FinalAlso useful for University and Management Courses"
Household,3,"Symphony Ice Cube 27 Ltrs Air Cooler (White/Blue) High efficiency honeycomb cooling pad on three sides. Apart from having this first in the personal cooling category, Ice Cube XL functions with the lowest levels of noise. Bring home this compact, yet mobile power house for a breezy, relaxing experience."
Household,3,Barbie by Many Frocks & Baby Girls' Empire Maxi Dress Pastel Blue flower gown.
Household,3,Usha Quartz Room Heater (3002) 800-Watt with Overheating Protection (Ivory) SAFETY DEVICE:Safety tip over switch cuts off the heater incase it tilts or falls. POWDER COATED FINISH: Powder coated finish to prevent corrosion. ENERGY SAVER Low power consumption. HEATING POSITIONS: There are two heating positions to suit your comfort. CORD STORAGE FACILITY:Power cord can be easily mounted on the hooks provided at the back of the heater for storage.
Clothing & Accessories,1,InEssence© New Viscose Lycra Jersey Scarf Ladies Wrap Hijab
Household,3,"JERN Ultralight Strong Portable Nylon Parachute This camping hammock is made of 100% nylon, which features in durable, anti-mildew & quick-drying. The texture of it is soft and smooth, bringing you comfortable feeling while resting or sleeping. This camping hammock is very convenient to use. It comes with knotted carabiners and tree straps, thus you can easily set it up upon arrival. It definitely is a necessary gear for travel, backpacking and hiking, and a pleasure to use it indoors or in garden. weight capacity : 150 kg (330 lbs)"
Clothing & Accessories,1,"Miss Wow Latest Fashionable Rugged Skinny Jeans 100% Stretchable Western wear Slim fit Denim Jeans for Women .Ankle Length,mid Rise with 5 Pocket Accentuated with a rinse wash effect and complemented by design, this pair of Jeans proves to be a reliable addition to a fashionista's wardrobe .Up your weekend style quotient by slipping on this fashionable jeans from MISS WOW. It sports a rinse wash pattern and these full length jeans are suitable for any occasion"
Books,0,"The Amityville Horror Review A fascinating and frightening book. --Los Angeles TimesThis book will scare the hell out of you. --Kansas City Times 				    	 					 About the Author Jay Anson (1921-1980) began as a copy boy on the New York Evening Journal in 1937 and later worked in advertising and publicity. With more than 500 documentary scripts for television to his credit, he was associated with Professional Films, Inc. He died in 1980."
Clothing & Accessories,1,"BODYCARE Barbie Printed Panty for Girls Pack of 6 from Bodycare Brings a new collection of Disney Printed Girls Panty of 6, 100% cotton fabric with attractive design and stylish trendy look."
Clothing & Accessories,1,"nauti nati Girls' Regular Fit Skirt Nauti nati pink girls skirt, very comfortable and stylish, made from 100% polyester, well suited for all occasions."
Household,3,"Bodycare Chocolate Hot Wax 600 Grams (Pack Of 2) Wax Heaters Are Also Ok. During Excessive Humidity Sprinkle Ordinary Talc On Skin, Then Apply Wax. Apply Melted Wax With A Knife Or Spatula In The Direction Of Hair Growth. Place A Strip Of Cloth Over The Wax-Press Firmly And Pull In The Opposite Direction. Repeat The Process In Quick Steps. Do Not Allow Wax To Cool Off. Clean Skin With Wet Sponge Or Cloth. Use The Body Cares After Waxing Cream For Soothing And Cooling Effect Of Depilated Skin."
Books,0,"Manual of Practical Medicine About the Author R Alagappan MD FICP Formerly Director, Professor and Head, Institute of Internal Medicine, Madras Medical College; Senior Physician, Government General Hospital, Chennai, Tamil Nadu, India"
Books,0,General Science for Indian Railways RRB Exams - ALP/Group D/NTPC/JE 
Electronics,2,"HP x765w 32GB USB 3.0 Pen Drive Our vision is to create technology that makes life better for everyone, everywhere - every person, every organization, and every community around the globe. This motivates us - inspires us - to do what we do. To make what we make. To invent, and to reinvent."
Electronics,2,Toshiba Canvio Connect II 2TB USB 3.0 External Hard Drive (Satin Gold)
Books,0,RRB JE Study Guide 2019 Stage 1 (Hindi) 
Clothing & Accessories,1,Cherokee by Unlimited Boys' Plain Regular Fit Shirt Cherokee kids blue shirt made of 100% cotton poplin fabric having half sleeve.
Clothing & Accessories,1,"Broadstar Women's Ankle Length Dungaree Earn an all-access pass wearing dungarees by Broadstar. Made of denim, these dungarees will keep you comfy. Team them with a white or black coloured top to complete your casual look."
Clothing & Accessories,1,Eccellente Sports Baseball caps for Men Women Boys & Girls NY
Clothing & Accessories,1,Chhota Bheem Boys' Plain Regular Fit Hoodie Dress up in you favourate super Hero Chhota Bheem t-shirt with fashion and Passion.
Electronics,2,"Ikall N1 Tablet with Keyboard (8 inch, 8GB, WiFi + 4G LTE + Voice Calling), Gold 8 GB 8 inch display tablet with keyboard with Wi-Fi plus 4G, Colour: Gold."
Electronics,2,"Targus Armor ACH114AP-52 4-Port Powered USB Hub 2.0 (Black) Designed to work with PC, Mac and Netbook computers; Windows® 8, 7, Vista, XP, Mac OS X v10.8, Mac OS X v10.7. A compact design makes it easy to transport anywhere. Turns one USB port into four with one open port. Designed to support up to four(4) USB devices. Using USB 2.0 this hub is capable of transferring files at a rate up to 60MB / sec Conveniently connects to most laptops and desktop computers with a bundled USB 2.0 cable. 1 Year Limited Warranty"
Household,3,V-Guard High Speed Pedestal Fan (White and Blue) This high speed fan with a self timer has a super fast air convection rate that makes it optimum for the summers.
Electronics,2,"JBL C50HI in-Ear Headphones with Mic (White) Colour:White   The new JBL C50HI is a dynamic, ultra-lightweight in-ear headphone. Its powerful 8.6mm drivers deliver the feel-it-in-your-bones bass response and legendary sound quality you expect from JBL. They’re feather-light for all-day comfort. An in-line microphone with universal remote control lets you talk and manage your calls on Android and iOS devices."
Clothing & Accessories,1,Goodway Pack of 3 Boys Full Sleeve Colour T-Shirts Mom & Dad Theme-3 Goodway Presents the Combo pack of T-Shirts made Out of 100% Cotton Combed Fabric. Specially designs for your Little one to keep them one step ahead of their team. We create designs and packed them in combo's to give the most value for your Happy Purchase.
Household,3,"@home by Nilkamal Dalton Study Table with Book Shelf (Walnut) Study desk with bookshelf in engineered wood. Mild steel frame provides weight bearing strength. Accentuated with shelves for placing books, etc. and works as an ideal space saver."
Books,0,Love Like This (the Romance Chronicles-Book #1) 
Household,3,Charms Anklet for Women (Silver)(CR0251-285ef) Show off your fabulous fashion sense as you adorn your feet with these uniquely crafted anklets from charms. A cropped trouser or tea-length skirt will be the perfect way to flaunt them.
Electronics,2,IO Crest SY-PCI40010 PCI RAID Host Controller Card Brings new life to any old desktop PC. Connects up to 4 SATA II high speed SATA hard disk drives. Supports Windows 8 and Server 2012
Books,0,CA FOUNDATION SOLVED SCANNER PAPER 1 TO 4 GREEN EDITION COMBO AND JANUARY 2018 EDITION
Clothing & Accessories,1,"Magson Neo Men's Jacquard Bow Tie Combo Magson Neo offers a range of sophisticated accessories for corporate lifestyle, festivals or even regular office and party wear. We offer these with beautiful gift packing with an unmatched finishing. A classy unique combo is certain to bring a touch of delight and glances you receive. It's a ""Make in India"" product."
Household,3,Forzza Pomona Three Seater Sofa (Beige) Color:Beige   Description : Elevate your comfort level with our modern designed pomona sectional reversible sofa. Distinctive element which stand out are the dual toned high quality upholstery. The arms provide extra comfort. The seating is plush and comfortable. The pomona sofa offers you high quality comfort at a very reasonable price.
Household,3,"Supreme Vegas Table (Black) supreme vegas table is premium and highly durable plastic table , vegas table suitable with cambridge series"
Clothing & Accessories,1,Aile Rabbit Girl's Cotton Text Print Top and Shorts Set Pink A charmingly trendy look awaits your little one on the other side of wearing this set
Electronics,2,"Sheen VGA Cable 15 Meter VGA cable( Computer ), A type 15pin male -A type 15PIN male. VGA video cable is used to connect a VGA or SVGA card or monitor to each other or to a data switch. Both ends are a high-density 3-row male 15-pin D-sub connector. Cable is made of 75ohms mini coax video wire, using individually shielded coaxial wire. This male VGA to male VGA cable is designed for connecting video card outputs to monitors directly · Most modern flat panel displays require this type of cable."
Household,3,Home Buy New Heavy Duty Aluminium Portable Folding Picnic Table & Chairs Set with Umbrella
Household,3,"Pure Source India Ceramic Aroma Burner with 10 ML Vanilla Aroma Oil and 4 Tea Light Candle Ceramic Aroma Burner with 4 Tea Light Candle and 10 ML aroma oil , good packed in gift box , suitable to use in home or to gift some one ."
Books,0,"History of Indian Cinema About the Author Renu Saran is a prolific and dynamic author who has written various books on a wide range of subjects, from cinema to famous personalities. Some of her well known works include Choose Your Career, World Famous Women, World Famous Men, Indira Gandhi, Dhirubhai Ambani, Diamond English English Dictionary, Freedom Struggle of 1857 and Dynamic Memory Modern Essays For College Students."
Books,0,"Pmt Set (Mirror With Handle, Tweezer, Probe Double Ended)-Diagnostic Kit- SS WHITE"
Books,0,"How to Win Friends and Influence People About the Author Dale Carnegie was an American pioneer of the development of personal business skills, self-confidence and motivational techniques. His work has touched the lives of millions of readers around the world."
Clothing & Accessories,1,Rupa Thermocot Boys' Plain Synthetic Thermal Bottom
Electronics,2,OXYURA 15.6 Inch Laptop Sleeve Bag Cover Case (Black)
Books,0,The new AFCAT Guide with 14 Year-wise Past Papers (2011 - 2018) 
Books,0,"The Ultimate Indian Colouring Book for Kids: Add Colour - Discover India, 100 Hand-Drawn Original Artworks across 10 categories, Activity book for children "
Books,0,ORACLE PL/SQL: Interview Questions You'll Most Likely Be Asked: Volume 12 (Job Interview Questions) 
Household,3,"KUMAKA Household Purpose Portable Mini Revolving and Oscillating Tower Fan with Motorized Rotating Base (White) Let the cool air fill your room with Rotating Cool Breeze Tower Fan to beat the heat this summer. The heavy duty 70W powerful motor consumes less electricity wherein 180 degree revolving base covers large area & distance offering cool breeze instantly. Made from ABS plastic, it is highly durable and rust-free enhancing product's life. The sleek and compact design makes it easy to grip and handy to move occupying less space in the room."
Clothing & Accessories,1,"FLEXIMAA Women's Cotton Hoodie FLEXIMAA Women's Cotton Plain Sweatshirt/Hoodies Full Sleeve with Zip & Kangaroo Pocket. Made from 100% cotton and is an essential every day item for every wardrobe. Colour may slightly vary according to camera settings. Please order after confirming your size measurements. Sizes : S, M, L, XL, XXL / Chest : 34, 36, 38, 40, 42 Inches / Length : 24, 25, 26, 27, 28 Inches. Our Brand : FLEXIMAA. A Product of Flexible Apparels."
Books,0,Mein Kampf 
Electronics,2,SanDisk 32GB Class 4 microSDHC Flash Memory Card
Electronics,2,"iBall Slide Elan 4G2+ Tablet (10.1 inch, 16GB, Wi-Fi + 4G LTE + Voice Calling), Gold-Cobalt Brown Colour:Gold-Cobalt Brown                                                                                 |                            Size name:2x16   Powerful quad core 1.3 GHZ arm cortex A53 processor, full capacitive multi-touch, 25.5 cm ( 10.1 inch) display, IPS HD screen resolution (1280 x 800), 7000 mAh, li-polymer battery."
Electronics,2,Bloomerang 40Pin Parallel Port Male Extension to Female 3.5 IDE Ribbon Cable Extension Specification 1. item 40pin ide ribbon cable2. Length approx. 31.2cm3. Weight 41g4. Color graypackage included 1 * 40pin parallel port male extension to female 3.5 ide ribbon cable extension
Books,0,The Victorian Age in Literature 
Books,0,"Microscopic Haematology: a practical guide for the laboratory About the Author Gillian Rozenberg FAIMS, FFSc(RCPA)Senior Medical ScientistDepartment of HaematologySEALS Randwick, Prince of Wales Hospital"
Electronics,2,"Redgear Cosmo 7.1 Gaming Headphones with RGB LED Effect, Mic and in-line Controller 7.1 surround sound; Over the head headphones; Noise cancellation microphone; Driver unit :- 50mm; Speaker frequency :- 20-20kHz; Cord length :- 2.2m."
Clothing & Accessories,1,Kobo Leather Fitness Gloves 1.Leather front palm 2. Padded front palm 3. Soft material back hand for sweat ventilation.perfect for weight lifting.
Clothing & Accessories,1,Kuchipoo Unisex Regular Fit Fleece Pyjama Bottom (Pack of 6)
Household,3,"Garden Winds Replacement Canopy for Target Madaga Gazebo, Beige REPLACEMENT FABRIC CANOPY ONLY. METAL STRUCTURE NOT INCLUDED. THIS BEIGE COLOR IS NOT THE SAME COLOR AS YOUR ORIGINAL CANOPY. THIS BEIGE IS MUCH LIGHTER!!! This replacement canopy fits the Target Madaga gazebo (all model years: L-GZ136PST and L-GZ136PST-2). IMPORTANT PRODUCT VERIFICATION TIP: The top tier section of the Madaga (52"" x 52""). This canopy uses Garden Winds's Ultra Stitch and Dura Pocket technologies for enhanced performance."
Household,3,"HSR Inflatable Car Bed Mattress with Two Air Pillows, Car Air Pump and Repair Kit (Multi Color)"
Clothing & Accessories,1,"Bold N Elegant Sleeveless Warm Quilted Jacket Coat Winterwear for Little Kids Vest Gilet Waistcoat for Baby Boys N Girls Lend your little boy or girl ultimate comfort and make them look smart adding these colour blocked, quilted jacket from Bold N Elegant to their winter outfits. Featuring a v-neck and buttoned placket on the front, this sleeveless jacket also has neat stitch detailing and a glossy finish. Assuring great shield against chilly wind, this 100% polyester jacket can be teamed with a sweatshirt, a pair of joggers and mid-ankle sneakers."
Household,3,"Dwinguler Kids Sofa - Marine Blue Your kids will have their own little seating with the Dwinguler Kids Sofa. The sofa has a SOFFKIN synthetic leather outer cover that is soft and lovely. Inside, the sofa has bio-foam that is made from natural vegetable material. What you get is an eco-friendly sofa inside and out. The rounded ergonomic design of the sofa is comfortable for children and helps encourage good posture in them."
Household,3,"Voila India Wind Car Dashboard Flag (Plastic) The Indian Flag with Satyamev Jayate Symbol is Printed On One Side. It's a Unique Product For Your Office Table, Study Table Or Car Dashboard."
Electronics,2,"Seagate 2TB Backup Plus Slim (Red) USB 3.0 External Hard Drive for PC/Mac with 2 Months Free Adobe Photography Plan Color:Red                                                                                 |                            Capacity:2TB   The Seagate Backup Plus Slim portable drive simplifies backup for consumers who want to help protect their entire digital life locally.The slim, metal design provides premium portability—allowing you to slide the drive into your pocket, purse or backpack and carry it with you."
Books,0,"Fortune Sunlite Refined Sunflower Oil, 1L Fortune Sunflower Oil is a light, healthy and nutritious cooking oil. Being rich in vitamins and consisting mainly of ployunsaturated fatty acids, it makes food easy to digest."
Electronics,2,"Verbatim CD-RW 700MB 2X-12X Rewritable Media Disc - 25 Pack Spindle Style name:25-Disc   When it comes to CD Technology, Verbatim rewrote the book… Verbatim CD-RW is the industry standard for performance, compatibility, and the ultimate in reliability. Verbatim CD-RW utilizes an advanced super-eutectic phase change recording layer which ensures durability and reliability while archiving data at higher rewrite speeds. These discs allow you to rewrite data without errors up to 1,000 times."
Books,0,Trueman's UGC NET/SET General Paper I About the Author About the Author: The authors of this book are Sajit Kumar and M. Gagan has published. Both these authors have previously written other examination guides for different subjects.
Clothing & Accessories,1,Baby Grow New Baby Hat Autumn Winter Baby Warm Sleep Cotton Toddler Cap Kids Newborn 0-6M This winter season update your baby's wardrobe with the latest in fashion trends with our finely curated collection. Winter Items that are versatile and comfortable and that will make a perfect addition to their closet
Household,3,Saraf Furniture Solid Wood Classic Tania Console Table for Home | Teak Finish Regular yet antique-ish design for your royal home. Shows natural grains and grace of the wood. Its an art of Indian handicraft made in hardwood. There is a royal and ethnic touch to the design.
Books,0,"Core Java Volume II - Advanced Features 10th Edition About the Author Cay S. Horstmann is author of Core Java for the Impatient (2015), Java SE 8 for the Really Impatient (2014) and Scala for the Impatient (2012), all from Addison-Wesley. He has written more than a dozen other books for professional programmers and computer science students. He is a professor of computer science at San Jose State University and is a Java Champion."
Household,3,"SAF 'Ganesha' Painting (Wood, 12 inch x 12 inch, Special Effect Textured, SAO97) Painting made up in synthetic frame with UV textured print which gives multi-effects and attracts towards it. This is an special series of paintings which makes your wall very beautiful and gives a royal touch. A perfect gift for your special ones."
Clothing & Accessories,1,"Hipe Uv Protected Combo Of 3 Round Men's, Women's, Boy's, Girl's Sunglasses - (Ynk-Rgrn-Rslvr-Rblu|55|Silver) High on Style, this Sunglasses from the EYE Collection comes in a Stylish Frame. An Eclectic Mixture of Fashion and Wear ability, it include UV Protected Lens with polycarbonate lens are UV-protected, and Sunglasses for Men & Women gives a fabulous Look, remove glare and improve visual quality of the picture. UV Protected Sunglasses for Men& Women gives a great look with all kinds of outfits. Let this season see you stepping out in style flaunting sexy sunglasses."
Electronics,2,"Sapphire Radeon R5 230 Graphic Card 1GB DDR3 The new SAPPHIRE R5 230 1GB is a low profile PCI-Express graphics cards that require no additional power connector, making it ideal for entry level systems or for upgrading existing PC systems and providing additional monitor support. It has 160 Stream processors and core clocks of 625MHz, and offer 1GB DDR3 memory to deliver excellent performance and great value. Outputs are Dual-link DVI, VGA and HDMI, supporting a choice of monitor types and the cards ship with optional backplates for use in standard or low-profile chassis."
Books,0,"25 Years AIIMS Chapterwise Solved Paper Chemistry 2019 About the Author An editorial team of highly skilled professionals at Arihant, works hand in glove to ensure that the students receive the best and accurate content through our books. From inception till the book comes out from print, the whole team comprising of authors."
Electronics,2,Volkcam Class 10 MicroSDHC TF Memory Card (32GB) Size name:32GB   About capacity: 4GB=approximately 3.6GB-3.8GB 8GB=approximately 7.4-7.6GB 16GB=approximately 14.4GB-14.8GB 32GB=approximately 28.5GB-30GB 64GB=approximately 58.5GB-60GB This is calculation difference between manufacturer and our PC; please Google 'Memory card capacity' to get more information. Package : 1 X Memory Card
Books,0,"India's Ancient Past (भारत का प्राचीन इतिहास) About the Author राम शरण शर्मा एक ख्याति प्राप्त इतिहासकार रहे। वे पटना विश्वविद्यालय में इतिहास विभाग के प्रोफेसर थे। वे भारतीय इतिहास अनुसंधान परिषद, नई दिल्ली के संस्थापक अध्यक्ष भी रहे।"
Household,3,Coolstar CO1004 90-Watts Cooler Fan Motor (Grey) These products come to you with feature that are hard to find. Trouble free performance. Total reliability and high grade quality. This is because all manufacture to ensure the very best of performance for years to come.
Clothing & Accessories,1,Beunew Baby Girl Bow Knot Bonnet Round Summer Party Fancy Cap Hat
Household,3,"Cello Gem 22-Litre Personal Air Cooler (White) Powerful cooler with international styling in personal cooler range, water inlet from top and back side, large approx 22 liter water tank capacity, powerful 11 inch fan blade, powerful air throw, with in built castors, no trolley required, effective 3 side honeycomb cooling pads, compatible to invertor, powerful surround cooling system ideal for bedroom and offices."
Electronics,2,"ANDTRONICS Esynic 3.5"" USB External Floppy Disk Drive Portable 1.44 MB FDD USB Drive Plug and Play for PC Windows 10/7/8, XP, Vista, Mac (Black) External diskette drive with usb interface. Super slim and lightweight, easy to carry, for desktops and laptops read/write 1.44 mb floppy disk usb 1.1/2.0 compatible. Plug & play with windows me/2000/xp/vista/win 7 . Comes in black colour ."
Electronics,2,HP 680 Original Ink Advantage Cartridge (Black) Colour:Black   Make the most of every memory when you use Original HP Ink cartridges for your photos as every print is developed with quality in mind. Relive great experiences from fade-resistent prints that last a lifetime when using Original HP Ink. Capture more moments with greater page yield and cost efficiencies when you print with Original HP Ink XL cartridges. Keep cartridges out of landfill by using HP's free recycling service with Cartridges 4 Planet Ark collection bins in most Retail stores.
Household,3,"Vardhman Flower Making Green Cloth Tape (35m) - Pack of 6 Floral making Green cloth Tape Is Used To Cover Sticks In Flower Making . It Is Adhesive Free . You Have To Just Stretch Around Wire & It Will Get Sticked , Very Good Quality, 35 Mt Each , Set Of 6"
Electronics,2,"Edifier XM6P Multimedia Speaker System Edifier XM6PF comes with features USB SD FM Remote , Massive 6.5 inch sub woofer product punch like anything , XM6PF comes with Noise reduction technologies."
Clothing & Accessories,1,XPRA Black Genuine Leather Formal Belt for Men/Boys- (BLT-5) XPRA BLT-5 is men's and boys black P U leather belt. Comes in attractive box with 6 month warranty against manufacturing defects only.
Clothing & Accessories,1,Jockey Boys' Plain Regular Fit Cotton Long Sleeve Top
Clothing & Accessories,1,dongli STYLISH BOYS 5PCS COMBO TSHIRT
Household,3,Santosha Decor Sheesham Wood Pre-Assemble Comfortable Folding Chair (Brown)
Household,3,"Sattva XXXL Bean Bag (Red) Color:Red                                                                                 |                            Size:XXXL   The classic style is the evergreen bean bag style with an indulging comfort. With a soft leatherette fabric and premium stitching, it's a classic must have for any home or office space. This is only the bean bag cover. 2.0 kg excel refill pack beans must be filled into this before use for sitting purpose."
Household,3,"Candes 150mm Exhaust Fan(Ivory) The exhaust fans from Candes are lightweight and design but heavy on duty and durability. The fans are of international design. The fan are made of high grade rustproof plastic which are easy to clean and noiseless in operation. These fans are suitable for cabins, kitchens or bathrooms."
Household,3,Loop® Linens Kids Play Area Blue 3X6 Feet 3 Fold Mattress For Gaming Area/Kids Room/Padding Support Loop Linens Kids Play Area Blue 3X6 Feet 3 Fold Mattress For Gaming Area/ Kids Room/ Padding Support is must to save some precious space. Convert it to a mattress where kids can sleep comfortably or fold it & place over a shelf to free the space.
Clothing & Accessories,1,FOOTPRINTS Organic cotton Baby Boy Girls Kids Socks-12-30 Months - Pack of 8 Pairs -P3 Stripes & P5 Blue These Footprints socks are Made from pure organic cotton and ecofriendly fibers and colors . They are free from harmful chemicals and coloured dyes which may cause harm to super sensitive skin of your baby. Footprints socks are blended with ecofriendly fiber which does not allow bacteria to grow hence making them antibacterial. Key Features 1. Organic Cotton 2. AntiBacterial 3. Anti Microbial 4. Anti Allergic- No Skin rashes and irratation
Clothing & Accessories,1,"CHRONEX Ponytail Hair Bands Holders Elastic Rubber Bands Ties Accessories for Girls/Women A good hair bands tool, hold your hair tightly. Soft metal free elastic for won't hurt your hair. 3 Thicknesses for better hold on different styles. Easy to carry in purse or workout bag so you can change looks instantly. Tie hair without worrying about hair slippage, Large quantity to meet your family needs."
Books,0,"The Republic: Translated With Notes, an Interpretive Essay, and a New Introduction by Raymond Larson (Gildan Media Audio Classic) About the Author Plato (428 BC - 347 BC) was a philosopher in Classical Greece and the founder of the Academy in Athens, the first institution of higher learning in the Western world."
Electronics,2,SellZone Replacement Keyboard for HP Pavilion G6-2000/G6-2100/697452-001/699497-001/AER36701212 SellZone Replacement Keyboard For HP Pavilion G6-2000/G6-2100/697452-001/699497-001/AER36701212
Electronics,2,Toshiba Canvio Basic 1TB A3 USB3.0 (Black)
Electronics,2,"Apple iPad(6th Gen) Tablet (9.7 inch, 32GB, Wi-Fi + 4G LTE), Space Grey Size name:32GB                                                                                 |                            Style name:Wi-Fi + 4G LTE                                                                                 |                            Colour:Space Grey   Apple iPad(6th Gen) Tablet (9.7 inch, 32GB, Wi-Fi + 4G LTE ), Space Grey"
Household,3,"Lovely Arts Collection Hand Embroidered Cotton Thread Skeins for Craft Projects, Multicolour (Pack of 25) -LAC97 Package includes 25 skeins, two each of 12 colors. Each skein is 8 yards long. This quality embroidery floss can be used in a multitude of craft projects, including needlecraft, friendship bracelets, stringing beads, and more. Non-toxic."
Household,3,ORPAT HEATER 1220 FAN HEATER 21 CMS
Clothing & Accessories,1,"Kabello Travel and Party Wear Cowboy Hats for Men and Boys, Pack of 1 Fedora Hat / Fedora Caps / Trilby Hats For Men & Women Trilby-style fedora hat for your little gangster Classic-style fedora fitted for a youngster's head Modern narrow brim with downturned front Select from a variety of cool designs! Fedoras have been a fashion staple for over100 years. Recreate or just tip a hat to the past with our classic, timeless fedora. Perfect for dances, plays, musicals, and theater performances. Classic vintage looking fedoras for men and women."
Books,0,BANKARON KE LIYE LEKHANKAN AVM VIT JAIIB
Electronics,2,"Abro ABS39 Colour Spray Paint (400ml, Glossy Black) Colour:GlossyBlack   This high quality spray paint gives glossy finish and dries very quickly. The product can be used on all kinds of metal surfaces such as vehicles, machines, and apparatus."
Electronics,2,"HP 15 Intel Core i7 8th Gen 15.6-inch Thin and Light Laptop (8GB/1TB HDD/DOS/4GB Graphics/Sparkling Black/1.86 kg), bu107tx Power through your day with a stylish laptop created to keep you connected, and on top of everyday tasks. With reliable performance and long lasting battery life - you can easily surf, stream and stay in touch with what matters most."
Household,3,"Floral Tape Green ( Set of 3 Rolls ) Floral Tape, Green , 3 Pcs, 1/2Inch"
Electronics,2,"HP 678 Tri-color Ink Cartridge Colour:Tri-Color   In case of HP inks, the coverage lasts until the HP ink is depleted or the warranty ends date has been reached, whichever occurs first. Each HP ink cartridge, printhead and related supply is warranted to be free from defects in materials and workmanship during the period of the warranty. This warranty pertains to any HP ink cartridge when used in its designated hp or authorised original equipment manufacturer (oem) printing device."
Clothing & Accessories,1,"Mitushi Products Boy's Swim Shorts MONKEY SWIM SHORT FOR BOYS:QUICK DRY MATERIAL: ELASTICATED WAISTBAND & STRING CLOSURE :BLACK BACK :BEST FOR WATER PARKS AS WELL AS BEACHES. MADE IN INDIA,MANUFACTURED BY BEST IN CLASS FINISHING & STITCHING MACHINES TO GIVE IT LONG LIFE : MORE THAN 30 DESIGNS LIVE ONLINE"
Electronics,2,"Rawpockets 'Keep Moving Forward' Laptop Decals (PVC Vinyl, 2.88 cm x 3.38 cm, Black) Rawpockets offers great collections of laptop Vinyl decal stickers made for any macbook, iPad, iPhone, PC and other metal finish laptops or any smooth surface you wish to apply it. Our decal stickers are made with 100 percent removable vinyl. They are easy to apply and and will leave no residue on your laptop when you remove them. Use one of these vinyl stickers on and show your emotions."
Clothing & Accessories,1,"WYO Women's Camouflage Army Solid Plain Top T-Shirt Look smart and trendy by wearing this T-shirt, adorned with camouflage print."
Books,0,Systematic Approach To Indirect Taxation - Including GST & Customs (CMA INTER)
Clothing & Accessories,1,"Fameza Money Saving Wire Headband for Girls Women (Multicolor) (Assorted Color) (Pack of 4) A good hair bands tool, hold your hair tightly. Soft metal free elastic for won't hurt your hair. 3 Thicknesses for better hold on different styles. Easy to carry in purse or workout bag so you can change looks instantly. Tie hair without worrying about hair slippage, Large quantity to meet your family needs."
Household,3,Royaloak Sydney Coffee Table (Walnut) This coffee table from Royal Oak has a sleek look and elegant design that easily complements a variety of sofa sets. It can be used to create a cosy corner on your porch with a couple of garden chairs or as a centre table in the living room.
Books,0,The Second Jim Corbett Omnibus: My India Jungle Lore Tree Tops 
Books,0,"English Language Book for B.Sc Nursing/Staff Nurse Entrance Exams English Language Book for Staff Nurse and B.Sc Nursing Entrance Exams. Contains complete syllabus,plenty of questions to practice. This book is also suited for most competitive Exams at 10th, 10+2 and Graduation level. A must buy for success"
Household,3,"VelKro New Product Folding Chair for Camping, Beach, Picnic Folding Camping Chair. Ideal for Camping, Festivals, Beach days, BBQ's and more! So lightweight, that it's easily carried in the colour coded carry case. Super strong and sturdy tubular steel frame with durable canvas-style material. This really is a fantastically well made product."
Clothing & Accessories,1,"BLINKIN Yoga,Gym and Active Sports Fitness Black Capri Tights for Women|Girls (06) (XX-Large) Blinkin yoga , gym and active sports fitness Black Capri tights For Women(4 sizes M,L , XL and XXL).A black track pants. This is the latest fashion trend for the modern women. It is highly elastic material that gives you a slim body hugging fit.You can wear it on every occasions be it you Gym Classes or yoga Classes or evening casual walk. Tags# ripped leggings ; criss cross legging ; Gym Leggings ;yoga leggings ;black lower;joggers capri"
Electronics,2,"All-New Kindle Paperwhite (10th gen) - 6"" High Resolution Display with Built-in Light, 8GB, Waterproof, WiFi"
Electronics,2,"VeeDee Bluetooth FM Transmitter, T19 Radio Adapter Bluetooth Car Kit, 5V/3.1A Dual USB Ports Car Charger, Support TF Card + U Disk, Handsfree Calling"
Household,3,"HM Service Cane Sofa Set with Table,3+1+1 (Brown) Cane sofa set with table (Type - 3 Sitter + 2 No. Single Chair + 1 Center Table) sofa set cushion size (L x B x H) inches : sofa couch : length : 62"" breath : 19"" height : 35"" chair : length : 24.5"" breath : 19"" height : 35"" table : length : 32.5"" breath : 19.5"" height : 20.5"" features : looking, light weight, eco-friendly, and handicraft work of specialized rural artisans. Disclaimer - table glass not included (Breakable). The biggest advantage is that there is no maintenance and all you have to do is just polish it a little once in a while."
Household,3,"TerraCotta Journey Natural Shadu Mitti/Clay Powder Bag for Eco-Friendly Ganesha, Sculpture and Modeling, Jewellery Shadu Clay Powder, Natural & Original Clay This clay for craft is extremely versatile with its air drying properties and can be used in jewelry making, arts & crafts projects, school & college model making projects & sculptures"
Clothing & Accessories,1,"CAMEY Men's Sports Socks (White, Black, Grey, Navy, Free Size) Pack of 4"
Electronics,2,"Dell 24 inch (60.96 cm) Ultra Thin Bezel LED Monitor - WUXGA, IPS Panel with, HDMI, Display, USB, Audio Out Ports - U2415 (Black/Silver) 24"" 1920 x 1200 IPS LED"
Household,3,"PHOBIS Candle Making Cotton Wick (5inch)- 100 Pieces Item Package Quantity:100   This wick is use for candle making like decorative ,gel and tea light candle. Thread is fully coated by wax , it is to burn and no smoke produce . This is eco friendly wick."
Books,0,"Earth: An Introduction to Physical Geology, Global Edition "
Clothing & Accessories,1,"ShopMozo Boy's Cotton Printed Nightwear A night suit for boys. The cotton fabric has been specially processed for smoothness. Beautiful print with very comfort fit. it for your kids or gift it to your loved ones. This garment has passed 10 checks including azo test, needle detector test and many more. Specially designed to make sure that your kid to look stylish beautiful and feel comfortable."
Household,3,Wood Embroidery Hoop 12in Wood Embroidery Hoop 12in
Clothing & Accessories,1,"POISON IVY Women's Casual Chiffon Layered Sleeveless Elegant High-Low Top If you are looking for a unique and trendy Western wear option, then you must pick this Trendy Shirt/top from POISON IVY. A must-have in your wardrobe, this regular-fit Shirt/Top is made from chiffon that makes it easy to maintain. This Shirt will be soft against the skin and will keep you at ease. Pair it with matching Jeans/ Jeggings/ Trousers & sandals to get complimented for your classy choice."
Electronics,2,"Lapcare Hp Pavilion G4 G6 G7 G32 G42 G56 G62 G72 Series Laptop Battery (Black) Lapcare offers a wide range of li-ion quality laptop batteries that are tuv, rohs and ce certified. They are backed by a full 12 month replacement warranty. 100 percent compatible with specified model, these batteries also conform to the required specifications. Lapcare batteries are tested for safety, longer life and designed for high performance output. Lapcare high capacity batteries work trouble free seamlessly."
Electronics,2,Intex Assembled 218 Desktop With CPU Speed 2.93 GHz Processor (Black) This Intex assembled 218 CPU will be a perfect solution for your multimedia tasks. It comes with a DVD writer and a Wi-Fi device that has a speed of 300Mbps.
Electronics,2,"Phenovo 0.68mm Ultra-Thin Aluminum Alloy Web Camera Privacy Cover for Laptop, PC, Smartphones Description: - Protecting your digital life: Covers your webcam when not in use, and prevents web hackers from spying on you. It is perfect to provide privacy, security and peace of mind to individuals, groups, organizations, companies and government.Specification:Model: T1Material: Aluminum alloy Size: 18.5 x 9 x 0.7 mm / 0.72 x 0.35 x 0.027 inchesThickness: 0.68mmPackage Includes: 3 pieces webcam cover slider"
Electronics,2,"LAPMATE 18.5V 3.5A Laptop Adapter Charger for Compaq CQ35/CQ40/CQ42 Series (Black) Adapter for19v/3. 42a and out put: 65watts and compatible for toshiba c640 c650 c660 c800 c850 asus, hcl, intex, fujitsu, wipro, medion, nec."
Electronics,2,"Trucase Portable Car Air Purifier,Car Ionic Air Freshener Removes Cigarette Smoke, Bacteria, Odor Smell with 2.1A Dual USB Ports Car Charger for iPhone, Samsung and Android Devices (Black) High performance intelligent car air purifier removes bad smell and germs and cleans the air.It comes with Usb ports to charge your electrnoic devices on the go."
Clothing & Accessories,1,Amour Heart Design Sunglasses for Kids for 5-7 years with case { SKU17 } Amour believes in Fashionable Eyewear With Trendsetting Designs Based Upon Wearability And Elegance. Theses heart knot design sunglasses from Amour will ensure that your kids step out in style for Playtime. These sunglasses will not only protect their eyes from the harmful sunrays but it will also help them to make their own style statement.
Clothing & Accessories,1,Cherokee by Unlimited Girls' Regular Fit Skirt Cherokee apparel junior skirt. It is made of 95% cotton 5% spandex twill fabric with solid pattern.
Electronics,2,Asus PRIME A320M-K AM4 Motherboard Size name:Micro ATX                                                                                 |                            Style name:PRIME A320M-K   The motherboard combines brilliant performance with a smart design to provide a proper functioning and a smooth computing experience.
Household,3,"Surprise Bookshelf 4Stg Size:Standard                                                                                 |                            Color:Black   Spacious, heavy & durable. Perfect for stacking books, files and other items neatly and comfortably."
Clothing & Accessories,1,"Nite Flite Girls' I Believe in Unicorns Half Sleeve Cotton Pyjama Set If your princess says unicorns are real then she's right. Make her fantasy come alive with this straight-out-of-fairy tales unicorn all over doodle print pyjama set in pink. Half sleeve top with contrast grey piping on sleeves, pockets and collar to added aesthetics! 100% cotton fabric. Dual patch pockets for added comfort and aesthetics."
Clothing & Accessories,1,Cherokee by Unlimited Boys' Straight Regular Fit Trousers Cherokee kids beige trousers made of 100% cotton twill fabric.
Electronics,2,GAMDIAS Demeter E1-3200DPI Gaming Mouse with Mouse Pad Gamdias gaming mouse with mouse pad
Household,3,"Party Propz Swirls for Decorations, (Multicolour)"
Electronics,2,Dell MS116 1000DPI USB Wired Optical Mouse Progress lives at the intersection of technology and humanity. Our connected world is undergoing its latest digital transformation-changing industries and creating fundamental shifts in the way we work and live.
Clothing & Accessories,1,"Minor Mappillai Boys' Silk Clothing Set Minor Mappillai presents boys' silk clothing set which includes 1 silk shirt, 1 silk dhoti and 1 silk towel. This silk blue colour shirt is half sleeve and regular fit."
Books,0,41 Years (1978-2018) JEE Advanced (IIT-JEE) + 17 yrs JEE Main Topic-wise Solved Paper Chemistry 
Clothing & Accessories,1,"Nykaa Lips Don't Lie Liner (Chocolate Boy-10) Easy to line and fill with its high-precision tip, this lip pencil is packed with a velvety formula, which provides ample playtime to create a perfect long-lasting base for your lipstick. No feathering out of bounds & no smudging, flaunting luscious, naturally-voluminous pout all day long, is no lie with this baby!"
Clothing & Accessories,1,Kiddeo Boys Cotton Sleeveless T-Shirt - Pack of 5 Kids Printed Sleeveless T-Shirt for boys which Is Made Of 100 percent Cotton 170 gsm fabrics available In different Combos Which will make your kid to stand out from others
Household,3,"Lotus Herbals Ecostay Kajal, 1.2g The formula gives smooth-powdery intense color pay-off combined with excellent blendability and waterproof long lastingness."
Household,3,"eerafashionicing Light Gold Leaf Patches -20 Pieces for Craft Home Decor Designing Hobby Dresses (Light Golden) The embroidered patches good for cloth, jackets, vests, jeans, blouses, pants, t-shirts, skirts, hats, shoes. It can not only be a patch to repair your clothes, hats or more, but also can be a cool decoration. Fantastic decoration for you. Furthermore, the patches are easy to sew or iron on all sorts of fabric."
Electronics,2,"Kindle Oasis - 7"" High Resolution Display, Waterproof, 8 GB, WiFi"
Clothing & Accessories,1,"Analogue Men's Blue Dial Watch and Wayfarer Sunglasses Combo Set Durable & long lasting, very fashionable & stylish make a great gift pack to your loved ones. It has a leather band and comes with a blue-black dial."
Clothing & Accessories,1,"COMBO OF THREE REVO KIDS BELT - SCO2020 This is a Genuine Kids Three belt Combo , a Fashionable belt set for all Kids"
Electronics,2,"GIGABYTE GeForce GT 1030 GV-N1030D5-2GL Low Profile 2G Computer Graphics Card 64 bit Bus Width - Fan Cooler - OpenGL 4.5, DirectX 12 - 1 x HDMI - 1 x Total Number of DVI - PC - 2 x Monitors Supported"
Books,0,GMAT Official Guide 2018 Verbal Review: Book/Online (Old Edition) 
Household,3,"DeckUp Bei Bedside Table and End Table with Storage (Dark Wenge, Matte Finish) Color:Dark Wenge   This product is DeckUp Muvo Side End Matte Finish Table with Storage and Drawer (Dark Wenge)."
Clothing & Accessories,1,nauti nati Girls' Regular Fit Trousers Nautinati Black jegging.
Electronics,2,AmazonBasics 17.3-inch Laptop Bag (Black) Size name:17.3-Inch   AmazonBasics 17.3-inch Laptop Bag (Black)
Books,0,UGC NET/JRF Exam Solved Papers Psychology It is a book
Household,3,"Palio CJ8000 (H36-38, 2-Side Loop Type) Pips-in Table Tennis (Ping Pong) Rubber with Sponge (red, 2.2mm)"
Electronics,2,Lifestyles of the Laptop Cafe                                                                                                                                                                                                                                                                Import
Household,3,MBTC Three Seater Airport Visitor Waiting Chair (Set of 2) Frame Material : Mild Steel with Chrome FinishBase Material : Metal Style: Modern Three Seater Chair General Information & Features Color Silver Chrome Finish Chrome Suitable Room Office/Lounge Seat Shape Square Material Frame Material Mild Steel Seat Material Metal Dimensions & Shipping Max. Overall Height (cm) 108 cm Min. Overall Height (cm) 77 cm Overall Width (cm) 175 cm Overall Depth (cm) 65 cm Weight (kg) 29 kg Shipped In 2 Parts Assembly Type Knock down
Electronics,2,"Kores Easy Cut 872 Paper Shredder, Multicolor The Kores Easy Cut 872 is a powerful shredder perfect for heavy duty usage. It works continuously for 60 minutes and features a slider cover for machine power on. Cross cut type. Opening width - 220mm. Separate cd slot and pull out bin. Manual/auto reverse - auto. Overload and overheat protection. Overload and overheat indication. Switch functions - slide up/down to power on/off. Standby led indication and bin-full indicator. Caster wheels. Shred staples and shred's small paper clips and shred credit card. Auto start/stop."
Electronics,2,"Edimax EW-7811Un Wi-Fi USB Adapter (Black and Gold) Size:N150   Edimax EW-7811Un 150Mbps 11n Wi-Fi USB adapter, Nano size lets you plug it and forget it, ideal for Raspberry Pi, supports window."
Electronics,2,"Logitech 980-001276 Bluetooth Audio Receiver with USB (Black) Multi-point Bluetooth technology. Stream your favorite music from your smartphone or tablet to your speakers. Pair your Bluetooth enabled smartphone and tablet with a convenient, one-push pairing button. Easily connect most computer speakers, home stereo systems or AV receivers via the 3.5mm or RCA inputs. Enjoy the convenience of automatic re-pairing. Stream and control your music with a reliable connection from up to 15 meters (50 feet)."
Books,0,"War and Peace About the Author Born to an aristocratic Russian family in 1828, he is best known for the novels War and Peace (1869) and Anna Karenina (1877), often qouted as pinnacles of realist fiction. He also wrote plays and numerous philosophical essays. Tolstoy also became a staunch advocate of Georgism, the economic philosophy of Henry George, which he incorporated into his writing, particularly Resurrection."
Clothing & Accessories,1,Gini & Jony Baby Boy's Slim Fit Trousers Gini and Jony boys woven plain trouser fixed waist and cotton casual wear.
Clothing & Accessories,1,"NammaBaby Infants Pajama Leggings with Booties - Set of 6 NammaBaby presents this cute booties leggings for your little one. Printed color footed leggings soft elastic waist. Made from soft fabric, this footed leggings will help keep your kid comfortable all day long.team up this bootie leggings with t-shirt to complete the look."
Clothing & Accessories,1,"BabyMoon Baby Photography Props Cap Crochet Clothing Made with Love this Adorable Dinosour Design Crochet Cap from Babymoon, is specially designed for the babies to wear. Best for Memorable Photoshoots, Photography, Baby Shower gifts & presents. It’s suitable for baby to wear on any occasion may be on Parties, Daily wear or Social Gathering. This attractive Baby Outfit is 100% brand New and is of high quality.  Package Includes: 1 Cap"
Household,3,"H M Services Bamboo Cane Rocking Chair (Brown) Rattan cane rocking chair and seat cushion handicraft, beautifully designed rocking chair used in art- loving households and establishments. Gives an aesthetic look and reflects the combination of traditional elegance and contemporary convenience. Features : looking, light weight, eco-friendly, and handicraft work of specialised rural artisans."
Household,3,Savers Choice 3 Door Wardrobe With Mirror A perfect wardrobe for your need. Warranty:- 24 months on manufacturing defect
Books,0,"The Genius of Birds About the Author Jennifer Ackerman has been writing about science, nature, and human biology for almost three decades. Her books include Sex Sleep Eat Drink Dream: A Day in the Life of Your Body; Chance in the House of Fate: A Natural History of Heredity; and Notes from the Shore. She is a contributor to National Geographic, The New York Times, and many other publications."
Electronics,2,"Zebronics Laptop Cooling Pad (Color May Vary) Zebronics is a IT & Gaming Peripherals, Sound systems, Mobile & Lifestyle Accessories & Surveillance Solutions brand with a mission to provide products which are Great on design, performance yet so easy on pocket."
Household,3,"Usha Striker High Speed 400 mm 3 Blade Pedestal Fan (White) High speed.auto thermal overload protection.powerful motor for high air , specially designed for indian weather conditions.jerk-proof and uniform oscillation.aerodynamically designed pp blades. compact style and powder coated guards.No of blades : 3, power consumption (in Watts) : 135, motor speed (In RPM) : 1900-2100 rpm, sweep (In mm) : 400 mm, air delivered : 100 cmm"
Household,3,"Valtos Melbourne Engineered Wood Coffee Table (Matte Finish, Wenge) Coffee table with storage made of engineered wood, a mind blowing cost is certain to supplement your living space."
Household,3,"Artworks: Meaning, Definition, Value Review ""Artworks offers a thorough, balanced, and incisive account of the important positions on this issue and makes an interesting and persuasive case for a position that is intuitively attractive."" --Anita Silvers, San Francisco University ""His book makes a valuable contribution to the ongoing debates and one can only admire Stecker's mastery of so many subtle points and arguments."" --Stein Haugom Olsen, Philosophical Review 				    	 					 About the Author Robert Stecker is Professor of Philosophy at Central Michigan University."
Electronics,2,"SanDisk Ultra Dual 64GB USB 3.0 OTG Pen Drive (Gold) Size name:64GB   The SanDisk Ultra Dual Drive m3.0 makes it easy to transfer content from your phone to your computer. With a micro-USB connector on one end and a USB 3.0 connector on the other, the drive lets you move content easily between your devices-from your AndroidTM smartphone or tablet to your laptop, PC or Mac computer1. The USB 3.0 connector is high-performance and backward-compatible with USB 2.0 ports. The SanDisk Memory Zone app2 for Android (available on Google Play) helps you manage your device's memory."
Clothing & Accessories,1,"Bold N Elegant Women's Faux Fur Fingerless Gloves (French Beige_Free Size) One size fits all, extended wrist length adds sophisticated style to your look. Soft feather faux rabbit fur construction provides great comfort and warmness.Great pair of gloves for the office, it will keep you warm while your fingers can still function conveniently in cold weather conditions. Can also be a good gift for your friends."
Household,3,"500pcs 12mm Rhombus Shape Glass Beads for DIY & Craft, Mosaic Art, Mosaic Making. Size:12 mm   *** Size *** 12 Millimeters (1.2 Centimeters) ***Quantity*** 500 pieces *** Colour *** Front Mirror & Back Side Green"
Clothing & Accessories,1,"Bonjour Girls' Tights Bonjour baby tight keeps your baby’s legs warm in the coldest weather. When the weather is cold outside, this tight prevents small toes and legs from freezing. Made with a mix soft brushed cotton & lycra, treated with a special antimicrobial treatment. These tights offer non bulky , bacteria free warmth. Made from stretchable and breathable fabrics, these can be worn with tees and dresses anytime. Contrast colour with attractive and pretty design make it stylish."
Electronics,2,Himalaya Wellness Pure Herbs Gokshura Men's Wellness - 60 Tablets Size:Pack of 1   Ingredients: Gokshura (Tribulus terrestris) fruit extract - 250 mg
Household,3,Bluewud Phelix Wall Decor Book Shelf/Wall Display Rack (3 Shelves) - Ideal for Gift. Size:3 Shelves                                                                                 |                            Color Name:Wenge   Bluewud Phelix Wall Decor Book Shelf/Wall Display Rack (3 Shelves)
Clothing & Accessories,1,Jockey Boys' Starred Regular Fit Cotton Vest
Household,3,"Royal Bharat Sleep N Dream Chair - 3 Step adjustible Wooden Folding Portable Chair/Relaxing Chair/Garden Chair/Outdoor Chair/Camping Chair with Teakwood Polish with Attractive Cotton Canvas Cloth Canvas fabric for comfortable seating. Unique folding mechanism. Unique design that allows you to easily change, wash the seating fabric as per your needs."
Books,0,"A Text Book on Production Engineering for UPSC, ESE, GATE, PSUs Exams "
Books,0,Distributed Operating Systems: Concepts and Design 
Electronics,2,Mi Original India Standard Charger 5V 2A Mi wall charger specifically designed for Mi Mobile devices.
Clothing & Accessories,1,"Wish Karo Baby Girls Party Wear Frock Long Dress DN (LFg1006sg) Your little angel will look classy when you dress her up in this frock dress from Wish Karo. This beautiful elegant baby girls frock dress is made up of soft net. It has satin and cotton lining and non pricky. Ideal for all party occasions, birthday, festives and gifting . Wish Karo has an excellent collection of baby girls party wear like gowns, long frocks, premium cotton dresses, ethnic lehenga - ghaghra cholis as well as silver jewellery and articles"
Clothing & Accessories,1,Vritraz Women And Girl Fashion Metal Stretchable Gold Plated Belly Chain Waist Luxuary Gift Belt Jewellery kamarband Waistband
Clothing & Accessories,1,"Rovars Boys Spandex Swimming Shorts Planning a trip to sunny beaches this summer? Better not forget to pack this colourful swim shorts from Rovars. Its enticing geometric design assures lots of attention from both the sexes, while its polyester spandex fabric promises stretchable comfort and a proper fit. Let your little boy have an enjoyable splashy time this summer wearing Rovars costume. These regular-fit costumes are not only visually appealing, but are comfortable to wear too. Boys will enjoy a great summer splash in the pool with this comfortable and trendy swimwear."
Books,0,Cipla Immuno Boosters 7+ Years - 360g (30 Count) Activkids immuno boosters by Cipla is a unique nutritional product for kids in a yummy choco-bite format that helps build Immunity. 1 choco-bite daily helps kids receive up to 100 percent RDA of important immunity nutrients.
Household,3,"Embroiderymaterial Pony Crochet Knitting Plastic Needles Set (Standard Size, Multicolour) - Pack of 5 These hooks are available in a pouch that consist 5 pieces of different sizes, each of length of 14cm. These hooks are perfect to use with wool, cotton or synthetic yarns to crochet garments, rugs, bags, hats, footwear, etc. The handle attached to the crochet hook allows firmer grip for constant use."
Books,0,On the Edge: My Story
Books,0,"Weir, Generic, 8-1/8"", Jacuzzi PMT"
Books,0,"2019 Chartered Financial Analyst (CFA) Level 1 Curriculum Note: This is PDF printed books and not imported ones. High quality printing and Smart sheet assured only from Havels Group. Free Question Bank can be downloaded from Booksgrab.com  The set includes 6 volumes of books covering entire 2019 Level I syllabus. Volume 1: Ethical and Professional standards, Quantitative Methods . Volume 2: Economics. Volume 3: Financial Reporting and Analysis. Volume 4: Corporate Finance and Portfolio Management. Volume 5: Equity and Fixed Income. Volume 6: Derivatives and Alternative Investments."
Clothing & Accessories,1,"IndiWeaves Girl's Cotton Printed Leggings-Pack of 5 IndiWeaves you high on fashion, easy on pocket, cotton rich leggings for kids and girls. Suitable for all weather climate, eco-friendly and skin friendly dyes used, as your skin. Made of cotton lycra blend and the waist band being elasticated, IndiWeaves leggings will give you the of comfort and fit."
Household,3,"Satyam Kraft moti (Off-White) (6 mm)1200 PCS Pearl, Crafts Artificial Pearl Beads for Beading DIY Jewellery Size:6 mm   Pep up your special occasion jewellery collection by designing your own stunning pearl accessories with plastic pearl beads. There is a hole in the centre of each sized pearl to thread a string through if needed. These pearls can be used for several other purposes as well."
Household,3,"Bharat Lifestyle Cosmo Plus Fabric L Shape Acacia Wood Sofa - 3 Seater + 2 Seater + 1 Corner Sofa (Black Grey) Bharat Lifestyle brings to you modern and comfortable sofa set for your living room. Bharat Lifestyle cosmo plus L-Shape Black Grey Fabric Sofa Set 3+2+C is made of acacia wood. It has an elegant design which enhances the interior decor of your living room. Designed in such a way, the sofa is comfortable to sit. this sofa today"
Books,0,Target VITEEE - Past 12 Years (2017-2006) Solved Papers + 10 Mock Tests 
Electronics,2,"Harjas 3 Port HDMI Switch This is a kind of high performance mini HDMI Switcher. It is compatible well for HD-DVD, SKY-STB, PS3, Xbox 360 and more, which has key-press-switching function. Mini size so it doesn't occupy much space or look messy. Avoid frequent plugging and unplugging of HDMI cables. No power needed. Support 1080p Full HD and 12-bit deep colour, retaining the crispy clear images. High performance up to 2.5 Gbps."
Household,3,SPA 100M Crystal Line String Thread Stretch Elastic Beading Cord Dichotomanthes 0.8M Description 100m crystal line string thread stretch elastic beading cord dichotomanthes 0.8mm
Household,3,Making Miniature Oriental Rugs and Carpets (Master Craftsmen) 
Household,3,"USHA Plastic Fiber Tower Fans (White and Black) This 100% copper motor for longer life 35W Warranty: 1 year Compact, sleek and attractive design for high air delivery fuse to auto-protect motor during thermal overloading Tubular centrifugal blower helps the fan sport a space-saving design."
Household,3,"Invezo Impression Portable Gazebo/Canopy Tent (3 x 6 m, 30 kgs, Red) This is a 10 x 20 Gazebo tent. No tool Required for installation. Installation manual provided inside the packaging. Please be to contact for better understanding of the the Product. This product is manufactured by Adapt Affairs and marketed by Invezo Impression."
Household,3,Havells Glitz 400mm Pedestal Fan (Antique Brass) High Gloss Antique Brass Electroplated finish.Powerful motor combined with classic aluminium blades for high air thrust.Telescopic height adjustment and sturdy metal base for better stability.
Electronics,2,"Lambent Wireless Bluetooth Receiver Adapter 3.5MM AUX Audio Stereo Colour:Car Recever   3. 5MM Jack - Listen to wireless music from your mobile phone, tablets, PC and Apple devices - Wireless Bluetooth Connectivity - Easy Paring - Support Bluetooth V. 3 Class 2 - Charge device while listening to music via USB port and car kit requires a 3. 5"
Household,3,AmazonBasics 6-Piece Dinner Plate Set An Amazon Brand.
Books,0,"यू जी सी – नेट जूनियर रिसर्च फैलोशिप एवं सहायक प्रोफेसर योग्यता परीक्षा सामान्य पेपर- 1, 15 वर्षो के प्रश्न पत्र (हल सहित) पुस्तक के विषय में - यह पुस्तक छात्रों के लिए प्रकाशित की गई है जो यू जी सी -- नेट के सामान्य पेपर 1 की तैयारी कर रहे है . परीक्षाथी को किसी भी विषय के पेपर 2 में बैठे के लिए सामान्य पेपर 1 में उत्तीर्ण होना अनिवार्या है! पुस्तक में केवल 15 वर्षो के प्रश्न पत्र हल सहित दिए गए हैं! सभी हल UGC परीक्षा के विशेषज्ञों द्वारा एक सरल और स्पष्ट तरीके से तयार किये गये हैं!"
Household,3,"BMS Lifestyle 450MM 5 Blade Pedestal Fan (White) BMS Lifestyle Pedestal Fan is a distinctively designed fan that delivers a power packed performance. It is made up of high quality materials that make it very durable. BMS Lifestyle Pedestal Fan features a powerful energy efficient motor, telescopic height adjustment, smooth oscilation and three-speed control Cool air stays at a lower level of a room. These portable floor fans throw the cool air horizontally, thus circulating it to provide instant relief and comfort without disturbing the hot air accumulated at the ceiling."
Electronics,2,"MikroTik Wireless Access Point RB951Ui-2HnD mikrotik rb951g-2hnd routerboard 951g-2hnd wireless access point 600mhz cpu, 128mb ram, 5 x 10/100/1000 lan, built-in 2.4ghz 802b/g/n 2x2 two chain wireless with integrated antennas, plastic case, psu, routeros l4."
Electronics,2,"Alfa AWUS036ACH 300 Mbps Wireless USB 3.0 Wi-Fi Adapter (Black) Enjoy the latest generation wireless technology with your personal computer. THis device enables faster speed, farther signal coverage, and most stable, backward compliant wireless communications."
Electronics,2,"Verbatim 700 MB 2x-4x DataLifePlus Silver Inkjet Printable Rewritable Disc CD-RW, 50-Disc Spindle 95159 CD RW 700MB 2X 4X 50pk Spindle"
Clothing & Accessories,1,NGT Women's/Girls Hi Waist/Strechable/Skinny/Slim Fit Jeans
Electronics,2,"Lapcare Adapter for HP 18.5v 3.5A 65W Yellow Pin A laptop adapter is crucial for the smooth use of the device, as it enables you to charge your laptop batteries with ease. Each brand and model has a specific laptop power adapter that is compatible with it. Thus it is important to know your laptop model well before you purchase a replacement adapter for it. Proper voltage, watts and amperage of your laptop model are some essentials that you need to keep in mind."
Books,0,Marketing Aptitude for Bank Clerk/ PO/ Specialist Officer Exam 
Books,0,"Msc Nursing Entrance Exam Guide (Useful For Aiims, Rak, Jamia Hamdard,Post Basic Bsc Nursing) (Old Edition) Msc Nursing Entrance Exam Guide (Useful For Aiims, Rak, Jamia Hamdard,Post Basic Bsc Nursing) BYNarwal Abha, 9789386107053"
Clothing & Accessories,1,"Sorella'z Boys Satin Black, Navy Blue, Red & Maroon Bowtie Combo House of Sorella’z presents affordable fashion accessories combo for Boys. It can be used on different occasion as well as a good option as a gift for friends. Bowtie has a adjustable strap which fits most necks boys from 3 to 10 year old. Best quality Satin material is used to stitch these bowties."
Electronics,2,Sandisk 32GB MicroSDHC Class 4 Memory Card & MicroSDHC Card Reader (Bulk) sandisk 32gb class 4 microsdhc card with sd adapter and micro usb flash card reader / writer r13. brand new in bulk packaging.32gb microsdhc memory card.class 4 - 4mb/s read/write speed.transflash memory and usb memory card reader.
Books,0,National Insurance Company Limited Administrative Officers Exam Books 2018 Buy Now Complete Study Material of ( National Insurance Company Limited ) Administrative Officers Exam Books 2017 Books at Sura Books. Contents ❀ NICL AO ❀ Qualification & Scheme of Exam ❀ NICL ASSISTANTS - Preliminary ❀ Model Solved Question Paper ✓ English Language(BC) ✓ Reasoning Ability ✓ Numerical Ability(Quantitative Aptitude)
Electronics,2,"Sony MP-CD1 Compact Pocket Size Mobile Projector (Black) Super-convenient portability & Compact and light weight premium aluminum design as Put on a show anywhere, anytime. 105 ANSI lumens/DLPR IntellibrightTM technology designed to intelligently manage image brightness & Power consumption. Short Throw- Display your content on a screen, up to 120” at a 11-foot throw distance"
Household,3,"Bluewud Noel CT-No-RTW Coffee Table with Shelves (Wenge) Color:Wenge   Bluewud designs, manufactures and markets range of innovative and contemporary furniture and home decor products. Our designs complement and connect with our consumers' lifestyle, imagination and aspirations. Our manufacturing facility in India is located in Noida, Delhi NCR which is completely equipped with state of the art machinery."
Clothing & Accessories,1,"Jainsons Women Synthetic Leather Casual Belt Combo of 3 pcs Passionately selected and quality certified, this Jainsons belt is brought to you from the trendy collection. This high quality colored casual belt is crafted from Synthetic Leather. Your casual attire will look appealing when worn with this piece. Have a peace of mind, reliability, security of buying value for money goods from the store of Jainsons, a national reputed brand you can trust."
Books,0,Bank PO Quantitative Aptitude Chapterwise Solved Papers 1999 Till Date 7500+ Objective Question - 2297 
Clothing & Accessories,1,Fourgee Women's Skinny fit Jeans FOURGEE as a brand which brings you quality and affordability. We take pride in our commitment to maintain quality standards in each piece that is marketed by us. Every FOURGEE piece embodies the perfect balance between aesthetics and functionality.
Electronics,2,"Authentic Antenna - GSM FCT Antenna - Stick Antenna Antenna for GSM FCT devices - Stick Antenna GSM FCT Antenna GSM FCT (fix cellular terminal) device is used for voice call service by GSM SIM network, Antenna is essential part of GSM FCT device, Stick antenna is used to fetch network from tower to device This antenna is supported to GSM FCT of micormax, pacetel, authentic etc... and other GSM Module"
Electronics,2,"Little Monkey Rectangular Shape Multipurpose Organizer Plastic Tray, Big Size, Multicolour -Pack of 6 Little Monkey Rectangular Shape Multipurpose Organizer Plastic Tray, Big Size, Multicolour - Pack of 6."
Clothing & Accessories,1,Campus Sutra Women's Cotton Open-Shoulder Top Add a fresh and vibrant touch to your casual wardrobe with this Top from Campus Sutra. Team it with a pair of black jeans and flip-flops or shoe for a cool look.
Electronics,2,"D-Link 4-Port USB KVM Switch (DKVM-4U) the d-link 4-port usb kvm switch (dkvm-4u) allows you to control up to 4 pcs using one monitor, usb keyboard and usb mouse. it is ideal for anyone who has to work with more than one computer to eliminate the need for additional monitors, keyboards and mice, saving the money and freeing up the desktop space."
Electronics,2,"Gizga Essentials GZ-CK-104 Professional 6-in-1 Cleaning Kit (Air Blower, Cotton Swabs, Suede + Plush Micro-Fiber Cloth, Brush,Cleaning Solution) Size name:6-In-1 Cleaning Kit   6-in-1 cleaning kit, the 6-piece cleaning contains the essential items necessary for the proper maintenance and care of your optical equipment. It easily cleans dirt and dust. Effectively removes smudges and fingerprints from lenses, LCD and other optics."
Books,0,Grandma Tales Collections for kids by InIkao: Set of 7 Traditional Tales collections Set of 7 Story Books for kids. A4 Size 24 Page Story Book with a total of 75 + Stories for kids. Each Book contains single page stories with simple english and colourful images for respective stories.
Clothing & Accessories,1,Yjack Creation Girl's Banglory Silk Semi-Stitched Lehenga Choli (Kids_8-12 Years Age_Free Size)
Books,0,ESE 2019 Prelims Exam: Civil Engineering - Topicwise Objective Solved Paper - Vol. I 
Books,0,"CCNA Routing and Switching Complete Study Guide, 2ed: Exam 100-105, Exam 200-105, Exam 200-125 About the Author Todd Lammle , Cisco certified in almost every category, is the authority on Cisco networking and certification. His three decades of real-world experience is prevalent in his writing. He is an experienced networking engineer with very practical experience working on the largest bounded and unbounded networks in the world at such companies as Xerox, Hughes Aircraft, Texaco, AAA, Cisco and Toshiba, among many others."
Electronics,2,"Its Good Products Lapboard For Laptops Till Screen Size 16 Inches (Black & Yellow) Colour:Yellow   LapBoard, is an ergonomically designed multi-utility support that makes using laptop, books, hot bowl of soup, etc. easy to you without the restrictions of a table and chair. With a sturdy and firm top surface coupled with soft bead based cushion, LAPBOARD is perfectly stable on your lap whether you are comfortable on a bean bag, on your couch, your car or the chair!"
Electronics,2,"ANDTRONICS 16A 250v Heavy Duty Copper Power Cord - Indian Power Plug to IEC Socket Description Full Copper, heavy duty cable 16A 250v Indian Power Plug to IEC Socket Fully molded design for maximum durability and long life Ideal for Desktops, Printers, Monitors, Kettles, Large Print Machines, Workcenters, Imaging Machines & other gadgets with IEC socket Color:Black Package Includes 1 x 16A Power Power Cord Warranty 3 Months Warranty only when purchased from SuperShopperIndia"
Electronics,2,"Generic 15.6"" Slim LED 30 PIN eDP Replacement Screen for ASUS A555LF XX Series Laptop Laptop Replacement Screen. Perfect fit for the specified laptop modal number."
Household,3,"Segolike 8 Pieces Assorted Iron On Embroidery Birds Applique Patches Description:Fine workmanship and beautiful patchesSuitable for clothes, embellishments,scrapbooking,etcSimply iron-on to any piece of clothing, bag, or whatever fabric you wantMaterial : FabricSize: AssortedPackage Includes:8 Pieces Iron On AppliquesNote:Due to manual measurement, it allows 1-2(cm) discrepancy."
Electronics,2,Webcam HD 4310**New Retail** Webcam HD 4310**New Retail**
Household,3,Storite Business Visiting Card Holder Book Case Album Name Card Holder Organizer for 480 Cards – Red
Books,0,Barrons Math Workbook for the New SAT 
Clothing & Accessories,1,Creature Men's Cotton Calf Length Check Print Formal Socks Combo of 3(SCS-13.1) These socks are crafted from 100 percent combed cotton and hence will keep your feet comfy and cozy all through the day. Get the Ankle with these extremely discreet Ankle socks from Creature. The socks not only help you look good but also enhance the life of your shoes while keeping your feet clean and fresh.
Clothing & Accessories,1,Devil Kids Winter Black Sweater High Neck Devil presents Woollen High neck for kids.
Electronics,2,"Devizer Android Dongle as MINI PC Convert Any Tv Into Smart Tv, Access Internet Wirelessly, Plug & Play Movies/Videos Any Format, Play Games On Bigger Screen, Full Access Of Play Store For App Download, Tv Can Be Used As A Pc, Mirror Your Smart Phones."
Clothing & Accessories,1,Rupa Thermocot Boys' Plain Cotton Thermal Bottom
Clothing & Accessories,1,FabSeasons Cotton Unisex Adjustable Size Summer Cap
Clothing & Accessories,1,fourgee Women's Skinny Jeans FOURGEE is a brand which brings you quality and affordability. We take pride in our commitment to maintain quality standards in each piece that is marketed by us. Every FOURGEE piece embodies the perfect balance between aesthetics and functionality.
Clothing & Accessories,1,IndiWeaves Girls Cottton Black Leggings Pack of 3 (71405-3-IW-34_Multicolor_11-12 Years) IndiWeaves are designed perfectly in Summer colours with Soft cotton Fabric. Fresh Designs will keep you on top outlook in your Team. All IndiWeaves Products are handpicked by a team of textiles engineers and fashion enthusiasts and are selected taking into consideration the latest fashions trends and customer likings. This product looks even much better in actual than it already does in the image shown here. We assure that you would simply love this product
Household,3,"Tied Ribbons Multipurpose Foldable Coffee Table for Patio Garden Indoor Outdoor Camping Picnic Party Home(Wood and Metal,58cm x 58cm x 50cm) PORTABLE AND STURDY - This light weight table can be folded into half it's size. This makes it extremely easy to carry around. The compact design does not take its strength away, it can withstand up to 50 kgs. HIGH QUALITY - High quality wood is used to achieve a smooth and finished product. The table is coasted with a protective layer which makes it durable. It can be wiped clean with a wet cloth if required."
Clothing & Accessories,1,ISAKAA 5 Baby Cotton Pajamas and Pants - Cartoon Design Refresh your babies clothing with the awesome collection of Colorful Pajamas from ISAKAA. These Pajamas are made of cotton and suitable for both boy and girl babies. The feel of the fabric keeps your baby comfortable in all the seasons. This product is made from cotton and finished in an attractive set of colors. It features a Capri Round Bottom. Normal hand wash or machine wash for best results.
Electronics,2,"Kindle Paperwhite 3G (7th gen), 6"" High Resolution Display with Built-in Light, 4GB, Wi-Fi + Free 3G"
Clothing & Accessories,1,Brim Hugs and Cuddles Velour Caps for Baby Boys and Girls(Pack of 5)
Electronics,2,"Tape and Dispenser Pack, 2 Rolls/Tape 48mmx50m, Clear, Sold as 1 pack BRAND : 3M, Scotch 38502ST HVY-Duty Tape Pack"
Electronics,2,ProElite Ultra Slim Smart Flip Cover for All New Amazon Kindle Paperwhite 10th Generation (Dark Blue) Size name:Paperwhite 10th Gen                                                                                 |                            Colour:Dark Blue   Ultra Slim Flip case for Amazon Kindle Paperwhite 10th Generation with auto sleep wake up function and magnetic lock. Very Light Weight and easy to carry.
Household,3,TCLPVC Economy Bamboo Blind Chick Window Closer Curtain  (4 Sizes) Natutal Range… (W6/H7) Tclpvc Economy 6/7 feet Bamboo Chick Window Closer - Curtains For Balcony - Windows - Outdoors - Door - Kitchen - Home - Office - Hotel - Resorts – Blinds - Shades – Screens - Patio Umbrellas - Canopies - Shade - Sunscreen Fabric - Screens - Protection - Balcony Privacy - Protective Screens - window blind curtain – Verandas - Public Areas - Door Curtain - Fly Screen - Divider Room US - 1026
Household,3,"Royaloak Divine Single Seater Rocking Recliner (Brown) Size:Single Seat   Lounge and relax for hours with this comfortable and affordable recliner from Royal Oak. The recliner has several reclining positions and can be adjusted to your favourite angle easily. The recliner has a soft suede fabric, which is plush and soft-to-the-touch. The recliner is crafted from excellent quality hardware and made to last for long."
Electronics,2,"Harit From Kartik 1 Inch Inlet-Water Tank/Screen Filter Y Type-120Mesh/130 Micron With One Extra Replacement Cartridge - Black HARIT screen filter is a sediments filter used to block passage of sand,silica,iron type sediments of 130 micron size from overhead tank to sanitary fixtures NOTE: SCREEN FILTER CAN NOT CONTROL CALCIUM/SALT/HARDNESS OF WATER as its not a softener or water purifier"
Electronics,2,"iBall Compbook Aer3 Pentium 13.3-inch Laptop (4GB/64GB/Windows 10/Golden/1.58kg) Powered by an Intel Pentium Processor and comes with a pre-loaded Windows 10 Home Single Language. Open Up to fly high to achieve all the possibilities and opportunities with this key gadget to success. Hitting the sweet spot, iBall CompBook Aer3 is encased with a stunning full metallic body and is designed aesthetically with luxurious Gold, which leaves you mesmerized."
Books,0,"10 Actual, Official LSAT Preptests: 5 (Lsat Series) "
Electronics,2,"iBall Upbeat D3 Headset(Black) At iball, there is a continuing endeavour to improve, enhance and introduce robust products with the latest technologies."
Clothing & Accessories,1,Mothercare Girls' Leggings Mothercare Girls' Leggings
Clothing & Accessories,1,"Superman By Kidsville Boys' Sweatshirt Give your little one a new look this winter which will keep them cozy & comfortable with this character printed sweatshirt featuring Superman by kidsville crafted out of 60% cotton 40% poly fleece fabric which keeps warm , this sweatshirt with fleece can be worn anytime for a cool casual look team this with character shorts, joggers or denims"
Electronics,2,Transcend TS-RDC8K Type-C Multi Card Reader for SDHC/SDXC/MS/CF This card reader is compact and easy to carry. It sports a LED indicator to show card insertion and data transfer activity.
Clothing & Accessories,1,"DAMEN MODE Women's Plain Regular Fit Shirt DAMEN MODE presents a complete fashion wardrobe that complements every facet of your personality at work, when you are relaxed, while you party and for those special occasions. Discover a tempting range of designer wear, work wear, relaxed wear, club wear and fashion accessories."
Electronics,2,"ZOTAC GeForce GTX 1050 Ti mini ZT-P10510A-10L 4GB GDDR5 PCI Express Graphics Card Style name:1050 Ti Mini, 4GB   Turn your PC into a true gaming rig with the fast, powerful geforce GTX 1050 Ti. It's powered by NVIDIA Pascal - the most advanced GPU architecture ever created - and features innovative NVIDIA technologies to drive the latest games in their full glory in super compact solutions."
Clothing & Accessories,1,Cherokee by Unlimited Boys' Regular Fit Cotton Jumpsuit
Household,3,"lovelyhome Zipper Portable and Mini Sew Kit for Travelers, Beginner, Emergency"
Clothing & Accessories,1,Cherokee by Unlimited Boys' Regular Fit Shorts Cherokee apparel junior shorts. It is made of 100% cotton twill fabric with solid pattern.
Household,3,"HOME BUY 5 in 1 Air Sofa Cum Bed with Pump Lounge Couch Mattress Inflatable (3 Seater, Black)"
Household,3,"APKAMART Handcrafted Bedside Table - 18 Inch Height - Handicraft Corner End Table for Room Decor, Home Decor and Gifts APKAMART presents to you a beautiful bedside table with an attractive design to keep all your necessities. Made of wood it will add a visual appeal to the room. Its has enough space to keep all required things and table top has enough space to keep other decorative products like flower vase etc."
Electronics,2,Koryo (KHT4212FB) 2.1 Channel Speaker System Black - 4200W PMPO
Clothing & Accessories,1,Tinchuk Kids Pajamas Baby Pajamas with Rib Mixed Prints Multi-Coloured - Set of 6 Tinchuk presents this pajama for your little kid. Crafted from soft fabric for a comfortable and warm feel. The all over print on the solid color base makes it look attractive. The elasticated hem adds an element of stylish look to the pajama. Soft elastic waist gives proper fit while being soft on your kid's skin.
Electronics,2,M-DISC 4.7GB Recordable DVD Single Disc Pack. Archival storage medium M-DISC- Recordable DVD 4.7GB of data with a 1000 Year Life. Tested and verified by U.S. military for its 1000 year life.
Books,0,24 years CAT Topic-wise Solved Papers (2017-1994) with 6 Online Practice Sets 11th edition 
Electronics,2,"Samsung T5 500GB Portable Solid State Drive (Blue) Storage made new with Samsung T5 which comes with 540mbps transfer speed, sleek and solid AES 256-bit hardware encryption and shock resistance from falls up to 2m."
Clothing & Accessories,1,EIO® New Born Baby Multi-Color Long Sleeve Cotton Sleep Suit Romper for Boys and Girls Set of 3 Stylish 3Pcs Romper Suits from the house of Mini Berry Cute print on solid colour makes it attractive and stylish. The soft 100% cotton snap buttons easy wear and proper fit. Kids will be comfortable in these cute color and cartoon print for all day long.
Electronics,2,"Samsung EVO Plus Grade 3, Class 10 64GB MicroSDXC 100 MB/S Memory Card with SD Adapter (MB-MC64GA/IN) Simply the right card, More space and higher speed. Free up your devices with the largest capacity and highest read/write speeds in its class, perfect for 4K UHD video.With astonishing performance and reliability, EVO Plus lets you save and treasure the richness of life."
Books,0,"Akrobo Twister Ultimate Game - Multi Color Add a burst of fun into any party or family night with the hilarious game that ties players up in knots. The Twister Ultimate game features a larger mat with 2 times the numbers of spots! You'll still enjoy classic Twister gameplay but now the game also features 2 special gameplay options that make it even more outrageous and fun. Choose to play Spot Elimination to lose a row and make the game more challenging, or play Spinner's Choice -- where the spinner chooses the next move. Play whichever way, but don't fall over. The last player standing wins!"
Electronics,2,Skybags Vortex 33 Ltrs Blue Laptop Backpack (LPBPVOREBLU) Stylish everyday backpacks with spacious compartments.
Electronics,2,"Quantum QHM8810 Keyboard with Mouse (Black) Ultra slim and long life due to scissor-key structure compact size for space saving key pressure:55g, comfortable feeling. Effectively reducing typing stress, release the arm muscle. Strain noiseless design achiever undisturbed working environment. Dimension: 462x180x20mm. Life-span of operation: 10,000,000 times Compatible with Windows 98/2000/ME/NT/XP/Vista/WIN7."
Electronics,2,"HP 15 AMD E2 15.6-inch Entry Level Laptop (4GB /1TB HDD/Windows 10 Home/Jet Black/2.04 Kgs), 15q-bw548AU Designed for long-lasting performance, this stylishly designed HP 15"" laptop has a long-lasting battery that keeps you connected, entertained, and productive all day. Speed through tasks, or sit back and socialize – with the latest processors and a rich HD display. Do it all, all day."
Clothing & Accessories,1,"DADDY GTM Women's Cotton Knee High Socks (DG 72, Cream and Black, Free Size) Black&cream knee high girl's socks. The socks are crafted using finest cotton to please your skin with secure stable fit from toe to knee. They protect and keep your feet and leg clean and safe. You can pair up these socks with shorts, skirts to compliment your look. These multipurpose socks are for school, office and party as it pairs up well with many dresses. (L:81cm W:10cm)."
Books,0,BSNL (Bharat Sanchar Nigam Limited) 2019 - Management Trainee - Telecom Operations 
Clothing & Accessories,1,Mothercare Baby Girls' Regular Fit Romper Suit Add character to your little one's wardrobe with this playsuit that features an all over ladybird print that little girls will love. Made from soft cotton and finished with a button opening and a sleeveless design to keep little arms cool on warm days..
Clothing & Accessories,1,"Gopuja New Born Baby Multi-Color Long Sleeve Cotton Sleep Suit Romper for Boys and Girls Set of 3 Gopuja romper Made for baby's delicate skin friendly which make your kid more beautiful and more comfortable too. In supersoft knits with delicate details, each piece is designed for baby's every day."
Clothing & Accessories,1,Cucumber New Born Baby Unisex Regular Fit Half Sleeve Printed Cartoon Print Brief White Hosiery Vest Top Undershirt for Just Born Infants Super Soft100% Combed Cotton Kids Inner Wear Cucumber brings Baby Vest for your little ones. These are made of fine quality cotton that keeps your kids comfortable
Household,3,Town Square Miniatures Dolls House Garden Furniture White Wrought Iron Patio Set Table 4 Chairs
Books,0,Civil Sewa Interview: Safalta Ke Sutra About the Author Madhukar Bhagat is a Civil Servant in the Indian Revenue Service. Presently he is posted as Commissioner of Income-tax .
Clothing & Accessories,1,"Satyam Kraft Flower Hair Band for Girls,Women Hair Accessory, Headband Crown, Tiara for Girls and Women satyam kraft presents a new collection of beautiful and stylish Tiara/Hairband.It adds style and give earthy elegance with your dresses. A perfect gift for your loved one.This Tiara is perfect for Brides and Bridesmaid. A handmade Piece to give a lovely look on your marriage,Kids Birthday, Fashion shows, Fancy dress competition etc for all age group."
Household,3,"VIRASAT FURNITURE & FURNISHING Rattan & Wicker 2 Seater Chair with Glass Stand (43x24x38cm, Brown) Virasat furniture a delightful two seater chairs piece this simple and sleek chairs set provides a seating option in your garden, living room or balcony. It is made up of rattan material. Chair without glass."
Books,0,"Go Like Hell: Ford, Ferrari, and Their Battle for Speed and Glory at Le Mans: 8 About the Author A. J. Baime is an executive editor at Playboy, where he oversees the automotive and various feature sections. He has written for numerous publications, including the New York Times Magazine, Popular Science, Maxim, and the Village Voice. Visit www.golikehellthebook.com."
Electronics,2,"Lenovo 15.6"" Laptop Everyday Backpack (Grey) Everyday work or play laptop bag from Lenovo. Weighs about 700 gms and can easily accommodate your 15.6 inch laptop. Apart from simply carrying your stuff, to can flaunt it too with its trendy looks. The product gets added strength with the polyester material it is made of."
Clothing & Accessories,1,"Elk Kids Fullsleeve Hooded Sweatshirt with Side Pockets Elk Hooded sweatshirts are an all-time favourite. Keeping this in mind, Elk Apparel brings to you this hooded sweatshirt for women which will keep you warm during a chilly winter afternoon. Made up of cotton, it is ideal for you to wear all day long. The slim fit and full sleeve design sit ideally on your body making you look more stylish. Moreover, it also comes with two side pockets and zippered closure. The sweatshirt is easily washable."
Household,3,"Imported White Satin Bowknot Wedding Flower Girl Basket Faux Pearl Rhinestone Decor Description: White flowergirl basket with faux pearl embellishment Perfect for wedding ceremony party Material: Satin, PVC board,faux pearl Color: White  Diameter: Approx. 14cm / 5.5 inch Height with Handle:Approx.21cm / 8.27 inch Height without Handle:Approx.11cm / 4.33 inch Package Includes: 1 x Flower Girl Basket Note: Please be reminded that due to lighting effects and monitor's brightness/contrast settings etc, the color tone of the website's photo and the actual item could be slightly different."
Household,3,"Cottage Furnish Bamboo Flower Basket, 5 X 5 X 3.5 Inches, Beige Basket made from bamboo slivers"
Books,0,AIIMS Explorer 2018 (17 Years' Solved Papers 2001-2017) 
Clothing & Accessories,1,612 League Girls' Coat
Books,0,GMAT Official Guide Verbal Review 2019: Book + Online 
Household,3,"Royaloak Daffodil Four-Door Wardrobe (Natural Finish) This elegantly styled four-door wardrobe from Royal Oak adds a touch of sophistication to your interiors. It has a contrasting warm brown and dark finish on the exterior and has been designed in a way to ensure maximum utilisation of space. The wardrobe has ample hanging space, shelves and drawers that you would need to keep your linen and clothes organised."
Household,3,"Beadsnfashion German Silver Owl Beads Golden 10x8 mm for DIY Jewellery Making and Crafts, Pack of 100 Pcs Available in a pack of 100 Pcs."
Clothing & Accessories,1,"C.Cozami Women's/Girl's White/Maroon/Olive Green Casual Shirts This Casual Shirt, has a Spread Collar, Full Sleeves with Curved hem and made with rayon fabric. This button down shirt can be teamed with a jeans or Pant and low ankle-length boots to flaunt an ever-trendy look."
Clothing & Accessories,1,Bonjour Girls Multicolour Knee High Cotton 4 Pair Socks_BRO578A-04-PO4
Clothing & Accessories,1,"Jockey Women's Cotton Low show socks Jockey International, Inc. is a leading designer, marketer, retailer, and licensor of men’s undergarments and women’s intimates. Jockey is a third generation family-owned company, headquartered between Chicago and Milwaukee in Kenosha, Wisconsin. The company employs over 1,600 associates around the world with operations in Canada, Hong Kong, New York, North Carolina, and Germany. JOCKEY is a registered trademark in over 120 countries."
Household,3,"Woodness Pluto Computer Table (Glossy Finish, Wenge) A neat silhouette and sturdy construction make this computer table ideal for any home or office work space. Manufactured from 16 mm thick boards of engineered wood with polyurethane lamination, it has a drawer with lock, and two open shelves."
Clothing & Accessories,1,"Monte Carlo Blue Solid Polyester Polo Collar Jackets Monte Carlo Blue Solid Polyester Polo Collar Jackets is a must have piece in your wardrobe, can be easily dressed up and down, only the fit is the most important factor. ensure yourself to the top most level of comfort, warmth and cozziness this winter season."
Books,0,IAS General Studies Preliminary Topic wise Solved Papers (Paper I and II) The book includes Previous Years Solved Papers of IAS General Studies (Preliminary) Examination conducted by UPSC. It contains questions from 1995 to 2017 both Paper I and II
Household,3,"Nilkamal Sunday Garden Chair, Set of 2 (Weather Brown) Nilkamal Sunday Garden Chair, Set of 2 (Weather Brown)"
Household,3,Toys Bhoomi 2 In 1 Carry-On Kitchen Play Set Chair With Lights & Sounds For Your Little Princess - Multi Color
Books,0,Current Affairs Yearly  2019 
Clothing & Accessories,1,"Diaz Girl's Soft Cotton Legging (Pr.Klegg_CO4_32_1, Multicolour, 9-10 Years) -Pack of 4 A super soft cotton legging for girls which can be used as casual wear, fusion wear, regular wear. It comes with great stitching and printing which never fades away. This cotton leggings is made to provide absolute comfort and body fit."
Household,3,Shubhkart Pure Desi Ghee Wicks (50 Wicks) Weight in pound : 0.27Length (Inch) : 2.68Breadth (Inch) : 2.68Height (Inch) : 2.76Dimensions (LXBXH) in Inches : 2.68 X 2.68 X 2.76
Books,0,Abraham Lincoln 
Household,3,"Diswa New 5 In 1 Inflatable Sofa With Electric Pump Sofa Cum Bed 5 in 1 sofa cum bed Inflatable Sofa Made of high quality durable (PVC) material Can be used as Sofa, Lounger, Recliner, Single Bed and Double Bed Convenient folding design Comes with powerful Electric pump to inflate the sofa"
Electronics,2,"Tenda N301 Wireless-N300 Easy Setup Router (White, Not a Modem) Size name:small size   The N301 Wireless N300 Easy Setup Router is designed to setup more easily for the home user. It complies with IEEE802.11n, delivers wireless speeds of up to 300 Mbps, making it perfect for everyday web activities like email, chat, streaming videos, online gaming and more. The N301 can also work as a client router to connect ISP network wirelessly or uplink AP to share the Internet to every corner,elimating the dead point."
Books,0,"Dear Zoo: A Lift-the-Flap Book (Dear Zoo & Friends) About the Author Rod Campbell makes books for babies and toddlers, the best known being Dear Zoo, which has sold over two million copies worldwide. All his books have simple text, often with repeating phrases, ideal for the pre-reader. He uses flaps and touch-and-feel elements when appropriate."
Clothing & Accessories,1,"Shara Girl's PU leather belts set of 2 combo (Black & White)(SHA/WOMENBELTS/BKWH) Shara is the most trusted brand for belts. these belts are more reliable with a classic smooth designed,Stylish in every sense. Adjustable to waist size 26, 28,30, 32, 34, 36,38 ."
Household,3,"Jangir JDCL704 Solid Wood Console Table (Glossy Finish, Brown) Table"
Household,3,Philips FY2420/10 NanoProtect Activated 2000 Series AC2887 and AC2882 Carbon Filter for Air Purifier (Black) Style:Activated Carbon Filter   Unfolded active carbon adsorption area is equal to about 43 football courts which provides consistent protection and a long lifetime up to 12 months.Honeycomb structured active carbon is made for the purpose of effectively removing various gases: incl. harmful TVOC and odors.
Electronics,2,"JBL C100SI In-Ear Headphones with Mic (White) Colour:White   The new JBL C100SI is a dynamic, ultra-lightweight in-ear headphone. Its powerful 9mm drivers deliver the feel-it-in-your-bones bass response and legendary sound quality you expect from JBL. They’re feather-light for all-day comfort. An in-line microphone with universal remote control lets you talk and manage your calls on Android and iOS devices."
Electronics,2,"HARIT FROM KARTIK Y Type Plastic Inlet Water Tank for Garden Lawn, 1-inch, Black 1-inch-inlet- water tank Y type is ideal for garden lawn. comes with a flow rate maximum 8 thousand litre per hour.Cartridge made of non corrosive stainless steel.Outer body made of special polymers to avoid disintegration in sunlight."
Electronics,2,Live Tech Turbo Double Vibration Game Pad GP 01 (Blue) Colour:Blue   The game pad is easy to use and delivers smoothly without any interruptions and has been meticulously designed to give you the best performance in every way. It is lightweight and is easy to be handled.
Electronics,2,AmazonBasics 6-Feet DisplayPort (not USB port) to HDMI Cable Size name:6 Feet   AmazonBasics DisplayPort to HDMI Cable - 6 Feet
Electronics,2,WD My Passport 2TB External Hard Drive (Blue) WD 2TB Blue My Passport Portable External Hard Drive - USB 3.0 - WDBS4B0020BBL-WESN
Clothing & Accessories,1,"Supersox Women's Anti Slip No Show Loafer Socks (WCCD0869, Multicolour, Free Size) -Pack of 3 To protect your feet, we made a no-show sock with the same yarns as our regular socks. These no-shows stay out of sight and slip-free. It's minimal, and way better than a bandaid. Wear this pair of socks with your closed shoes."
Clothing & Accessories,1,Jack's Star Soft Cotton Track Pants for Kids Infants & Toddler - Lowers/Joggers for Boys and Girls with Bottom Ribs- Pack of 5
Clothing & Accessories,1,"Mothercare Girls' Pyjama Set (Set of 2) If your little one dreams of being a ice skater, she'll be twirling to bed in these pyjamas. We've added elastic to the waistbands for comfort and easy dressing, plus the long sleeves will keep them cosy through the night. Soon she'll be dreaming of spins and skating around the rink!."
Clothing & Accessories,1,"Mothercare Baby Girls' Sleepsuit We know that new babies can never have too many bodysuits, and this one makes a beautiful addition to their collection! our beautifully made all in one has been designed with the softest brushed cotton because we know just how important comfort is! with some nifty features such as shoulder and gusset poppers and a toe-safe design which prevents any loose threads wrapping around your little one's TEN tiny toes! finished in an on-trend blush pink with spots and delicate floral embroidery for a pretty look."
Household,3,"KABEER ART Pottery Tool Kit with Sponge (Biege) - 8 Pieces This pottery tool kit includes all of the basic pottery tools required for the professional as well as the beginner. The kit contain loop tool, needle tool, ribbon tool, scraper, potter's rib, wood modeling tool, sponge and wire cutter."
Household,3,Defianz Sit-Stand Desktop Workstation
Books,0,"Eat That Frog!: 21 Great Ways to Stop Procrastinating and Get More Done in Less Time About the Author Brian Tracy is the chairman and CEO of Brian Tracy International. As a keynote speaker and seminar leader, he addresses more than 250,000 people each year. He is the bestselling author of more than fifty books that have been translated into dozens of languages."
Household,3,ESP Creation Friends Paper Poster (Multicolour) This poster comes with portrait mode and are ideal friendship day presents.
Household,3,"Cello Novelty Large Cupboard - Ice Brown Color:Ice Brown   This storage cabinet is sure to become a must have for the kids. You can store within it, toys, books or even clothes. Its towering structure is sure to add a touch of colour to any wall area making this modern cabinet a must have. It comes with two drawers and ample storage space within to store in all the essentials."
Electronics,2,"HP Sprocket Portable Photo Printer (Black) Colour:Black   Instant snapshots anywhere:Create 5 x 7.6 cm (2 x 3-inch) stickable snapshots from virtually anywhere.The rechargeable battery prints up to 30 sheets of paper per charge, and recharges in only 60 to 80 minutes."
Household,3,"Posterboy 'Chimps' Poster (30.5 cm x 45.7 cm, Multicolor)"
Household,3,"Crompton High Flo Eva 400mm Table Fan (White) Table fans are compact in size, portable and most suitable for use around the house and offices. We offer an extensive range of table fans to help provide you with the ideal air circulation system for personal spot cooling."
Household,3,RST Steel Official Chair (Black) Colour:Black   Made of steel. Colour is black. Easy to clean. Easy to carry.
Clothing & Accessories,1,JBN Creation Boys' Cotton Silk Kurta and Pyjama Set (Rose Gold_VASBKRG001nPRG) JBN Creation brings to you this Stylish yet Comfortable Boys' Rose Gold Cotton Silk Solid Kurta and Churidar Pyjama Set. Adorn it for a perfect Classy & Trendy look. Pair it with a juti or a mojari for the Royal feel.
Electronics,2,AmazonBasics Lighting to USB A Cable for iPhone and iPad - 4 Inches (10 Centimeters) - Black (Ideal for Power Banks) Size:4 inches                                                                                 |                            Style name:Pack of 1                                                                                 |                            Colour:Black   An Amazon Brand.
Books,0,The Adventures of Woka Chimni: A storybook for kids about a sparrow's exciting travels through India About the Author Preeti Vyas runs an independent publishing house called FunOKPlease and is based out of Mumbai.
Books,0,"Secrets of the Millionaire Mind About the Author The author of Secrets of The Millionaire Mind is T. Harv Eker, who is a successful businessman, author and a motivational speaker as well. He has authored another book entitled SpeedWealth, which was self-published. He was born in the city of Toronto in Canada, after which he shifted base to the US at a young age. He achieved success with his retail fitness store, after which he went on to become the founder of his own seminar company. This company was then acquired by Success Resources in the year 2001."
Electronics,2,"Terabyte 3D Optical wired USB Mouse (Black) The power packed wired mouse is designed with 2 buttons and a clickable scroll wheel, which lets you function flawlessly. On the other hand, you can experience accurate results with a super fast data transmission, leading to no delays in displaying results on the screen."
Clothing & Accessories,1,"Ziory Blue 1 Pc fashion leaves printing long georgette silk scarf for Girls and Women Highlights: Fashion georgette scarf women Autumn and Winter oblong scarf leaves print shawl, Material: georgette, Size: 160CM in length; 50CM in width and weight is about 45g. The scarf is really attractive and beautiful."
Electronics,2,"LTO5 Ultrium 3TB RW Data Tape BRAND : HP, Hp C7975A LTO Ultrium 5 (1.5/3.0 TB) Data Cartridge With Case"
Books,0,"SSB Interview: The Complete Guide About the Author Dr. (Cdr.) N.K. Natarajan has an experience of over 25 years in the Indian Navy and a three year stint as a Group Testing Officer at the Selection Center in Bhopal. In addition to serving in the navy, he also holds a degree in management and a doctorate in psychology. He has helped assess more than 1500 candidates during his term as a selection officer. 				    	 				        	--This text refers to the Kindle Edition edition."
Clothing & Accessories,1,Goodway Boys Pack of 5 Mom and Dad Theme Printed T-Shirts(JB5PCKM&D-1_Multicolor) Made out of Superior Quality Cotton Fabric in 180 Gsm. Tees are designed perfectly in Summer colours with Soft Jersey Fabric. Fresh Designs will keep you on top outlook in your Team.
Clothing & Accessories,1,"Avengers Kids Boys Full Sleeve Light Grey Melange Color T-Shirt Avengers Kids Boys Full Sleeve Light Grey melange Color T-shirt,Made of Poly Cotton ,Causal wear/Fusion Wear ,Hip Length T-shirt"
Books,0,"Software Testing: Principles and Practices, 1e dddd"
Electronics,2,TVS Bharal Gold USB Keyboard (Black) TVS Bharal Gold USB keyboard easy and soft work with any official and home uses. The interface type is USB.
Household,3,"Deckup Siena Office Table and Study Desk (Dark Wenge, Matte Finish) Engineered wood with laminate table and study Desk. Product dimensionproduct dimensions: length (32 Inches / 80 CMs), width (16 Inches / 40 CMs), height ( 29 Inches / 75 CMs)."
Books,0,"Group Discussion on Current Topics About the Author P N Joshi worked for the Indian army and retired as a Major. His other books are Personality Development and Interview Techniques For Armed Forces, SSB Interviews and English Essay."
Books,0,"50 Cups of Coffee: The Woes and Throes of Finding Mr Right About the Author After exciting childhood dreams that vacillated between astronomy, zoo keeping and diving with great white sharks, Khushnuma eventually settled for something a tad tamer-advertising. Six years ago, while on a sabbatical, she rediscovered her love for writing something more than creative briefs and PowerPoint presentations. Advertising and writing apart, she is extremely passionate about animal welfare, sustainability and of course, regular sabbaticals."
Household,3,"Green Soul Vienna High Back Revolving Office Chair (Black and Tan, +4 Colors)"
Clothing & Accessories,1,"White Button Girl's Blue N Lime Green Jequard Silk Net Flared Readymade Wedding Wear Lehenga Choli Dress Choli Fabric- Jacquard Taffeta Silk With Soft American Crepe Fabric provide Hooks N Heavy Chain For Closure Pattern At Back Of Choli, Lehenga Fabric- heavy Soft Net With Decent Lime Green Color With Inner Heavy Shiner Satin Silk N Raw Silk Fabric Material Provide Embellished Hand Work Motif And Diamond Velvet Patch At Waist Belt also Provide Side Zipper At Side Of Lehenga For Closure, Thick Heavy Brocade Belt At End Of Lehenga"
Books,0,"A Practical Guide to Fedora and Red Hat Enterprise Linux, 6e "
Household,3,"Beadsnfashion Jewellery Making German Silver Round Beads Golden 4 mm, Pack of 50 Gm The product in display is a German silver item. It is made of Oxidized silver. You can made any kind of jewellery from this bead, it will increse the beauty of your jewellery."
Electronics,2,HolyHigh Muzili Wireless Bluetooth Speaker with 3.5 mm Aux TF Card Slot USB Port for Car Mobile Phone Laptop Computer TV Pen Drive
Electronics,2,"Maxell 108562 Brick Packs Size:1 Pack   The Maxell UR-90 Audio Cassette Tape is great for everyday recording. It has low noise surface which provides a suitable media for music and voice recording . The is 60 minutes of recording time or 30 minutes per side. This Cassette toe is ideal for personal and portable cassette players, includes protective case"
Books,0,Peppa Pig: Peppa's First Pet: My First Storybook 
Books,0,Operating system concepts 9th edition 
Books,0,Official GRE  Quantitative Reasoning Practice Questions 
Electronics,2,SeCro USB 3.0 Super Speed Multi Function Card Reader (Black)
Clothing & Accessories,1,"BODYCARE Pure Cotton Multi-Coloured Brief for Boys & Kids (307-Packof4) This product is made from cotton and finished in a attractive set of colors. Furthermore, it is recommended to be kept away from extreme heat, fire and corrosive liquids to avoid any form of damage."
Books,0,"International Financial Statement Analysis, 3ed (CFA Institute Investment Series) About the Author Thomas R. Robinson is Managing Director of the Americas at CFA Institute. Elaine Henry is a Clinical Associate Professor of Accounting at Fordham University. Wendy L. Pirie is Director, Cur-riculum Projects, in the Education Division at CFA Institute and served as editor for this book. Michael A. Broihahn is Associate Professor of Accounting at Barry University in Miami Shores, Florida."
Books,0,Our Environment - Textbook for Geography for Class - 7  - 762 
Household,3,Urban Ladder Masai Foldable Bench (Teak) Warranty Information: The warranty does not cover damages due to usage of the product beyond its intended use and wear and tear in the natural course of product usage
Clothing & Accessories,1,"612 League Boys' Jeans Add a dash of style to the wardrobe of your son with this pair of jeans from 612 League. It has been tailored with a fine quality fabric that will provide a smooth touch against his skin. Moreover, it features a waistband with belt loops that will allow him to team it with a fancy belt."
Clothing & Accessories,1,"Zombom Women's Western Top Latest Western Wear Top from ZOMBOM, It's a perfect choice for your cart. We sell genuine product with best quality and price to satisfy our valuable customer. ( Top Fabric : Imported ). [ Length : 25 ] , [ Neck : Round Neck ] , [ Sleeve : Full Sleeves ] , [ Pattern : Plain ] ."
Electronics,2,"Mi Earphones Basic with Mic (Red) Colour:Red   Xiaomi has customized Mi Earphones Basic just for India, giving customers what they were looking for- Ultra deep bass and tangle free wires. The Headphones come with silicone earbuds that are specifically designed to ensure it fits snugly without compromising comfort."
Clothing & Accessories,1,"GRAPPLE DEALS Combo Of Winter Wear Cut Woolen Women's, Girl's Finger Cut And Touch Screen Pearl Knitted Hand Gloves (Any - Color) 2 Pcs GRAPPLE DEALS Brings Winter Wear Warm Stylish Look Women's, Girl's Knitted Warmer Hand Gloves 😻Stretchy, and one size fits most adults' finger 😻Fashion forward and everlasting classic design with warm thick lining that will keep your hands warm in any weather and they are perfect for outdoor activities in cold winter. 😻It's an excellent choice for gifts or your own dressing. Buy more for your friends and family."
Books,0,2018 CFA Level 1 Study package (5 books) + (2) practice books + Question Bank CD Product Condition: Pen / Pencil Marks.
Electronics,2,"FITUEYES 2 Tiers Monitor Riser Stand for PC Laptop Flat Screen TV, Desk Organizer DT204201WB"
Household,3,"Priti Industrial Coffee Table Nesting Table Bedside Table End Table Wooden Iron Table Priti International Ltd. Export designs, manufactures and markets range of innovative and contemporary furniture and home decor products. Our designs complement and connect with our consumers' lifestyle, imagination and aspirations. Our manufacturing facility in India is located in Jodhpur l Basni l Boranada."
Household,3,Gillette Classic Sensitive Skin Pre Shave Foam - 418 g (33% extra) Size:Classic Sensitive                                                                                 |                            Style name:418 g   Simple.Honest.Classic. That's the Gillette Foam shave. The lightly fragranced for Sensitive Skin lather spreads easily and rinses clean for that Foam shave men have enjoyed for generations.
Household,3,MBTC Cadbury Cafeteria Bar Stool Chair in Red (Set of 2) Color:Red   Add a stylish look to your kitchen or in-house bar with this MBTC Bar stool This stylish and sleek bar stool is made of fine quality metal . The fine metal provides a firm frame while the Black Seating with a natural finish gives it a glossy look. The light in weight design lets you move it around with ease. This bar stool comes with height adjustment facility at the base that allows you to lift it according to your preference
Electronics,2,"Pinaken 9.7 inch Ipad/Tablet Sleeves and Cover Colourful balloons floating in a dark sky are quilted, satin stitched and adorned with shimmering sequins. Lurex thread and glass beads add a dazzling new wave of style."
Books,0,Engineers Exclusive Current Affairs Made Easy Annual Edition 2018 (UPSC Engineering Services Preliminary Examination 2019) 
Clothing & Accessories,1,"BODYCARE Printed Boys Trunk Pack of 6(Color & Print May Vary) Bodycare Brings a new collection of Boys Trunk Pack of 6, 100% cotton fabric with attractive design and stylish trendy look."
Electronics,2,HP 678 L0S24AA Combo-Pack Ink Advantage Cartridges (Black and Tri-Color) Colour:Black + Tri-Color Combo   Item is compatible with printers below: HP Deskjet Ink Advantage 1515 All-in-One Printer HP Deskjet Ink Advantage 2510 All-in-One Printer HP Deskjet Ink Advantage 2516 All-in-One Printer HP Deskjet Ink Advantage 2645 All-in-One Printer HP Deskjet Ink Advantage 3545 e-All-in-One Printer HP Deskjet Ink Advantage 4515 e-All-in-One Printer HP Deskjet Ink Advantage 4640 e-All-in-One Printer
Electronics,2,"Microsoft Xbox 360 MEDIA Hard Disk Drive HDD 320 GB 320GB With a whopping 320 GB, you’ll get more space for games, HD movies and demos. Even install game discs to your hard drive."
Household,3,"Nilkamal Apple Junior's Study Table Set - Red And Blue Made from strong, sturdy material Portable and foldable High quality product"
Electronics,2,"HP 245 G5,P1b38PA / 14 Inch / AMD A6 Quadcore / 4GB RAM / 500 GB / DOS - Black Our vision is to create technology that makes life better for everyone, everywhere-every person, every organizationand every community around the globe. This motivates us - inspires us -to do what we do. To make what we make. To inventand to reinvent."
Clothing & Accessories,1,Lee Cooper Boys' Floral Regular Fit Cotton Shirt Boys shirts off-white long sleeve floral regular fit cotton.
Household,3,"WICKER HUB Wicker Outdoor Patio Sofa Set (Black, Red) Ms frame 18 gauge crca pipe,hdpe cane,all weather,indoor or outdoor were we want we can used."
Household,3,"Tejascare Brass Pooja Flower Basket (Design May Vary) Ideal to be taken to temple and poojas. It is used to hold Coconut, flowers and other pooja items. Pooja wicker container are broadly used to convey stuff of worship like blossoms, agarbathis, camphor, oil and so on. Pooja basket makes it simple to convey all the required pooja things serenely. Pooja basket (daliya) are generally used to convey stuff of worship like blossoms, agarbathis, camphor, oil and so forth. Pooja basket makes it simple to convey all the required pooja things easily."
Household,3,"Crompton Bliss 3-Litre Instant Water Heater (White) Size:3-Litre   Crompton greaves consumer electricals manufactures and markets a wide spectrum of consumer products ranging from fans, light sources and luminaires, pumps and household appliances, such as geysers, mixer grinders, toasters and irons. Crompton has been the market leader in fans, domestic pumps and street lighting for over 20 years."
Household,3,"Furny Elisse Single Seater Recliner (Dark Blue) Furny owns the trademarks : FabHomeDecor and Furny products are manufactured at our facility at Bhiwandi, Mumbai. Buyers are advised to purchase directly from Furny and not from other unauthorized fraud sellers who have tagged themselves on Amazon to take free advantage of our brand name."
Electronics,2,"Aeoss 15.6 Man Felt Laptop Sleeve Laptop Sleeve Case Bag for Acer HP Asus Lenovo MacBook Pro Reitina (Pink) Colour:PINK   100% Brand New bag Glove !!1. Original design for Notebook laptop, 100% fit2. Protect your notebook from shocks, damages and scratches.Special design bag for Macbook 15.6"
Clothing & Accessories,1,PalmTree Boy's Regular Fit Shorts (131246519352 C204_8) Palm tree boys knits plain shorts set elasticated cotton casual wear.
Books,0,Be My Perfect Ending 
Household,3,Furny lifestyle 3 seater sofa (Black- grey) Color:Black-Grey   This Furny lifestyle sofa create the perfect sophisticated yet traditional style unlike any other and also adds an extra element of style and comfort to your living room . This Furny lifestyle sofa requires minimum assembly for easy hassle free setup. Specifically designed to withstand extended periods of use.
Books,0,VAJIRAM & RAVI INTERNATIONAL RELATION (2018) Books
Household,3,"Symphony Siesta 70 Ltrs Air Cooler (White) Presenting Siesta 70, an all new powerful desert cooler with specially designed front grill for maximum air delivery, unmatched aesthetics, very large 70 litre tank capacity for long uninterrupted cooling. The all new Siesta 70 is here to rule the market. Get ready to be thrilled with its performance. Now who'll not want a Siesta?"
Electronics,2,"Opolar LC06 B01E3Q7FS6LO Laptop Fan Cooler with Temperature Display This is a reliable vacuum cooler which eases heat dissipation in laptops, rapidly reduces both surface and internal temperature by 18 to 50 F degrees in minutes which is far better than cooling pads. Designed for laptops or notebooks with air vents on both sides or rear which makes it ideal for gaming laptops. It is equipped with a Japanese motor which ensures 5000 working hours."
Books,0,CA Final Direct Tax COMPACT A Handwritten Book Including case laws and 1000 MCQ (Set of 2 Volume) Old and New Syllabus both By CA Bhanwar Borana Applicable For May 2019 Exam
Electronics,2,TP-Link RE450 Wi-Fi Range Extender (White) Style name:AC1750-Performance   AC1750Range Extender
Clothing & Accessories,1,ADYK Prince Printed Boy's Cotton T- Shirt (Black) This is a Black round neck t-shirt for boys with graphical print of prince.
Household,3,"TerraCotta Journey Natural Shadu Clay This clay for craft is extremely versatile with its air drying properties and can be used in home made eco-friendly ganesha making, jewelry making, arts and crafts projects, school and college model making projects and sculptures."
Electronics,2,"TP-Link TL-WPS510U 150Mbps Pocket-Sized Wireless Print Server (Black/White) Style name:TL-WPS510U   High compatibility with most majorities of printers on the market. Share the printing wirelessly, the speed up to 150Mbps. USB 2.0 High-Speed Printer Connection. Support 64/128 bits WEP Encryption and WPA/WPA2-PSK security."
Books,0,"Princess Colouring Book (Giant Book Series): Jumbo Sized Colouring Books (Giant Colouring Book Series) About the Author Wonder House has a dedicated team of editors and designers involved in the development of magnificent and enriching children books. The team pays special attention to develop age appropriate content and does extensive research on every topic included in the book. Our mission is to develop highly informative content which will help the children to master different skills. At Wonder House, we strive to make learning a joy."
Clothing & Accessories,1,"GJ BABY Boys' Regular Fit Coat Remove promptly after wash, wash with like colors, remove components before washing, cold water wash, keep away from fire, wash care symbol (normal wash, do not bleach, tumble dry, cool iron, do not wring)"
Household,3,MBTC Smiley Bar Stool Chair In Black (Set Of 2 Pcs) Color Name:Black   Add a stylish look to your kitchen or in-house bar with this MBTC Bar stool This stylish and sleek bar stool is made of fine quality metal that is upholstered with leatherette. The fine metal provides a firm frame while the Black leatherette with a natural finish gives it a glossy look. The light in weight design lets you move it around with ease. This bar stool comes with height adjustment facility at the base that allows you to lift it according to your preference
Household,3,MBTC Kosy LB Cafeteria Bar Stool Chair (Red) Color:Red   Add a stylish look to your kitchen or in-house bar with this MBTC Bar stool This stylish and sleek bar stool is made of fine quality metal . The fine metal provides a firm frame while the Red Seating with a natural finish gives it a glossy look. The light in weight design lets you move it around with ease. This bar stool comes with height adjustment facility at the base that allows you to lift it according to your preference
Books,0,Mosby's Comprehensive Review of Nursing for the NCLEX-RN Examination 
Electronics,2,"Asus Gaming FX570UD-E4168T 15.6-inch Laptop (8th Gen Intel Core i5-8250U Processor 1.6 GHz/8GB/1TB/Windows 10/GDDR5 4GB Graphics), Flame Red ASUS FX570 is a compact and portable laptop powered by an Intel Core i7 processor with NVIDIA GeForce GTX 10-Series graphics. It's designed for gamers on the go — with a 21.9mm profile and overall weight of just 1.9 kg. FX570 has a highlighted WASD key group and red-backlit keys for accurate input and control, even in the dark."
Clothing & Accessories,1,Biba Girls A- Line Salwar Suit Set BIBA today is the most loved ethnic wear brand in the country. BIBA Girls products are available now.
Clothing & Accessories,1,United Colors of Benetton Boys' Trousers
Clothing & Accessories,1,Gini & Jony Girls' Cardigan
Electronics,2,Pcs System External Wired Antenna with SMA Male Connector for Huawei B310 B315 B310s B315s LTE CPE The package contains 5db wired antenna with 5meter cable w/sma male connector for huawei b310 b315 lte cpe . Improve signal reception and increase data transfer speed. Signal receiver antenna adapter for huawei b310 b315 b310s b315s lte cpe- Gain: 5DBI cable with rg174/u cable length: 3 meter antenna height:9 inch.
Books,0,CLAT Guide 2019 
Electronics,2,CELLBELL Tempered Glass Screen Protector for iPad Pro 11 (2018) with Installation Kit Colour:White   Product Features - Bubble-free - Rounded Edges for Comfort - Extreme clarity and Responsiveness - Easy installation - Screen brightness Kit contains 1. Tempered Glass 2. Wet Cleaner 3. Dust Removal Sticker.
Electronics,2,Electomania Computer Motherboard Power Cable Switch on/ff/Reset Button Replacement -10 Pieces Replace a broken power switch cable or design your own case mod with this on/off switch cable  Fits onto your motherboard's power switch and reset key  This item has been made with long-lasting materials and it is ready to serve performance  Great item for case mods and on/off buttons Wire length: Approx. 45Cm / 17.7 Inch Usage: It can be use as reset key in other situation Package Includes: 10 x Power Reset Button Cable.
Electronics,2,"Zyxel Wireless N300 Access Point with AP/Universal Repeater/Range Extender/Ethernet Client Mode (WAP3205 v2) Size name:N300 AP   Compliant with 802.11n technology, WAP3205 v2 Wireless N300 Access Point can provide wireless speed of up to 300 Mbps*. With all-in-one function design, WAP3205 v2 can perform one of the following modes: access point, WLAN client, universal repeater, and WDS per your needs of wireless coverage extension and wireless access sharing. By using AP/Universal Repeater/Client mode switch, you can easily set up the WAP3205 v2 operation mode just in seconds."
Clothing & Accessories,1,"RC. ROYAL CLASS Boys and Girls Calf Length White Plain Cotton School Socks (Pack of 5 Pairs) Solid white color plain socks for boys & girls for all age groups made from super soft combed cotton yarn and spandex for elasticity, easy to wash and odour free socks. Do not Iron or Bleach. Hand wash only."
Books,0,"Organic Shastra Pav Bhaji Masala 150g Pav bhaji, a popular street food of India, is incomplete without Pav Bhaji masala. It is a blend of spices - red chillies, coriander seeds, cumin seeds, black pepper, cinnamon, clove, black cardamom, dry mango powder, fennel seeds and turmeric powder. Not just in pav bhaji, this aromatic masala can also be used to spice up curries, stir fries, rice preparations etc"
Household,3,"Deckup Muvo Book Shelf And Storage Unit (Dark Wenge, Matte Finish) Color:Dark Wenge   Product Dimensions: Length (32 Inches), Width (11 Inches), Height (42 Inches).Primary Material: Engineered Wood With Melamine Laminate.Color: Dark Wenge, Finish: Matte Finish, Style: Contemporary.Assembly Required: The Product Requires Basic Assembly And Comes With Diy (Do-It-Yourself) Assembly Instructions.A Sleek And Contemporary Designed, Multi Purpose Book Shelf, Display Rack And Storage Unit For Your Living Room Or Office"
Electronics,2,"Espresso Machine Cleaning Tablets (30 Count) & Bonus 12 Count Descaling Tablets for Jura, Breville, Miele and Others by Essential Values, Made in USA (30 Count Tablets & 12 Count Descaling Tablets) Espresso Machine Cleaning Tablets (30 Count) and BONUS 12 Count Descaling Tablets For Jura, Breville, Miele and others by Essential Values, Made in USA (30 Count Tablets and 12 Count Descaling Tablets"
Household,3,"MAA-KU AC Axial Cooling Blower Exhaust Rotary Fan, Size : 4.75"" inches (12 x 12 x 3.8 cm), Black"
Clothing & Accessories,1,"Hind Home bow For classy Outfit For boys and Mens Get ready to complement your party attires with this color bow tie that is brought to you by Hind Home.looking bow tie makes for a great addition to any style loving men out there. Further, it displays an appealing solid pattern and contemporary style that will appeal you in just a glance. Superior in quality and a valuable pick, this bow tie from the brand is not only visually appealing but also high in quality. Lay a hand on this contemporary accessory and augment your party look."
Household,3,Cello Metallo Cafeteria Set of 4 Chairs (Black) Color:Black   This bright coloured cafeteria chair will liven up any office or college canteen. It comes with a sturdy seat and backrest that offers a comfortable seating experience. This cafeteria chair not only looks good but also is a great seating option for cafes. Its modish design and comfortable structure makes it an absolute must have. Also it will be embraced readily by people.
Books,0,BEGF101/FEG1-Foundation Course in English-1 (Neeraj Publications 2018 edition ) BEGF101/FEG1-Foundation Course in English-1
Electronics,2,"(Certified REFURBISHED) Dell Venue 8 Pro 3845 Tablet (8 inch, 32GB, Wi-Fi), Black Certified Refurbished products on Amazon Renewed have been tested to work and look like new by a qualified manufacturer or a specialized third-party refurbisher. The products are refurbished in India and the refurbishment process typically includes a full diagnostic test, replacement of any defective parts, a thorough cleaning and inspection process, and repackaging. The product comes with relevant accessories (Except headphone and case) and is backed by a minimum six month supplier-backed warranty"
Books,0,"National Science Olympiad - Class 6  with CD: Theories with Examples, Mcqs and Solutions, Previous Questions, Model Test Papers "
Clothing & Accessories,1,Rupa Frontline Kids Boys' Cotton Boxer (Pack of 5)
Clothing & Accessories,1,"Serein Women's Top (Green Crepe top with Flute Sleeves) Why settle for less when you can have more! This top is made of crepe and has trendy flute/bell sleeves. The fabric is very soft to touch and fits perfectly. It is perfect for day and night outing and for any occasion. Team it up with accessories for a complete look. Furthermore, it is recommended to be kept away from extreme heat, fire and corrosive liquids to avoid any form of damage."
Electronics,2,Syba SD-PEX40049 SATA to eSATA Port Switch PCIe Card Size name:2-port                                                                                 |                            Style name:2.-port ASM1061   2 Port SATA III or eSATA III PCI-e 2.0 x1 Card
Books,0,"Funskool Othello Color:multi color   Description This is strategy board game which is played by two players, so now you can have fun with your kid. At the end, the one who holds greater amount of pieces of same color is the winner. Your kid will make different strategies and apply it against you. So its main objective is to give child complete freedom and apply his mind. Features Grab the attention of children Fun filled activity kit Enhance the imagination of child"
Electronics,2,Ct-512 Black Calculator (Black)-429 Colour:Black   Basic Type Model Calculator CT 512. Product Details 12 Digits Display Big Display 99 Steps flasing Pc Type Key's Dual Power Mode Check And Correct Function Auto Display Calculator operates under any lighting conditions.
Clothing & Accessories,1,"FunBlast Kid's Plush Rabbit/Bunny Ear Hairband for Kids (Pink) FunBlast Cute rabbit/Bunny ear hairband for kids ,Hair Accessories, Hairband/headband for Girls,Pink Headband/ Hairband, Pink, Lovely, pretty cute for your sweet girl GREAT FOR LITTLE GIRLS PARTY FAVORS OR COSTUME PARTIES- Material: Non-woven fabric Material Color: Assorted Multicolor, Color may Vary. Quantity: 1 pcs"
Books,0,AIIMS Assertion & Reason (Second Edition: 2017) Aiims Assertion & Reason
Books,0,The Magic School Bus: In the Time of Dinosaurs
Electronics,2,"Wavlink USB 3.0 Universal Docking Station, Dual Video Monitor Display DVI & HDMI & VGA with Gigabit Ethernet, Audio, 6 USB Ports for Laptop, Ultrabook and PCs Colour:black   wavlink usb 3.0 universal docking station, dual video monitor display hdmi & dvi/vga with gigabit ethernet, audio, 6 usb ports for laptop, ultrabook and pcs"
Clothing & Accessories,1,Ezee Sleeves Girl's Combo Cotton Tshirt Pack of 5
Clothing & Accessories,1,"Big Fox Men's Trekking Boots Big Fox comes with you this sporty shoes for men which is sporty as well as casual and stylish which goes with the present trend.these sports shoes for men that are especially for athletes. These lace-ups exhibit breathable nylon mesh upper and mesh lining that ensure better breathability to your feet. Furthermore, the ultra boost outsole ensures ultimate comfort and provides better traction on different surfaces."
Electronics,2,"Electron Mini Wireless N 11n Wi-Fi Nano USB Wi-Fi Adapter Dongle WiFi USB adapter Electron 150Mbps usb wifi adapter + wifi hotspot Device with protection cover cap Ventilation holes for exhaust heat & make device cool 802.11 b/g/n, 150 Mbps Speed without interruption Super White color with Blue LED Activity Indicator Lead - pb FREE material - Safe device for home & office Compatible with Windows XP, Win 7, Win 8, MAC, LINUX & Android Online updated driver support Online Technical support 30 days moneyback guarantee"
Clothing & Accessories,1,"RC. ROYAL CLASS Boys & Girls Calf Length Black Solid Cotton School Socks (Pack of 5 Pairs) Royal Class soft cotton black plain socks for boys & girls made from soft cotton yarn and spandex for elasticity. For formal & casual wear, can even be worn in schools."
Books,0,ABC Capital Letters Writing (Pre-School Picture Books) 
Electronics,2,"D-Link DES-1008C 10/100 Mbps Unmanaged Switch Network Switch 8 Port 10/100base-t, full half duplex transfer mode for each port, 802.3X flow control for full duplex, ieee802.3Az compliant."
Clothing & Accessories,1,"FusFus Women's Printed Trendy Stoles, Free Size(Multicolour, F0152) - Pack of 6 This scarf is made of polyester cotton and is light-weight and soft on skin. - this scarf is going to be a great plus in your wardrobe and your accessories collection. - this is also a perfect option to gift your loved ones - this scarf can be worn on both ethnic and casuals and can be worn in all seasons - in winters it protects from cold and in summers it absorbs sweat if any. - easy to use and wash."
Household,3,Solo FS- 301 File and Book Shelf XL - Black Durable Easy to Assemble. Quick way to organize files Product Code: FS 301 Type: Desk-Top Accessories Compatible Size: XL No of Compartments: 3 Compartments MRP: Rs.496.00 per piece. No of Pieces : Pack of 1 piece. Dual use design for books & files. Forms three wide sections after assembling. Easy to assemble by sliding the plates. Instructions printed on the box. Just fillip the back side down & reposition the front plate for choosing depth between books & files.
Electronics,2,"Tygot Syvo Mini Wireless Keyboard and Mouse(Touchpad) with Smart Function for Smart Tv, Android Tv Box, Raspberry-Pi, Android & iOS Devices (Black)"
Clothing & Accessories,1,"MINNOW Girls Heartin Printed 3/4th Cotton Capri(Multicolour,Pack of 3) Minnow 3/4th capri pants printed with heartin designs are made of 100% pure cotton.Prints are dyed using water inks ,hence durability of fabric and print lasts for long.Garment is biowashed to provide ultimate softness.Minnow never compromises in quality which ensures 100% buyer satisfaction."
Clothing & Accessories,1,"Naughty Ninos Girls Navy Blue Striped Fleece Front Open Jacket for 3 to 12 Years Its time to snuggle up for your little ones and get cozy in this jacket from the House of Naughty Ninos. Made of polyester, the jacket is fillled with polyfill to insulate and keep your naughty one warm. Team it up with a denim or warm trouser and match it with tan boots to complete the look."
Books,0,Diary of a Young Girl 
Electronics,2,"Targus DOCK412AP USB-C Alt-Mode Travel Dock (Black) VGA, Mini-DP and HDMI output video ports (either one),VGA: 1920 x 1200 /60Hz; HDMI 1.4: 3840 x 2160 /30Hz; Mini-DP: 3840 x 2160 /30Hz, 2 USB-A port, 3.5mm mini stereo jack. Gigabit Ethernet port, PD 60W pass through USB-C port (8W maximum dedicated for dock). Self powered by USB-C power adapter, bus powered, tethered 25cm USB-C cable, With cable management: wraparound with USB port insert to secure cable."
Household,3,"Sealed Unit Parts FB401 Fan Blade, Assembly This is a Genuine Replacement Part, The Model Number and Name for The Following Item: Sealed Unit Parts Co Inc. FB401 Fan Blade - Assembly. This is a Genuine Replacement Part,The Model Number and Name for The Following Item:Sealed Unit Parts Co Inc FB401 Fan Blade - Assembly"
Books,0,Dr Fife's Keto Cookery: Nutritious & Delicious Ketogenic Recipes for Healthy Living 
Electronics,2,"Kensington Orbit K64327F Trackball Mouse (Grey) Optical tracking technology for superior cursor control and accuracy, medium 40mm ball is designed as a perfect sphere to provide exceptional precision. Compact footprint takes up less desk space than you’d need to operate a mouse, ambidextrous design works equally well for both right-handed and left-handed users. Plug and Play installation via wired USB connection. TrackballWorks software lets you customize the 2 buttons, adjust cursor speed. Compatible with Windows 8."
Electronics,2,GIZGA 1 meter 3 Pin Laptop Power Cable Cord (Black) This polarized power cable designed to connect a wall socket and your laptop/notebook power brick. The female connector plugs directly into the device while the male connector plugs into a standard outlet. It comes with an anti-interference feature with better isolation materials and rubberized texture cord.
Electronics,2,"(CERTIFIED REFURBISHED) D-Link DES-1005C 10/100 Network Switch The DES-1005C 10/100 Mbps Unmanaged Switch is economical, plug-and-play networking switch solution for SOHO and small and medium businesses wanting to ports that enable you to easily expand your network and provide a quick way to upgrade your network to fast connectivity."
Books,0,"281 and Beyond About the Author VVS LAXMAN is a former Indian cricketer and currently a cricket commentator and mentor to the IPL team Sunrisers Hyderabad. He received the Arjuna Award in 2002, the Padma Shri in 2011 and was named one of Wisden’s five Cricketers of the Year in 2002. He lives in Hyderabad with his family.R KAUSHIK has been a cricket writer for over a quarter of a century. Since starting his career with Newstime in Hyderabad, he has worked with Deccan Herald and Wisden India, and has reported on more than 100 Test matches. His association with VVS Laxman dates back to 1990."
Books,0,"The Films In My Life Language Notes Text: English (translation) Original Language: French 				    	 					 From the Back Cover This book is Truffaut's own selection of more than one hundred essays that range widely over the history of film and pay tribute to Truffaut's own selection of more than one hundred essays that range widely over the history of film and pay tribute to Truffaut's particular heroes, among them Hitchcock, Welles, Chaplin, Renoir, Cocteau, Bergman, and Bunuel. 				    	 					              See all Product description"
Electronics,2,"AmazonBasics 4.8 Amp/24W Dual USB Car Charger for Apple and Android Devices, Black Style name:2-Port                                                                                 |                            Colour:Black   Turn your car's DC adapter (cigarette-lighter socket) into a high-speed charging station with the AmazonBasics 4.8 Amp/24W Dual USB Car Charger for Apple & Android Devices."
Household,3,"SR Product Kids Table Chair Set, 2-8Years (Design May Vary) Brand: sr recommended age: 2 years to 08 years multi-purpose table and chair set the set is strong and durable features heavy metal body frame and designer plywood base it is an ideal table+chair for studying and is also comfortable for taking food wonderful print on the table and chair makes it look appealing"
Household,3,"3M IA260166375 Auto Specialty Tyre Dresser (250 ml) Sludge, grime and rocky roads, your tyres defeat these every day. Reward tyres defeat these every day. Reward them with the 3M Tyre Dresser. With an incredible gloss, it will restore your cars good looks and prevent tyres from cracking. This is dust free and leaves no greasy residue."
Household,3,Luminous Exhaust Fan Vento Deluxe 200 mm Size:10 x 13   Stylish design that matches spaces such as kitchen and keeps your home cool.
Household,3,"Shri Sai Outdoor Furniture Single Seater Swing Single Seater Swing With Rattan Weave . Frame Is Of Wrought Iron Tolerable Weight Capacity Is 150 Kg ,"
Books,0,Operating Systems: Internals and Design Principles 
Household,3,Floralbay Bunch of 8 Purple Orchids in Cellophane Packing Bunch of 8 Purple orchids in cellophane packing
Books,0,41 Years (1978-2018) JEE Advanced (IIT-JEE) + 17 yrs JEE Main Topic-wise Solved Paper PCM 
Clothing & Accessories,1,Velcro dothie Kasavu cotton dothies with Velcro style. Buy it and make your child looks Traditional.
Clothing & Accessories,1,RNR FASHION Girl's Net Frock This printed frock is available in a very classy and comfortable fabric called Printed Net. Your daughter will look stylish and beautiful in this dress.
Household,3,"eHomeKart Playgro Front Round Table for Kids - (54 x 30 x 20-inches, Assorted Colour)"
Books,0,The Amityville Horror Ships from USA. Will take 25-35 days
Books,0,IGNOU B.Ed. Entrance Test: Previous Years Papers (Solved) 
Books,0,Modern Operating Systems 4e 
Books,0,Principles and Practices of Banking 
Household,3,InstaNote Weekly Planner Pad - A4 80 Sheets Multicolor Artwork Weekly planner are a great addition to a personal planner letting you keep track of all the things you need to do each week. It has 80 pages with 8 Artworks printed in Color and Pad Binding done.
Clothing & Accessories,1,"Mothercare Baby Girls' Sleepsuit We know just how amazing little ones can be, and we think their wardrobe should be just as stellar as they are! Perfect for playtime or those all-important cuddles, this sleep suit is carefully crafted from soft cotton in a stretchy interlock knit to keep them comfy. We've added fuss-free poppers for easy-peasy outfit changes and slip resistant soles on larger sizes for babies finding their feet."
Household,3,"Cello Scholar Junior  Kid's Desk (Red) Color:Red   Cello furniture brings convenience and style to your interiors. Elegant and functional furniture, this study table is well crafted and designed for your junior kid. It can be easily dismantled and reassembled which makes it easy to transport for outdoors, your child can study outdoors comfortablyIt comes in trendy colorsIt also has games on the table top such as Ludo, Snakes N Ladders as fun time for your kids"
Books,0,"SSC Constable Exam Guide 2018 About the Author An editorial team of highly skilled professionals at Arihant, works hand in glove to ensure that the students receive the best and accurate content through our books. From inception till the book comes out from print, the whole team comprising of authors."
Books,0,24 Years Solved Papers 1995-2018 General Studies Paper II CSAT for Civil Services Preliminary Examination 2019 
Clothing & Accessories,1,"Najara Fashion Pure Jacquard & Banglory Silk ReadyMade Lehenga Choli Set We nazara fashion provides you lehenga choli which is a traditional Indian wear also known as chaniya choli or ghagra choli for girls. It is stitched product. This lehenga bear a sophisticated look and enhance the beauty of the girls which can be worn for functions, festivals, parties and even wedding also. You will be a centre of attraction in the event once you ware it. The material is good and quality is also good."
Electronics,2,"Zotac GT 710 2GB DDR3 Zone Edition Graphics Card Size name:2GB DDR3                                                                                 |                            Style name:PCI Express 2.0   Make your entire PC experience faster with the new ZOTAC GeForce GT 710 dedicated graphics card. Now, you can enjoy better performance than integrated graphics in all your favorite PC applications delivering rock-solid reliability and stability with GeForce Experience."
Electronics,2,HP Original HS04 4-Cell Notebook Battery (N2L85AA) for HP 250G4/Pavilion 14/15-ac/af/ad/aj0xx HP HS04 4-cell Notebook Battery is compatible with: HP 240 G4 Notebook PC;HP 245 G4 Notebook PC;HP 250 G4 Notebook PC;HP 255 G4 Notebook PC;Pavilion 14-ac0XX; Pavilion 14-ac1xx;Pavilion 14-af0XX;Pavilion 14g-ad1XX;Pavilion 14q-aj1XX;Pavilion 15-ac0XX;Pavilion 15-af0XX;Pavilion 15g-ad0XX;Pavilion 15q-aj0XX;Battery Recharge Time System ON: 2.1 hours; System OFF: 2.5 hours
Books,0,Kiran’s IBPS Bank Clerk CWE 2017 Common Written Examination 21 Previous Exams Solved Papers 2011-2017 (English) - 1880 
Household,3,"Sameer Submersible Cooler Pump for Desert Air Cooler, Aquariums, Fountains, 18W, Assorted Color Sameer 6 feet submersible pump. Ideally used for lifting water and circulation for decoration and domestic purpose. It is submersible pump and ideally used for air cooler and for coolant transferring application. It is also used for water curtain and in ganesh murti decoration. single phase."
Electronics,2,"iBall Slide Brisk 4G2 Tablet (7 inch, 16GB, Wi-Fi + 4G LTE + Voice Calling), Cobalt Blue In the era, where the future is your present and the tech savvy generation wants things at a faster pace in the high-speed chase of life, iBall Slide Brisk 4G2 comes with its unmatched 4G performance and 3GB RAM, converging connectivity and seamless multi-tasking at its core. It is India’s first 7 inch Tablet PC with 3GB RAM. An extension to the very popular iBall Slide Snap 4G2, iBall Slide Brisk 4G2 is mightier and more powerful, delivering Terrific Performance."
Electronics,2,"Scarters Splash-proof Canvas The Metropolitan ~ 15.6"" Black Laptop Backpack"
Clothing & Accessories,1,Bold N Elegant Knitted Woollen Warm and Comfortable Fingerless Gloves Thermal Mittens Winter Gloves Accessories Hand Warmer Gloves These finely knitted gloves combine the full tactile sensitivity of bare fingers with warmth and protection for the rest of the hand. Definitely convenient as they allow easy finger movement for typing or accessing cell phones and touchscreens.
Clothing & Accessories,1,"Mothercare Baby Girls' Regular Fit Cotton Sleepsuit (Pack of 3) Your little goose has surely had lots of adventures since they arrived which has hopefully tired them out a little. While they are sweetly sleeping, make sure they're as cosy as can be in this trio of adorable sleepsuits. With toe-safe design and integral scratch mitts on smaller sizes, these sleepsuits will ensure your little one stays safe whether they're dreaming or between naps. What's more, they're made from the softest cotton to make those all-important cuddles even more cosy!"
Electronics,2,"Apple iPad(6th Gen) Tablet (9.7 inch, 32GB, Wi-Fi), Gold Size name:32GB                                                                                 |                            Style name:Wi-Fi                                                                                 |                            Colour:Gold   Apple iPad(6th Gen) Tablet (9.7 inch, 32GB, Wi-Fi), Gold"
Books,0,General Studies - Paper I for Civil Services Preliminary Examination (2019) 
Books,0,"No More Mr Nice Guy: A Proven Plan for Getting What You Want in Love, Sex, and Life About the Author Dr. Robert A. Glover holds a PhD in marriage and family therapy and is himself a recovering Nice Guy. As a result of over 30 years of clinical work with countless men and women, Dr. Glover has become widely recognized as a leading authority on the Nice Guy Syndrome.  Dr. Glover lives in Puerto Vallarta, Mexico, where he writes and leads workshops and seminars for men. His website drglover.com features numerous online courses focusing on personal growth, relationships, sexuality, and career."
Electronics,2,"Ableconn PEX-SA115 2-Port SATA 6G PCI Express Host Adapter Card - AHCI 6Gbps SATA III PCIe 2.0 Controller Card (Marvell 88SE9128 Chipset) - Support Hardware RAID 0, 1 BRAND : Ableconn, Ableconn PEX-SA115 2-Port SATA 6G PCI Express Host Adapter Card - AHCI 6Gbps SATA III PCIe 2.0 Controller Card (Marvell 88SE9128 Chipset) - Support Hardware RAID 0"
Clothing & Accessories,1,Oversized Round Spectacle Frame For Boys|Girls.Matte Black Color Frame. Oversized Round Spectacle Frame For Boys|Girls.Matte Black Color Frame|Transparent ARC Lens.
Books,0,"Mysteries of Ancient Egypt About the Author Lorna Oakes is a lecturer in Egyptology at Birkbeck College, University of London. She also lectures on Ancient Egypt at the British Museum. Lucia Gahlin is an Egyptologist who has lectured at the Universities of Exeter, Warwick and Birkbeck College. She is also the co-author of Civilizations of the Ancient World."
Books,0,"Civil Engineering: 3200 MCQs - Practice Book for ESE, GATE & PSUs "
Electronics,2,"Acer Nitro Core i5 8th Gen 15.6 inch Gaming FHD Laptop (8GB/16 GB Optane/1TB HDD/Windows 10 Home/4GB Graphics/Black/2.7kg), AN515-52 Enjoy premium looks without the premium price with the Acer NITRO Gaming notebook (model AN515-52), which features a beautiful exterior. It features a 15.6-inch high-def display giving you ample space for opening multiple windows and digital entertainment. It's powered by Intel i5 8300H Enjoy smooth multitasking and excellent performance with 8GB installed RAM and 1TB HDD AND 16 GB OPTANE with NVIDIA GTX 1050 with 4gb dedicated GDDR5."
Household,3,"Trust Basket Dotted Oval Railing Planters (Multicolour, Pack of 5)"
Clothing & Accessories,1,"vaikunth fabrics Women's Rayon A-Line Kurta Crafted With Care Using Fine Fabric, This Apparel Scores High On The Comfort Quotient."
Clothing & Accessories,1,"Miss Wow Designer high Waist/Tummy Tucker Pattern/Stylish/Fashionable/Trendy Skinny Casual Ankle Length Denim Jeans/Pant for Women/Girls with Side Five 5 Buttons/with Side Pockets Accentuated with a rinse wash effect and complemented by ankle length design, this pair of jeans proves to be a reliable addition to a fashionista’s wardrobe .Up your weekend style quotient by slipping on this fashionable bell bottom jeans from MISS WOW . It sports a rinse wash pattern and these full length jeans are suitable for any occasion"
Electronics,2,"Saco Foldable Bluetooth Keyboard with Touchpad Pocket Size Portable Mini Wireless for Android, Windows, PC, Tablet, with Rechargable Li-ion Battery - Black"
Clothing & Accessories,1,Alan Jones Clothing Men's Cotton Hooded Sweatshirt
Household,3,"Story@Home Folding Portable Lounge Chair, Red Multi-purpose design that can serve as a outdoor chair or flat cot. Used not only as camping, patio and courtyard, office and beach. Adjustable removable pillow included is a removable, adjustable pillow, great for use as a headrest or for the perfect lumbar support. Easy to fold up and store, please use it by instructions, change the chair to bed or fold up to take and store. Maybe a little heavy, not lightweight, please take care. Do not let it be exposure in the sunshine or rainy days for a long time."
Household,3,DeckUp Lexis Engineered Wood 3-Shelf Matte Finish Bookcase and Storage Unit (Dark Wenge) Size:3-Shelf   The product is a Engineered Wood 3-Shelf Matte Finish Bookcase and Storage Unit.
Electronics,2,HP In-Ear H2310 Universal Headset with Mic and Volume Control (White)
Books,0,"Balasaraswati: Her Art and Life About the Author DOUGLAS M. KNIGHT JR. is a musician and independent scholar. He has appeared in performance with Balasaraswati, her brothers Ranganathan and Viswanathan, and her daughter, Lakshmi Knight, and grandson, Anirudda Knight. Douglas Knight has been a Fulbright Scholar and Guggenheim Fellow."
Books,0,"The Religions Book (Big Ideas) Review Fascinating material, well presented (Jon Sutton The Psychologist (Review of The Psychology Book))"
Clothing & Accessories,1,"Sheomy Combo Of 2 Wayfarer Unisex Sunglasses(Trans_0002|55|Transparent, Black) This is a set of 2 black and mirror wayfarer sunglasses which is suitable for unisex. This is a 100% UV protected sunglass that are good for protecting your eyes from direct sun rays."
Household,3,"Alex Daisy Oslo Bunk Bed for Kids(Brown,MK-PB-88)"
Electronics,2,HP Pavilion AIO 24–q254in 23.8-inch All-in-One Desktop (7th Gen i5-7400T/8GB/1TB/Windows 10 Home/2GB Graphics)
Electronics,2,Casio MJ-120D Plus-BU Desktop Calculator (Blue) EXCELLENT PRODUCT
Electronics,2,AmazonBasics USB 3.1 Type-C to 4 Port USB Hub - Black
Clothing & Accessories,1,Gini and Jony Girls' Skirt
Household,3,"AmazonBasics Security Safe - 0.5-Cubic Feet,Black Size:0.5 Cubic Feet   An Amazon Brand."
Household,3,"Cello Scholar Senior Kid's Desk (Violet) Color:Violet   Cello furniture brings convenience and style to your interiors. Elegant and functional furniture, this study table is well crafted and designed for your child."
Electronics,2,The Clownfish Royal Synthetic Leather Laptop Briefcase - | Laptop bag | Messenger bag (Dark Brown)
Books,0,"The Lonely Planet Kids Travel Book: Mind-Blowing Stuff on Every Country in the World Review ""Fuel children's wanderlust with this geographical treasure trove"" * The School Run * ""Even I found this Lonely Planet Kids Book educational and inspiring, and it's perfect for exposing your kids to facts and fun info about the countries around the world"" * yTravel Blog *"
Clothing & Accessories,1,T2F Boy's and Girl's Cotton Shorts - Pack of 5
Books,0,"Society One Minute Tea, Ginger Lemongrass, 140g Admittedly Indians love their ‘adrak wali chai’. Now add to the ginger a generous hint of lemongrass and it has all the makings of a special chai. The best part? Imagine making it under a minute."
Electronics,2,"Tegh TC-1563 Assembled CPU (Intel Core 2 Duo 3GHz/4GB/320GB/Integrated Graphics), Black Tegh Desktop PC Intel Core 2 Duo 3GHz 4GB RAM 320GB HDD 15.6 inch LED COMES WITH FREE WIFI DONGLE This PC for everyone comes with grimsley black color . This computer is compact, smooth and provides multitasking performance. Take on work, and whatever you think, do it gracefully with this desktop. It is an ideal one for business, education and daily work need also.ink, do it gracefully with this desktop. It is an ideal one for business, education and everyday life"
Electronics,2,Epson EB-S41 SVGA Projector Brightness: 3300lm with HDMI Port Epson EB-S41 SVGA projector Brightness: 3300lm with HDMI Port ...
Books,0,"New Earth, A: Awakening to Your Life's Purpose: 2011 Engagement Calendar "
Household,3,Influx Trexus Mesh Back Armchair Black
Clothing & Accessories,1,ALOFT kids Multicolor Plain Cotton Pants (Pack of-5pcs) These products from Aloft are made from pure soft cotton for kids. They are comfortable and durable and come in assorted colors.
Clothing & Accessories,1,"Bonjour Girl's Poly Cotton Knee High Socks(White, BRO4002-02-PO3-WHITE) - 3 Pairs Bonjour brings Multicolour Knee High Girl's socks. The socks are crafted using finest cotton to please your skin with secure stable fit from toe to knee. They protect and keep your feet and leg clean and safe. You can pair up these socks with shorts, skirts to compliment your look. These multipurpose socks are for school, office and party as it pairs up well with many dresses."
Clothing & Accessories,1,"Voberry Voberry Baby-Girl's Socks, Toddlers Lace Bow Knee High Socks Long Soft Cotton Socks Package Content:1Pair Socks"
Books,0,Bharat Ki Rajvayvastha 
Books,0,24 Years AIIMS Chapterwise  Solutions - Biology 
Books,0,"The Black Island (Tintin) Review Tintin shows young readers that the world in all its complexity is theirs to bestride * The Wall Street Journal * 				    	 					 About the Author Herge, born Georges Prosper Remi, is a Belgian cartoonist. His notable works are The Adventures of Tintin, Jo, Zette and Jocko and Quick and Flupke. He received several awards during his time, including Tibet's Light of Truth Award from the Dalai Lama. He is considered to be the ninth most often translated French-language author according to UNESCO. He has a museum in his name in Belgium called the Musee Herge."
Household,3,"Cj8000 (2-Side Loop Type) Pips-in Table Tennis (Pingpong) Rubber with Sponge : Red 2.2Mm H36-38 Rubber: Pimples In, Model Number: Cj 8000 (2-Side Loop), Weight: Center Focus (All-Round Methods), Bottom: Only Rubber With Sponge, Grip Means: Only Rubber With Sponge, Baseboard Layer Number: Only Rubber With Sponge, Sponge Hardness: 36-38°, Store Number: Pa0004026, Place Of Origin: (Mainland), Unit Type: Piece, Package Weight: , Package Size:"
Household,3,"Indianara Square Synthetic Wood Framed Wall Hanging Art Painting (22.49 cm x 22.49 cm x 3.5 cm, Set of 4) Adorn the walls of your living space with this exquisitely made, aesthetically pleasing, and visually stimulating 4 piece set of framed wall hanging art print. The frames are made of brown synthetic wood and will breathe a fresh life in the walls of your room. It will also make a thoughtful and unique gift for your loved ones on special occasions such as birthdays::wedding anniversary::house warming ceremony and festivals."
Books,0,"A Briefer History of Time About the Author STEPHEN HAWKING held the position of Lucasian Professor of Mathematics at the University of Cambridge for thirty years; his other books for the general reader include the essay collection Black Holes and Baby Universes and The Universe in a Nutshell. Physicist LEONARD MLODINOW, his collaborator for this new edition, has taught at Cal Tech, written for Star Trek: The Next Generation, and is the author of Euclid's Window and Feynman's Rainbow and the co-author of the children's book series The Kids of Einstein Elementary."
Electronics,2,"Kindle E-reader - White, 6"" Glare-Free Touchscreen Display, Wi-Fi"
Electronics,2,"VGUARD UPS SESTO 600 - 600VA- Application Desktop UPS Model: Sesto 600 Output voltage: 230v ac±10%, 50 hzã±1% output waveform: pseudo sine wave indications: visual and audio cabinet dimensions (mm): 279x101x142 product warranty: 24 months off-mode battery charging with high voltage protection backup time: 10 -15 minutes at battery full charge condition capacity: 600va/300w application: one computer with 43 cm tft monitor& one printer (except laser printer) battery details: 12v, 7ah - 1 no cabinet details: abs, black weight (kg): 4. 2 battery warranty: 12 months."
Clothing & Accessories,1,"Mothercare Baby Boys' Regular Fit Sleepsuit (Pack of 3) Get your paws on these panda print sleepsuits, perfect for bear hugs with your little cub. Our sleepsuits are crafted from the softest cotton, with integral scratch mitts on smaller sizes to protect delicate skin. The nickel free poppers are ideal for urgent nappy changes, while the enclosed feet will keep tiny toes toasty warm."
Clothing & Accessories,1,"stylum casual floral printed women's kurti Adding A Touch Of Uniqueness To This White Coloured Flared Kurti With Floral Print From The House Of Stylum. The Cotton Fabric Makes This Kurti Soft And Super Comfortable To Wear All Day Long. Pair Up This Kurti With Leggings,Plazzo,etc."
Household,3,"MIB Wood Cart Snack Serving Platter for Dining Table Bring your table a food on wheels feature. This wooden cart, surfaced with iron wheels is perfect catch hold off on buffet parties and small get together. Give off a basket look to your dining table and bring moving wheels."
Clothing & Accessories,1,"Supersox Babies Combed Cotton Tights These soft, comfy tights for babies are easily washable for everyday wear. They are made of premium quality combed cotton which is a Stretchable fabric with soft gripping elastic that make kids feel cared for throughout the day. These tights will keep your child warm and protected."
Household,3,Electomania® Door Drawers Cabinet Safety Lock for Child Kids Baby 10pcs
Clothing & Accessories,1,"U.S. Polo Assn. Men's Cotton Boxers Feel at ease with these branded and comfortable Boxers for men from US Polo Association. Fine knitting to provide best fit to your body contours, the comfort this innerwear provides has no match with other underwears. Key points about this product are 100% Combed cotton, Printed, Machine wash cold."
Books,0,Red Hat Linux - Administrator 
Household,3,"Evok Magna Three Seater Recliner (Matte Finish, Dark Brown)"
Electronics,2,ADNET USB 2.0 High Speed Hub 4 Port AD-811B These are plug and play installation. If laptop or desktop does not have admin rights then drivers will not get installed automatically and further USB device will not work but with out driver the ports will give power supply which will work as USB charger. Product Size - 10cm x 3.5cm x 2cm Cable length - 40cm Product weight - 36g
Clothing & Accessories,1,United Colors of Benetton Boys' Slim Fit Jeans UCB boys jeans slim fit pattern plain sleeves neck/collars dobby denim with teeing composition 98% cotton 2% elastane
Electronics,2,Netgear R6080-100INS AC1000 Dual-Band Wi-Fi Router (Black) Style name:R6080   Delivers Wi-Fi speeds up to 300+700mbps. It allows you to upgrade your Wi-Fi to support new AC devices. Netgear genie app lets you easily manage your home network. It's easy to install and ideal for medium to large homes.
Electronics,2,"LG 24x Internal DVD Writer (Black and Grey) The LG Super-Multi internal DVD Rewriter features a 24x DVD write speed and a 48x write speed for CD-R. Designed for storage needs that demand consistency, the reads and writes in CD, DVD, DVD and DVD RAM formats giving you the option to choose the media best suited for each task."
Electronics,2,"Lenovo 15.6"" Laptop Everyday Backpack (Blue) Everyday work or play laptop bag from Lenovo. Weighs about 700 gms and can easily accommodate your 15.6 inch laptop. Apart from simply carrying your stuff, to can flaunt it too with its trendy looks. The product gets added strength with the polyester material it is made of."
Household,3,Nilkamal Freedom Mini Medium Cabinet (Weather Brown) Color:Weather Brown   Nilkamal Freedom Mini Medium Cabinet (Weather Brown)
Household,3,"eerafashionicing Small Satin Ribbon Flower Applique Asian Hobby Craft (Snow Pink) - Pack of 50 Pieces Colour - snow pink small satin ribbon applique. 50 pieces snow pink colour small satin ribbon flower applique .these are small size roses are easy to sewing and for pasting . Code no. Flw307b. Size:- l x w:- 1.5 x 1.5 cm pack of : 50 pieces specially recommended for diy,craft projects, dresses, wedding or ethnic dresses, celebrations (festivals) , hand bags , home decor , hair accessories and many more ."
Clothing & Accessories,1,Karigari by Unlimited Girls' A-Line Regular Fit Salwar Suit Set (400017785967) Karigari SKD set for junior. This is made of 100% cotton cambric woven fabric.
Clothing & Accessories,1,"Modish Vogue Multi Colored Floral Print Kids Skirt (2-3yr), (3-4yr) Jazz up your kid's wardrobe and look like an absolute stunner by wearing this skirt from Modish Vogue. Made from Poly Crepe, this skirt features an elasticated waistband and has colourful pattern all over. This regular-fit skirt can be teamed with a pair of wedges and a crop top to complete your stylish look"
Clothing & Accessories,1,"Mothercare Baby Girls' T-Shirt Your little one is sure to need plenty of cute tees, and this one makes a great addition to their collection! made from soft cotton-rich fabric, it has long, cost sleeves to keep tiny arms warm as they play. Pair with leggings, skirts or jeans for an outfit they'll love!."
Household,3,GTB TC-02 Kids Ben 10 Study Table and Chair-Green
Books,0,"India 2018: A Reference Annual Review Nicely packed and promptly delivered. Highly informative book. A must for every household and every student. --By Gosakan on 14 March 2018Best book for those who wish to know about India, Indian govt policies, schemes, departments, etc. --By P. B. on 30 March 2018"
Clothing & Accessories,1,"Arshia Fashions 3/4 Sleeves Party Wear Midi Dress Welcome to the home of Arshia Fashions Kids wear   Description   This lovely girls midi is perfect for your little girl. This garment is ideal for your little girl's cherished birthday or other celebrations, functions and outings.  ""Note: We ship exact product shown in the picture however, There might be slight color variation due to lightings & flash while photo shoot."""
Clothing & Accessories,1,Krystle Boys|Girls Winter Woollen Gloves Pack Of 3 These are really cute kids gloves. Great for outdoor winter activities. These gloves are available in a bunch of cute colors and are stretchy knit fabric.
Household,3,"Asian Hobby Crafts Candle Wicks for DIY Candle Making (24 Pieces) Asian Hobby Crafts candle wicks are pre tabbed and pre waxed wicks used for candle making. Available in 3"", 5"" and 7"" sizes for you to choose from according to your requirements. Low smoke production guaranteed. Made from braided cotton and firm base."
Clothing & Accessories,1,The Children's Place Baby Boys' Trousers The Children's Place Baby Boys' Trousers
Books,0,Master Test Series for AIIMS About the Author MHE.
Electronics,2,"M.G.R.J Pro HD+ Tempered Glass Screen Protector for Lenovo Yoga Tab 3 10 Tablet (10.1"" inch) Tempered Glass Screen Protector offer comfort in the hand and compatibility with most protective cases. 99.9% touch-screen accurate with [3D Touch Compatible]. 9H hardness glass maximum protection from high-impact drops,scratches,scrapes,and bumps. [ Easy To Install ]"
Electronics,2,"Casio FX-82ES Plus Display Scientific Calculations Calculator (Black) Plastic keys, designed and engineered for easy operation.S-V.P.A.M. (Super Visually Perfect Algebraic Method) All the features of the existing V.P.A.M. series plus a new 2-line display and a useful Replay function. All this helps to make mathematics easier to use and easier to understand than ever before. STAT-data editor - Back-step viewing and editing of input data. Multi-replay - Quick and easy recall of previously executed formulas for editing and re-execution. 10-digit mantissa + 2-digit exponential display."
Books,0,"CLAT Study Kit (Legal Reasoning, English, Logical Reasoning, Mathematics and Legal Awareness & General Knowledge) About the Author Deepu Krishna is Director of Admissions and Assistant Professor of Law at Auro University Surat, Gujarat. He had completed his LLM from JLU with a Gold medal. He worked with Career Launcher as Law Prep National Head and has been the youngest Associate Vice President of the Company. He has also been Guest Lecturer at various national law schools. He has also set up his own venture DK STuDs, to train students for CLAT and other law entrance examinations."
Clothing & Accessories,1,513 Knitted self design women's muffler This knitted self design is frafted from wool/acrylic in multicolour It provides winter soft and warm.
Household,3,"Supreme Fusion 2 Plastic Storage Cupboard (Brown and Beige, Standard) They have got a vast array of moulded plastic furniture, like moulded plastic chairs, moulded plastic tables, cup boards plastic trolleys, plastic centre tables, plastic stools, plastic baby chairs, garden and office furniture. Supremes vast range of plastic furniture can be divided into eight sub categories, namely upholstered, monoblock chairs, monoblock chairs, Armless chairs, Centre tables and trolley, Dining tables, Baby chairs, Stools."
Electronics,2,Cooler Master Elite 130 Mini-ITX Computer Case Size name:LAN Box                                                                                 |                            Colour:Black   Unprecedented airflow for a Mini-ITX case. Dual Super Speed USB 3.0. Supports a 120mm radiator in the front. Supports standard length ATX PSU. Steel Mini-ITX Tower.
Clothing & Accessories,1,"Wensltd Clearance! Autumn Girls Tights Bearded Girl Fashion Knitted Stocking Baby Pantyhose (Black-1) Colour:black-1   Feature: ; 100% brand new and high quality. ; Quantity:1Pair ; Material:Polyster ; For the season: Spring autumn and Winter ; Make your baby become more fashionable, attractive, beautiful, your kids will like it very much. ; Flexible and scalable Package Content:1 Pair Pantyhose"
Clothing & Accessories,1,"Maniac Boy's Shrug Designed for comfort and style, this fullsleeve shrug is an epitome of charm. With an open front, it features shawl collar for giving attractive look when your kid is in party or outdoor.Wear it best with contrast tshirts and sneakers to stand out in the crowd."
Books,0,"Students' Guide to Accounting Standards (CA/CMA Final) (As Per Old Syllabus) (33rd Edition June 2018) Incorporating : As Comparison with Ind AS,350 Problems with Solutions, 265 Unsolved Problems with Answerswith Solved Question Papers of CA [Final] - Financial Reporting [From May 2016 to May 2018]As per Old Syllabus"
Household,3,"anshatrandcraft Candle Making Wicks 5 Inches Wick- 50 Pieces Color Name:5"" Wick 50 Pcs   A candle wick is a piece of string or cord that retains the flame of a candle . A fine standard with consistent burning candle is dependent on the and size of wick .candle wicks are commonly made up of braided cotton . Wick comes in various sizes according to your requirement ."
Clothing & Accessories,1,"Y&S UV Protected Unisex Sunglasses(YS-Combo-Blk-Gldn-Stk-BlkBlkWayf-55|Blue) Sunglasses are the essential accessories these day , go on a day out and accessorize your outfit with a stylish sunglass. To complete the look chose the outfit which can complement this sunglass. Eye catchy sunglasses and intricately designed and finished timepieces are what separate you from the rest."
Electronics,2,"MacBook Air 13 Case 2018 Release, i-Blason Smooth Matte Frosted Hard Shell Cover for Apple MacBook Air 13 Inch (Frost Clear) Colour:Clear   Macbook Air 13 Inch (2018 Release) Case Friendly Note: Please check the model of your laptop before purchase. The model number is on the back of your laptop Only Compatible with Apple Macbook Air 13-inch model 2018 Release NOT Compatible with other MacBook models"
Household,3,SPORTO FITNESS™ Heavy Duty STANDERD Curved Flat bench MODEL:1220 The shipping process for this item follows dispatch guidelines laid down by various state governments and may require additional documentation.
Electronics,2,"90HILLS STYLO 30 Litre Printed Casual Laptop Bag || College Bag || Backpack Colour:Print9   This stylish Backpack is your ideal partner to your office, adventure trips and for day to day commute. It has large 30 liter space to carry all your essentials including laptop, clothes, headphones, files and essential accessories. The special designed shoulder straps support your shoulders to carry your stuff long hours without any hassle."
Clothing & Accessories,1,nauti nati Girls' Skirt
Books,0,"Don't Lose Out, Work Out! About the Author About the Author: Rujuta Diwekar is a renowned nutritionist and author. She was bestowed with the 'Nutrition Award' by the AIG (Asian Institute of Gastroenterology). in 2012, she was voted as one of the 50 most powerful people in India, by the People Magazine. Some of Diwekar's clients include Anupam Kher, Kareena Kapoor, Anil Ambani and Karisma Kapoor. Diwekar's famous works include Don't Lose Your Mind, Lose Your Weight, Women & the Weight Loss Tamasha and Khaiye Aur Vajan Ghataiye."
Household,3,"Kevin 80 cm (32 Inches) HD Ready LED Smart TV K32CV338H (Black) Size name:32 inches   32"" smart android Kevin LED Television. Resolution 1366x768 pixels, Eco Vision, Power Audio. 178/178 degree wide viewing. Cinema Mode. Connectivity - Input: HDMI*2 USB*2, PC*1, AV*2, RF*1. HRDD Technology. Total Sound Output 20W. Super Slim Bezel."
Clothing & Accessories,1,Jannon Sky Blue Color Denim Jeans for Women Jannon Sky Blue Color Denim Jeans For Women
Books,0,"Current Dental Examination-2016: Update-2 Book is useful for thsoe taking up Dental exams,Salient Features : Covers 17 Important Exams of 2016-2015 (National & State level), Authentic Questions with concept-based explanations and latest references, 150+ Image-based questions (AIPG/AIIMS pattern), Special information on ""Method of Cracking"" various examinations,Complete Guide to MDS Preparation."
Clothing & Accessories,1,"FabSeasons Checkered Polyester Golf Flat Cap 1) Brand - FabSeasons 2) Material - 35% Cotton, 65% Polyester 3) Fits everyone above 14 years. 4) Size - 58 cms 5) Comes with a elastic on the inner side for better grip on the hand"
Books,0,"How We Got To Now: Six Innovations That Made the Modern World About the Author Steven Johnson is the bestselling author of eleven books, including Where Good Ideas Come From, Wonderland, and The Ghost Map. He's the host and co-creator of the Emmy-winning PBS/BBC series How We Got To Now, and the host of the podcast American Innovations. He lives in Brooklyn and Marin County, California with his wife and three sons."
Clothing & Accessories,1,"benext FirstClap Dungaree for Boys & Girls |Dress for Boys|Jumpsuit for Kids|Unisex Dark Blue Make your little master look stylish in this DarkBlue Coloured Short Dungaree from FirstClap Made of Denim, these dungaree will keep your kid comfortable all day long and relaxed fit."
Electronics,2,"Pcs System -K7ts Total Security 1-User Activation Serial key (Multicolour) Get your device with k7's enhanced scan engine in antivirus, a simple and basic protection that every computer needs. Its intelligent real time scanner scans for vulnerabilities. K7 will serve as the backbone of your device's defense system. This is security simplified at your disposal."
Books,0,Democratic Politics - 1 : Textbook in Social Science for Class - 9  - 972 
Books,0,"ViviBright GP80 1800LM 1920*1080 HD Home Theater Portable LED Projector with Remote Controller, Support HDMI, VGA, AV, USB Interfaces,Black ViviBright GP80 Portable Projector - 1800 Lumen, 40 To 135 Inch Projection, HDMI, Stereo Speaker, 1080P Support Key Features... Vivibright GP80 1800 Lumen projector will bring a cinematic viewing experience to any home Lightweight and portable enough to take away on holidays, to work or a friend's house for the big game 38 To 135 Inch projections in a compact and portable projector Supports 1080P and has HDMI, AV, USB and VGA input ports."
Books,0,"Learn French In 30 Days Through About the Book: Learn French in 30 Days ThroughEnglish All Indian should learn at least three languages-English tocontact the world, Hindi to contact entire India and the regionallanguage of the person lives. In fact, one should learn morelanguages- Mahatma Gandhi"
Household,3,SleepyCat - Gel Memory Foam Mattress (78x72x6 inches)
Books,0,General Knowledge for All  2019 
Clothing & Accessories,1,"Pantoff Women's Slim Fit Jeans This slim fit jeans made with dobby (stretchable) fabric which is skin friendly and easy to wear. You can wear the jeans with off shoulder top. ''Pantoff is a brand synonymous with the youth and aspiration. breaking the confines and expanding the horizon, the brand believes in evolving each day with the ever evolving fashion world. keeping pace with the fashion dynamism, the brand at every point epitomizes global fashion and is a beacon of effortless style. NOTE:- Pantoff product are sold by only M S Fashion."
Clothing & Accessories,1,"Bonjour Barbie Knitted Baby Tights Cute, cosy and above all, comfortable for delicate baby feet, these pastel shade Bonjour Kids Softy Comfy Socks , with anti-slip fabric in the socks, terry loop cushioned linings and Standard toes for smooth seams that cosset and care for those sensitive little toes. These sweet, socks with their little shoe top design in different colours look fancy , reinforced at stress areas, properly shaped for tiny feet."
Household,3,"Vardhman 100% Acrylic Wool Wrosted (6 pc) Baby Soft Wool Ball Hand Knitting Wool/Art Craft Soft Fingering Crochet Hook Yarn, Needle Knitting Yarn Thread Dyed Size:6 pc   Vardhman Wool is ideal for knitting sweaters, Art & Craft, etc. Items made from this yarn may be laundered through the use of water, detergent or soap and gentle hand manipulation; No bleach product may be used. Note : Wool Pc may very but weight will not. Means weight will be as per order, Pc may vary with each other."
Household,3,ACM Leather Cushion Pillow Head & Neck Rest for Study Chair Black
Clothing & Accessories,1,"Marks & Spencer Boys' Plain Vest (Pack of 3) Three quirky characters grace the front of these children’s vests, adding a spark of imaginative fun to these everyday basics. A wonderfully soft and lightweight layer to wear under their outfits, this three pack of kids’ vests has been made from pure cotton to make them breathable and keep them feeling fresh."
Electronics,2,"Wacom One by CTL-472/K0-CX Small 6-inch x 3.5-inch Graphic Tablet (Red/Black) Colour:Red/Black                                                                                 |                            Size name:Small   Digital creativity made easy: You and your computer in creative harmony. Sketch, draw and edit photos with a simply great pen experience. It couldn’t be easier."
Books,0,HBR Guide to Data Analytics Basics for Managers (HBR Guides)
Books,0,"Mandala Art: Colouring Books for Adults with Tear Out Sheets (Adult Colouring Book) About the Author Wonder House has a dedicated team of editors and designers involved in the development of magnificent and enriching children books. The team pays special attention to develop age appropriate content and does extensive research on every topic included in the book. Our mission is to develop highly informative content which will help the children to master different skills. At Wonder House, we strive to make learning a joy."
Books,0,Republic (Enriched Classics) 
Household,3,"3pcs New F16mm Ultrasonic Mist Maker Fogger Ceramics Discs for Humidifier Parts 3 pcs 20mm Ultrasonic Mist Maker Fogger Ceramics Discs with Wire & Sealing Ring New Φ20mm Ultrasonic Mist Maker Fogger Ceramics Discs with Wire & Sealing Ring Diameter: Φ20mm Thickness: 1.24 ± 0.01mm Frequency: 1.7MHz Quantity: 3pcs This mist disc with wire can not be connected with power directly, it needs a separate driver ""circuit"" We are not responsible for any experiments done, Burn , blast , broken disk ""due to experiments"" will not be replaced"
Books,0,CAIUL Plastic Pieces of Moment Book Album for Films for Fujifilm(Pink) Color Name:as shown in the image   CAIUL Pieces Of Moment Book Album for Films of Instax Mini 7s 70 8 25 50s 90/ Pringo 231/ Fujifilm Instax SP-1/ Polaroid PIC-300P/ Polaroid Z2300 (64 Photos Pink).
Clothing & Accessories,1,Satyam Kraft Golden Diva Dainty Leaves Golden Skinny Stretch Metal Belt For Women/Girls Here we have the very famous Red Carpet Celeb Style gold stretch metal belt! Prettify your evening outfits with this shiny gold stretch metal belt. This wrap style belt features a delicately embellished bow buckle which will add charm to any of your solid colour outifts.
Electronics,2,AmazonBasics 6-Feet VGA to VGA Cable An Amazon Brand.
Household,3,"Kuber Industries PVC 6 Piece Refrigerator Drawer Mat Set - Multicolour Color Name:Multicolour   Multi-purpose mat for refrigerator and drawer. Kuber Industries is pioneer name in creative handmade jewellery and clothing organizers. Founded in 1995 in cultural capital of India, Jaipur the group is engaged in designing new solutions for everyday use and changing needs of the people."
Books,0,Practice Book for GATE & PSUs: Computer Science & IT (2650 MCQs) 
Clothing & Accessories,1,"Leriya Fashion Women's Diamond Crepe Western Shirt Trendy and appealing, this shirt from Leriya Fashion's exclusive collection will surely impress fashionable women. This shirt will surely add unique charm to your casual as well as party look. Made from soft fabric, this top will help you stay relaxed all day long. 100% Satisfaction is guaranteed. We Also manufacture shirts, t-shirts,tops for women Western, Casual, Formal, Stylish, latest tops for Women."
Electronics,2,"Rapoo E1050 2.4G Anti-Splash Wireless Keyboard (Black) Rapoo E1050 2.4G Anti-Splash Wireless Keyboard. The spill-resistant wireless keyboard works exceptionally well with 2.4GHz technology to give you the performance you need. It has instant media control capability through Fn key. Compatible with Windows 8, the keyboard has a neat design and works well with all types of PCs."
Clothing & Accessories,1,"Devil Women's PU Leather Belts Combo of 4 (Black,Brown,White & Red) This Belt is surely going to be your companion for the coming years. Ladies synthetic leather belt is made by fine grain soft material with excellent workmanship, We design this belt according to your use and personality."
Books,0,"The Man in the White Suit About the Author Ben Collins won races in every category from Formula Three to Le Mans Sportscars and GT, and captured the European NASCAR title. He also worked as a Hollywood stuntman. In 2003 he became the anonymous fourth presenter, known as the Stig, of ""Top Gear,"" coaching celebrities, organizing car chases, and testing hundreds of priceless cars. Eight years later, his alter ego is recognized by millions around the world."
Clothing & Accessories,1,Eccellente Cummerbund|Tuxedo Belt for Men and Boys -Click for More Options and Variety Great Indian Sale Diwali Offer (4-8Oct) Eccellente Cummerbund|Tuxedo Belt for Men and Boys -Click for More Options and Variety
Electronics,2,"CableCreation Internal HD Mini SAS (SFF-8643 Host) - 4x SATA (Target) Cable,SFF-8643 to 4x SATA Cable, 0.5M, SFF-8643 for Controller, 4 Sata Connect to hard drive BRAND : CableCreation, CableCreation Internal HD Mini SAS (SFF-8643 Host) - 4x SATA (Target) Cable"
Electronics,2,"Westcott UTM Map Grid Reader/Plotter, 5"" by 6"", Transparent (GR-2) Universal Transverse Mercator (UTM) Grid Reader see through and easy to read. 5x6.5 inches."
Household,3,"Origin Novita Dehumidifier ND 838 Condition your environment to suit you with Novita Dehumidifier ND838. Removing excess moisture in the air to give you ideal humidity levels, ND838 extracts up to 30 litres/day. This energy-efficient dehumidifier comes with more features - focus drying function, timer function, anion mode, 6 litres water tank, and it also has a wide coverage area of up to 350sq ft"
Clothing & Accessories,1,"RC. ROYAL CLASS Kids Calf Length Woolen Blend Multicolored Socks (Pack of 5)(1-14 Years) Designer Full length/calf length woolen blend socks for kids, pack of 5 pairs, made from acro wool and spandex for elasticity, one of softest socks for kids, suitable for both summers and winters. Do not Iron or bleach. Hand wash only."
Clothing & Accessories,1,"Cute Gang Boys Cotton Polo T-Shirts Cute Gang presents to you its latest collection of Cotton Polo T-shirts for kids. Our classic mesh Polo T-shirts are a comfortable choice for parties, playdates, and everything in between for your child. Crafted in Premium Cotton rich fabric and processed to be soft at skin, this Polo tshirt for boys is sure to get your kid compliments while ensuring comfort all day long. Buy cotton tshirts for boys in 12+ color options and 6 sizes."
Books,0,CCIE Routing and Switching v5.0 official 
Clothing & Accessories,1,"Skudgear Sports and Casual Wear Headband Hair Band for Women, Girls and Ladies (Black) Skudgear Sports and Casual Wear Headband Hair Band for Women, Girls and Ladies"
Electronics,2,LAPMATE Swiztek Internal Cpu Fan for Sony CS Series Featuring Swiztek Internal Cpu Fan for Sony CS Series ensuring a warranty of 30 days.
Household,3,Cello Storewell Chest of Drawers (Ice Grey) Color:Ice Grey   This simplistic chest of drawers will be very useful for offices. It comes with 2 small and 2 large drawers wherein one can store files and other official documents. Its table top surface can als be used for storage. This compact and simplistic chest of drawers is sure to be everyone's favourite thanks to its storage capacity and svelte structure.
Clothing & Accessories,1,"Bonjour Girl's Cotton Knee High Socks (Navy Blue, 5-8 Years) - Set of 3 Pairs Bonjour brings multicolour knee high girl's socks. The socks are crafted using finest cotton to please your skin with secure stable fit from toe to knee. They protect and keep your feet and leg clean and safe. You can pair up these socks with shorts, skirts to compliment your look. These multipurpose socks are for school, office and party as it pairs up well with many dresses."
Books,0,Guide to RRB Junior Engineer Civil 
Household,3,"swadeshi enterprises Ceramic 180 ml Jars Set of 4 with two 100 ml Jar Plus 1 very small jar Set total 7 Jars Set Ita a small classic jar for storing pickle chatni jam on dinning table, kitchen table. it can hold approx 250 ml of item each. it looks vintage and classic."
Household,3,"Art Street Shooting Star Set of 16 Individual Photo Frame- Multiple Size (3 Units of 8x10, 4 Units of 6x8, 4 Units of 5x7, 3 Units of 4x6, 2 Units of 6x10) live your golden memories by decorating your place with photographs. Bright colours and specially handcrafted artistic make, give these pieces a vibrant and modish touch to the plain walls of your living space. Give a personalized touch to your gifts by picking one of these pieces."
Clothing & Accessories,1,Kuchipoo Boys Regular Fit Cotton Vest (Pack of 6) Pack of 6 white innerwear for babies. These innerwear are made with 100% cotton fabric. This stylish innerwear looks good on babies.
Electronics,2,Casio SX-300P-W Portable Calculator (Silver)
Clothing & Accessories,1,Brim hugs and Cuddles Cotton Romper and Bodysuit for Baby boy/Baby Girl A super and premimum product from the house of best product that offers the best product in the baby product range and this suits the perfect product for the winter need.
Clothing & Accessories,1,Bodycare Cotton White Bloomer (Pack of 6) Package include boy's vests and come with Pack of 6. These are Perfect for summer season.
Books,0,Topics Group Discussion 
Electronics,2,"ACER Predator Helios 300 Gaming Laptop Intel Quad Core I7 Processor 6GB Graphics, 15.6"" Full HD, Red Backlit Keyboard, Metal Chassis Style name:Laptop   Acer Predator Helios 300 (G3-571-77QK), Intel Core i7-7700HQ (2.8GHz - 3.8GHz) Processor, 15.6"" Full HD (1920 x 1080) Widescreen IPS Display, 16GB (2x 8GB) DDR4 2400MHz Memory, 256GB SATA SSD, NVIDIA GeForce GTX 1060 (6GB) GDDR5 Graphics Card, Microsoft Windows 10 Home, Gigabit Ethernet LAN, IEEE 802.11 AC Wireless LAN, Bluetooth 4.0, HDMI 2.0, USB 3.1 Type C, USB 3.0, 2x USB 2.0, Backlit Keyboard (Red backlight)"
Household,3,"SENECIO™ 100Pcs Mix Fruit Fimo Slice 3D Clay Multicolor Nail Art Tips Decoration Clean the surface of your nails, brush the base polish. Then apply nail glue/transparent nail paint for better grip & result. There are many mixed different types of fruit nail art slices, you will receive mixed variant nail art slices of fruits category . It is not only apply to nature or artificial nail but also the decoration for the cell phone ,book, diary , mobile, media player and other DIY Projects."
Clothing & Accessories,1,"BODYCARE Insider Kids Thermal/Winter Wear/Cotts/Warmer for Girls and Boys, Set of 1 Upper and 1 Lower Bodycare Insider Cozy Soft Kids (Boys and Girls) Thermals. Stretchable, Breathable and Lightweight. One of the best known brand in the Kids line, Bodycare thermals are the best selling thermals in the Industry. Known for their superior quality, high durability and best protection from winters. Give your kids the loving warmth of Bodycare Thermals."
Books,0,CAT 2018 28 Topic-Wise & Year-Wise Solved Papers (1990-2017) 
Electronics,2,"SToK ST-30CC New Cross Cut Paper Shredder for A4 Size Sheets & CD/DVD/Credit Card/Can Shredd 8 Sheets at Once SToK Paper Shredder will shred 8 sheets & CD/DVD/Credit Card at once. It has 15 L wastage bin where all the shredded wastage can store. This device has Auto Start/ Off /Clear /Reverse features. This device is very easy to use and perfect for your Home & Office.For better result, please give 40 min of rest to machine at least after 2 minutes of usage"
Books,0,Xam Idea 20 Plus CBSE Sample Papers Mathematics Class 12 for 2019 Exam 
Clothing & Accessories,1,"VIMAL Winter King Blended Thermal Top & Pyjama Set for Boys White Vimal Kids Thermals Are Made With Speical Soft Fabric , Keeping In Mind The Soft Skin Of Kids . As Known By The Name Vimal Thermals Act As A Saviour In The Chilly Weathers Of Winters . By Manufacturing These Thermals Vimal Has Added One More Feather To Its 40 Years History Of Serving People."
Books,0,"Flatland: A Romance of Many Dimensions (Tantor Unabridged Classics) About the Author Edwin A. Abbott (18381926) has been ranked as one of the leading scholars and theologians of the Victorian era and is perhaps best known as the author of the mathematical satire and religious allegory Flatland. Actor and musician James Langton, an AudioFile Earphones Award winner, has performed many voice-overs and narrated numerous audiobooks, including the international bestseller The Brotherhood of the Holy Shroud by Julia Navarro and The Demon's Lexicon by Sarah Rees Brennan."
Household,3,@home By Nilkamal Ivan Serving Cart (Brown)
Household,3,"Furny Limo Three Seater Sofa (Brown) Size:3S   Furny owns the trademarks : FabHomeDecor and Furny products are manufactured at our facility at Bhiwandi, Mumbai. Buyers are advised to purchase directly from Furny and not from other unauthorized fraud sellers who have tagged themselves on Amazon to take free advantage of our brand name."
Household,3,"Valtos Sheldon Engineered  Wood 2-Door Wardrobe (Matte Finish, Wenge) What more do you need in a wardrobe other than a hanger space and a few shelves? This wardrobe is minimalistic but encompasses all the functional elements required for a wardrobe design. This double wardrobe is an absolutely ideal solution for storing clothes, shoes, books, toys and more. Perfect for any bedroom and easy to install."
Household,3,"Limra Ceiling Fan Room Ventilator Conditioner Electric Mini Portable Personal Air Cooler 220V 7W Fan Household 5 Blades Mini Mute with ABS Blades Power Plug Switch Energy Saving Cooler Fan Voltage: 220V Power: 8W Ceiling fan to enjoy more cool wind Silent Detachable, easy to store"
Books,0,Geography for UPSC and State Civil Services Examinations About the Author PrepMate.
Clothing & Accessories,1,United Colors of Benetton Boys' Polo
Clothing & Accessories,1,Kiddeo Boy's Cotton Full Sleeves T-Shirt Kids plain fullsleeve t-shirts for boys which is made up of 170 GSM 100% combed biowash cotton fabrics and fastness fabrics available in different combos which will make your kid feel very cool.
Household,3,"Visitor Office and Home Chair (1 Piece) We are Leading Manufacturers of All types of Seatings Like Boss chairs, Dining Chairs ,Office chairs ,Furnitures, et.. CLick on the "" sold & Fulfilled by Wisdom seatings "" & then click on the "" Ask Questions "" for All inquiries and All Orders related Queries."
Electronics,2,"Docooler Replacement Cutting Mat Standard Grip Adhesive Mat with Measuring Grid for Silhouette Cameo Cutting Plotter Machine, A3 Specifications:   Material: PVC Size: A3 Package Size: 43.5 * 31.5 * 0.3cm/ 16.9 * 12.2 * 0.1in Package Weight: 110g/ 3.9oz Note: For preventing warping, do not iron on mat or directly place it under sunlight to avoid extreme hot. Package List: 1 * Replacement Cutting Mat"
Electronics,2,MSI AMD Radeon R7 240 2GB DDR3 VGA/DVI/HDMI Low Profile PCI-Express Video Card Style name:R7 240 2GD3 LP   MSI Video Card R7 240 2GD3 LP 2GB DDR3 R7 240 Oland Pro PCI Express 64 Bit VGA/DVI/HDMI Retail
Household,3,"Asian Hobby Crafts A4 Eva Foam Sheet, Black (2mm) Colour:Black   Add flair to your craft expeditions with Asian Hobby Crafts foam sheets. These eva foam sheets are perfect for scrapbooking, hobby crafts, project making, decorations and other endless ideas. Asian Hobby Crafts provides the eva foam that has an ultra fine texture giving your creations a fine finish. Choose the colour of your choice from our catalogue. Click on 'Asian Hobby Crafts' under the title to explore other designs or craft related items."
Books,0,"Geography of India About the Author Majid Husain is a well-known name in the field of geography. He has written many books on the subject for students who are preparing for the civil services examination and for students in universities. He has been a professor of geography in Jamia, Milia Islamia."
Household,3,"Kuber Industries Plastic Bathroom Stool (CTKTC57) Made of plastic material so this has a sturdy body and this is very durable. This patla gives and provides a very comfortable seating for all age’s persons in bathroom or kitchen. Its wide seating are gives enough space to sit and stand on it. This is portable and light weight so you can carry it anywhere. This is easy to clean and can be wiped down with a cloth. This is ideal for home, kitchen, bathroom, washroom etc."
Clothing & Accessories,1,"Cherokee by Unlimited Girls' Cotton Leggings (Pack of 5) A wedge is born in venice beach, california. From handcrafted beginnings and steeped in authenticity, cherokee speaks to the very best of american design. Timeless classics inspired by vintage americana, but always interpreted with a modern cherokee handwriting. Across four decades, cherokee has always stood for confident, effortless and relaxed american style. Something we call “american cool”."
Clothing & Accessories,1,"VIMAL JONNEY Winter King Blended Thermal Top & Pyjama Set for Boys Vimal Jonney Kids Thermals Are Made With Speical Soft Fabric , Keeping In Mind The Soft Skin Of Kids . As Known By The Name Vimal Jonney Thermals Act As A Saviour In The Chilly Weathers Of Winters . By Manufacturing These Thermals Vimal Jonney Has Added One More Feather To Its 40 Years History Of Serving People."
Electronics,2,"Sony USM32BA2 OTG 32GB Pen Drive (Silver) Effortlessly share photos, videos, music and any files between your PCs, smartphones and tablets with the USM-BA2, featuring Micro USB and USB Type-A connectors. Transfer large files with USB 3.1 Gen 1. A slim and stylish metal body shape also allows for perfect use in small spaces."
Electronics,2,"HP 21.5 inch (54.6 cm) LED Monitor - Full HD, IPS Panel with VGA, HDMI Ports - 22W (Black) With a full HD resolution and nearly borderless design, these IPS displays deliver the perfect combination of form and function for less than you'd imagine. Easily hook up your laptop or desktop and enjoy a big screen experience for all your favorite content."
Clothing & Accessories,1,"Mothercare Boys' Pyjama Set (Set of 2) Made from 100% cotton to keep your little boy cool and comfortable, these cute pyjamas featuring airplane print on the top and stripes on the bottoms are ideal to wear at bedtime for a comfortable night's sleep."
Electronics,2,"HP HP 20-c103in 19.45-inch All-in-One Desktop (Celeron J3060/4GB/500GB/Windows 10/Integrated Graphics), Black Redesigned, reliable, ready for you. Whether your family is looking to surf, stream or tackle that next big assignment, this budget friendly All-in-One has been redesigned to give everyone what they need. A splash of color and reliable, trusted performance make this the perfect living room go-to."
Electronics,2,"Cadyce CA-U36P USB to Parallel Bidirectional Cable (White) Cadyce USB to parallel IEEE-1284 36 pin printer cable is used to connect a printer to a USB port on a PC. Connects a desktop or laptop computer with on-board USB to a parallel interface printer. The USB interface provides a much faster data transfer rate than a standard parallel port, thereby reducing the time waiting for a print job to be sent to your printer. This cable adapter is only compatible with 36-pin parallel ports."
Household,3,MBTC Magma Bar Stool in Black (Set of 2 Pcs) A nice addition to the furniture of your bar would be this MBTC cafeteria and bar chair that would help you make changes in the seating arrangement.
Clothing & Accessories,1,Double F Round Neck Half Sleeve Solid T-Shirt for Boys DOUBLE F ROUND NECK HALF SLEEVE SOLID T-SHIRT FOR BOYS
Household,3,TCLPVC Economy Bamboo Blind Chick Window Closer Curtain (4 Sizes) Natutal Range (W5/H7) Tclpvc Economy 5/7 feet Bamboo Chick Window Closer - Curtains for Balcony - Windows - Outdoors - Door - Kitchen - Home - Office - Hotel - Resorts – Blinds - Shades – Screens - Patio Umbrellas - Canopies - Shade - Sunscreen Fabric - Screens - Protection - Balcony Privacy - Protective Screens - window blind curtain – Verandas - Public Areas - Door Curtain - Fly Screen - Divider Room US - 10120.
Clothing & Accessories,1,"Jockey Women's Cotton Shorties Jockey International, Inc. is a leading designer, marketer, retailer, and licensor of men’s undergarments and women’s intimates. Jockey is a third generation family-owned company, headquartered between Chicago and Milwaukee in Kenosha, Wisconsin. The company employs over 1,600 associates around the world with operations in Canada, Hong Kong, New York, North Carolina, and Germany. JOCKEY is a registered trademark in over 120 countries."
Clothing & Accessories,1,LUXCY Unisex Shorts (Pack of 12)(MRBGIPRDPKIDDO(Pack of 12)(6-7) 12_Multicolor_75) This display product from the house of Luxcy is made of cotton and is multicoloured. It is available in pack of 12.
Household,3,Usha Maxx Air 400mm Table Fan (Blue) Motor over heat auto protection. Aerodynamically designed semi- transparent blade. High air delivery. Powerful motor designed for Indian weather conditions. Unique pivot arrangement for uniform oscillation and tilting. Aerodynamic polypropylene (PP) blades for better air delivery with low noise.
Books,0,Gulliver's Travels Gullivers Travels
Household,3,Litake Submersible Lights RGB LED Lights with Remote Battery Powered Multi-color Waterproof IP67 Floral Decoration for Aquarium Vase Base Party Wedding Halloween Christmas Holiday Lighting-4 Packs by Litake All products are imported from the USA. All electronic products must be used with a step down/up converter for Indian voltage compatibility.
Electronics,2,Delta PLC - Dvp14Ss211T 8 Digital Input & 6 Digital Output. 24Vdc Suppy. Expandable With Additional Module
Electronics,2,"QuantumZERO 4 Ports USB 3.0 Hub, 3.3 ft Cable, Black"
Electronics,2,"IT2M Designer Mouse Pad for Laptop/Computer (9.2 X 7.6 Inches, 7043) IT2M brings to you finest quality mouse pad that is ideal for graphic designers, or anyone who uses a mouse for long sessions . The products are made with utmost care and are durable. We hope that it meet your requirement while we take pride in giving you the best of services."
Household,3,MBTC Clark Seat And Back Cushion Folding Chair (Set Of 2) Made from Mild Steel
Household,3,"Cosco Skyler Kids Dresser Drawers with Open Cubbies, White"
Household,3,"Dimensions Crafts 70-35313 Japanese Garden Counted Cross Stitch Kit Take a stroll through this lush Japanese Garden. This colorful masterpiece from The Gold Collection by Dimensions features exquisite shading and detail and metallic thread accents. Finished size: 16"" x 12"". Designed by Sung Kim. Sung Kim. Licensed by Bentley Licensing Group."
Household,3,"Urban Ladder Twain Study Table with Storage(Cherry Melamine) Full marks. A classic desk with pared down trestle legs, the Twain study table is elegant in its simplicity. The generous table has room for you to spread out and the two deep drawers help keep a check on overflowing papers, files and more. There's plenty of space below for legs to stretch comfortably.  MDF table top with cherry melamine finish and lacquered legs."
Books,0,Internet and World Wide Web: How to Program 
Books,0,HISTORY OF AMERICAN LITERATURE 1. Colonial Literature 2. The Emergence of a Nation 3. The New York Group 4. The New England Group 5. Southern Literature 6. Western Literature 7. The Eastern Realists 8. A Glance Backward 9. Supplementary List of Authors and their Chief Works
Electronics,2,"Rich Case Flip Tablet Pu Leather Book Cover For Kindle E-Reader 6"" Paperwhite - Stand Pink PU Leather Flip Cover for Amazon Kindle Paperwhite E-book Reader. The cover is made of premium PU leather. Flip case can fold back for one-handed reading. Easy application and precise cut-outs with full access to all controls and features; Ultra slim and ultra lightweight edition protecting your device without adding unnecessary bulk or weight. Magnetic closure. Premium PU leather cover protecting your devices from scratches. Color- Stand Pink"
Household,3,"ELECTROPRIME 4X Butterfly Flower Hanging Screen Curtain Room Divider Partition Wall - Red Item name:4x butterfly flower hanging screen curtain room divider partition wall red model no: lsw0001092653008767 description: - perfect for putting room, living room, restroom, hotel, ect. - perfect for adding a touch of classic charm to a variety of spaces in your home - beautiful flower and elegant butterflies pattern can decorate your home wonderful - it can be used as wall art, a divider, a screen, or a window treatment. - it can be hung vertically, also can be pasted the wall."
Clothing & Accessories,1,"ahhaaaan Boy's Denim Dungaree with T-Shirt White_1-5 Years ahhaaaa brings exclusive winter Range for little infants. The range has been carefully crafted keeping the comfort of your delicate baby. So, grab this dungaree with t-shirt and make you little baby centre of attraction this festive season."
Household,3,"FLORAINDIA Fresh Flowers Bunch of 8 Red Roses Size:Bunch of 8   Surprise your loved one on the special occasion with this beautiful bunch of 8 red roses with nice packing. Good product for birthday, anniversary, congratulations and more."
Books,0,Raising Positive Kids in a Negative World
Electronics,2,"Taslar Hard Shockproof Portable Eva Storage Cases Covers For Powerbank, External Hard Drive Carrying Bags With Mesh Pocket - Black(Pack Of 1)"
Books,0,Pharmacology MCQ for All India Postgraduate Medical Entrance Examination This book provides a comprehensive account on the Multiple Choice Questions (MCQs) in depth for students to prepare for the All India Postgraduate Medical Entrance Examination. (MCQs) based on each words from Pharmacology. This set of MCQs based on the different topics of Pharmacology is made for the aspirants of Postgraduate medical this set has very relevant questions and it covers MCQs in depth.
Books,0,RBI 2019 Grade B Officers Ph I Guide 
Household,3,"IRIS Stacking Chair with Powder-Coated Legs, 14"" Height, Blue This product is of IRIS brand and it comes in blue color. The design promotes good posture, making it easier for young students to sit still, while the sturdy steel frame has a non-corrosive, abrasion-resistant nickel chrome plating."
Household,3,"Inephos Funny Paper Posters for Room (Pink, 12 x 18- inch)"
Electronics,2,Bluetooth Dongle USB CSR 4.0 Adapter Receiver Transfer Wireless Adapter for PC Computer Laptop Supports Windows 10 8.1 8 7 Vista XP - Upgraded Version
Electronics,2,Ophion USB 3.0 to SATA 22 Pin Data Sync Cable for Laptop Hard Drive
Household,3,nilkamal Plastic Armchair (Brown and Beige) This chair is made of plastic and it is Brown and Beige in colour.
Electronics,2,"HP Laptop Adapter Charger 65w 19.5V 3.33A Bluetip for Pavilion 11-n1xx X360, 13-a1xx X360, Envy M6-1200, 14-w0xx Its HP Adapter having HP (India) Warranty with Fugen Power Cord. HP Original Adapter comes without Power Cable so we are offering Free Fugen Power Cable with this Adapter. Its 19.5v / 3.33a 65w Adapter, buy only if you old adpater is/was 65w and have the same specification."
Books,0,"Delhi Polytechnic Common Entrance Test 2019 About the Author An editorial team of highly skilled professionals at Arihant, works hand in glove to ensure that the students receive the best and accurate content through our books. From inception till the book comes out from print, the whole team comprising of authors."
Clothing & Accessories,1,A P Boutique Baby Boy Waistcoat Tshirt Pant Set Birthday Party Wear Clothes Long Sleeves Shirt Baby Boy Tshirt Pant Set with RedTie... Party Wear...Birthday Outfits
Electronics,2,"Max Secure Antivirus - 1 PC's, 3 Year (Voucher) Size name:1 PC, 3 YEAR (VOUCHER)   Max antivirus will protect your PC with every aspect like usb and external drive protection, anti malware, more powerful and faster, anti spyware."
Household,3,Raj Expo Sheesham Wood Honey Finish Storage Console Table with 2 Drawer (90 x 35 x 75 cm) Color:Design 4   It is Sheesham wood honey finish storage console table with 2 drawer . It is of 90 x 35 x 75 cm .
Books,0,"Creative Nature & Outdoor Photography, Revised Edition About the Author BRENDA THARP is an award-winning photographer, writer, and teacher specializing in travel, nature, and outdoor photography. Her images have been featured in numerous magazines and books, and she teaches throughout the United States, including Maine Media Workshops, Santa Fe Photographic Workshops, the Rocky Mountain School of Photography, Point Reyes Field Seminars, and BetterPhoto.com. She can be found at www.brendatharp.com."
Clothing & Accessories,1,Qube By Fort Collins Girl's Sweatshirt
Household,3,PIONEER DEHUMIDIFIER 10 liters AUTOMATIC DEHUMIDIFIER/ THERMOSTART
Household,3,"Decornation serene wooden coffee table | movable table | center table | bench footrest table | mid century modern table study and work table, white."
Electronics,2,"Lenovo Tab4 10 Tablet (10.1 inch,16GB,Wi-Fi + 4G LTE) Slate Black Beautifully designed, powerfully built, the Tab 4 10 is the quintessential family This tab is25.654 centimeters (10.1 inch) HD IPS 10 point multi-touch capacitive touchscreen with 1280 x 800 pixels resolution."
Household,3,WICKER HUB Outdoor Sofa Set (White) It is a wicker sofa set in colour white made up of wicker material.
Books,0,Trueman's UGC NET Anthropology 
Electronics,2,"Strontium Ammo 32GB 2.0 USB Pen Drive (Silver) Strontium AMMO USB Flash Drive is a true beauty clad in a robust body with shiny metal finishing. With its sleek and lightweight body, it provides extreme convenience to users as they carry their music, photos, videos and other data around with ease. Furthermore, every AMMO Silver USB comes with a free metal key chain. Crafted with extreme care and excellent workmanship, this unique USB flash drive is certainly an object of desire for all users."
Clothing & Accessories,1,"Marvel Avengers Boys' Plain Regular Fit Cotton Long Sleeve Top Avengers kids boys full sleeve black color t-shirt, made of cotton ,causal wear/fusion wear ,hip length t-shirt"
Household,3,Forzza Zoey Laptop Table (Walnut with Black Frame) Ergonomically designed foldable laptop table is made with 12mm MDF with melamine. The legs are made in black powder coated metal. This table is easily foldable. It is ideal to place your laptop and work while in bed or on your couch. It could also be used for placing your cup of coffee. It is easily stackable and can be easily wiped with a damp cloth. This well finished product will be a good investment. Available at unbelievable prices.
Electronics,2,"HP 680 Black Ink Cartridges Twin Pack (X4E79AA) Colour:Black - Twin Pack   Note: The product colour and look and feel may vary from the visual representation on the Website. While all efforts are made to check pricing, product specifications and other errors, inadvertent errors do occur from time to time and HP reserves the right to decline orders arising from such errors. For pen drives, please reach out to respective manufacturers for any service queries."
Electronics,2,Cable Hunter™USB 3.0 (5Gbps) External Memory Card Reader (White)
Household,3,"Oswal Knitting Yarn Wool, Multi Orange 200 gm Woolen Crochet Yarn Thread. Best Used with Knitting Needles, Crochet Needles. Vardhman Wool Yarn for Knitting. Best Woolen Thread. Size:200 gm   Oswal wool is for knitting sweaters, art craft,. Items made from this yarn may be laundered through the use of water, detergent or soap and gentle hand manipulation; no bleach product may be used. Note : wool Piece may very but weight will not. Means weight will be same, piece may vary with each other."
Electronics,2,"Canon Selphy SCP1000 Photo Printer (White) Get instant lab quality prints anytime, anyplace. A small, elegant and portable photo printer with a choice of four print finishes and Dual ID printing that's easy for anyone to use. Box Contains Compact Photo Printer SELPHY CP1000 White, Paper Cassette (Postcard size), Compact Power Adapter CA-CP200 B, AC Cable, User Manual Kit."
Clothing & Accessories,1,"VIMAL JONNEY Winter Cover Blended Thermal Top for Boys Vimal Jonney Kids Thermals Are Made With Speical Soft Fabric , Keeping In Mind The Soft Skin Of Kids . As Known By The Name Vimal Jonney Thermals Act As A Saviour In The Chilly Weathers Of Winters . By Manufacturing These Thermals Vimal Jonney Has Added One More Feather To Its 40 Years History Of Serving People."
Electronics,2,"HP X900 USB Mouse (Black) Dependable quality shouldn't come at a cost and with the HP optical mouse you get great comfort and awesome features at an irresistible price. A contoured shape designed for all-day comfort in either hand, Powerful 1000 DPI optical sensor for precise movement on most surfaces, Strict HP standards and guidelines ensure long-lasting quality, 3 button solution and a built-in scroll wheel for optimized productivity, Supports Windows 7 and above and Mac OS X 10.x and above."
Electronics,2,Skybags Komet 52 Ltrs Red Laptop Backpack (SBKOP01RED) Colour:Red   Komet Plus backpacks are designed differently to provide you with maximum comfort.
Electronics,2,"Thames Nylon 15.6 inch 3 Way Convertible Laptop Backpack | Messenger | Shoulder Bag (Navy Blue) Colour:navy blue   Lightweight yet durable, multi-compartment backpack. Front pocket smart organization for pens/pencils, phone and any quick to access items. Separate padded laptop compartment and Ipad pocket to keep electronic gadgets. Fits most 16 inch laptops."
Electronics,2,"GADGETS WRAP Feather Peacock Laptop Decal for 15.6 inch Laptop 15x10 This is the universal laptop decal, size 15 x 10 (inch), you will get the full size sticking decal, so you need to cut out the decal for your laptop size. No sides we prefer to apply, it will only stick to the flat surface no curves or bend are friendly to this skin. NOTE :- THIS IS A SKIN, NOT A CASE."
Household,3,Mi Air Purifier 2S (White) Mi Air Purifier 2S comes with an ultra clear OLED display and can be controlled remotely via app - quiet and energy efficient.
Clothing & Accessories,1,"Esteem Girl's Cotton Drawer Panties - Set of 10 Esteem wear bloomers drawer gives attractive multi printed for your baby boy.these are made from fine cotton fabric that provides comfort and smooth fit to your baby. The fabric is extremely breathable fit comfortably.Esteem brand cotton knitted drawer.also we have full range of innerwears for your family.we have /men briefs,trunks, vests,/women panties,slips ,and /boys and girls briefs panties,innerwear drawer and slips."
Household,3,"Joyful Studio 4 XLPlastic Modular Drawer System, Multi Colour(31cmx39cmx80.9 cm) Color Name:Multi Color   Joyful studio 4 extra Large Drawer system multipurpose storage drawer comes with extra large drawers ideal to store kids clothes ,toys, books and other small stuffs in an organized manner. Overall Dimension Size: 310 mm x 390 mm x 809 mm. Ideal for Gifts, Home and office use etc. Its elegant and practical design for a host of multipurpose usage."
Books,0,"Legal Aptitude for the CLAT and other Law Entrance Examinations: A Workbook, 1e "
Clothing & Accessories,1,Krystle Kids Thermal Set Blue Stock up your little ones wardrobe with Krystle Baby Thermal Set to give your kid an extra warm layer this winter. This set of Krystle leggings are made from soft fabric which will keep your little one warm and cozy. The high quality fabric provides extra comfort.Krystle Baby Thermal leggings comes in multiple sizes.
Household,3,Shivay Arts Contemporary Hand Painted Wooden Pouffe Ottoman Lowseat Stool Footstool Chair This beautiful pouffe is made of wood. It is a perfect decor for your contemporary living rooms. it will add an elegance to your living space. This pouffe is quite sturdy therefore one can sit comfortably on this. The seat is removable.
Books,0,"Assertion and Reason for AIIMS and NEET (PCB) The AIIMS Assertion and Reason 2019 Edition is the successor of the very known book ""AIIMS Assertion and Reason 2017 edition"". This book is launched with additional features unlike the previous one. This book includes 6000+ chapter wise true Assertion with correct reason, Past Year AIIMS exam chapter wise A & R, Chapter wise A & R for practice with explanation, How to A & R by AIIMS toppers, 5 Model test papers based on AIIMS."
Clothing & Accessories,1,"PIKABOO Kid's Headband (BLSQHB004A, Pink) Soft elastic headband suitable for newborns and above with three pretty blooms in a sequence."
Electronics,2,FD F210X 2.1 Channel Multimedia Bluetooth Speakers (Black) Wireless Music : Bluetooth enabled speaker allows you to stream your music from your smart device. Plug' n 'Play : USB connectivity allows you to play your entire music collection with click of a button. Uninterrupted Digital FM : FM works on Advance PLL technology to give uninterrupted sound.
Clothing & Accessories,1,"Jockey Men's Cotton Vest (Pack of 3) (Modern Classic) Feel at ease with this branded and comfortable White colour Vests for men from Jockey. fine knitting to provide best fit to your body contours, the comfort it provides has no match. Key points about this product are ""Product comes in assorted colors. Actual colors might vary for the image shown on the website"", 100% Super combed cotton and rib fabric, Style No: 8820 ; Collection Name: MODERN CLASSIC, Collection: Modern Classic ; Style Code: 8820Do not bleach, normal wash, tumble dry low."
Electronics,2,"Mpow 071 USB Headset 3.5 mm Aux Computer Headphone with Mic, Noise Cancelling Wired Earphones for Conference VoIP Skype Lync Webex (Black)"
Clothing & Accessories,1,ONN Men's Cotton Boxers (Pack of 2) (Colors May Vary)
Clothing & Accessories,1,"BODYCARE Pure Cotton Multi-Coloured Military Trunk for Boys & Kids (315-Packof6) Bodycare Brings a new collection of Boys Brief Pack of 6, 100% cotton fabric with attractive design and stylish trendy look."
Clothing & Accessories,1,"SKUDGEAR Advanced Headband for Men and Women - Yoga, Sport and Running"
Clothing & Accessories,1,Kid's Stop Girl's Blended Lehenga Choli Make your little ones look cute and stylish with this lehenga choli from kid's stop. It is made of fine quality blended material that keeps your kids comfortable all day long. Team it up with matching accessories for a complete attire.
Books,0,"Organic Shastra Rasam Masala 150g An aromatic blend of spices that is used to make different varieties of rasam in South India. The main ingredients of rasam powder are toor dal, chana dal, pepper, coriander seeds, cumin seeds, red chillies and hing. All the spices are dry roasted and then powdered. .Rasam powder can also be added to curries, vegetable dishes and soups for that typical south Indian flavour"
Household,3,"ANSIO Interior Dehumidifier, 500 ml - Pack of 3 Size:3 Pack   It is designed to remove dampness and humidity from the air in your home. It is of white colour. The hydrophilic crystals helps to retain moisture from air and helps combat condensation, damp rooms, allergens in the air, mould, mildew."
Clothing & Accessories,1,"BODYCARE Mickey Printed Vest for Boys Pack of 4 from Bodycare Brings a new collection of Boys Vest Pack of 4, 100% cotton fabric with attractive design and stylish trendy look."
Household,3,"SS Arts Wood Plastic Composite Table with Storage Shelf for Bed Room Living Room(White) side Shelf/ Table for Home, Office comes with its unique design and fits perfectly on the as a Shelving unit. The Wenge finish looks great on any wall color. The shelf with its unique design makes a striking impact with this exotic color and visibly doesn't show any dirt or dust on it. The artsy look of the shelf will surely reflect your home with a new edge and a beautiful feel."
Clothing & Accessories,1,Cherokee by Unlimited Girls' Regular Fit Shorts Cherokee apparel junior shorts. It is made of 95% cotton 5% spandex twill fabric with solid pattern.
Electronics,2,"Acer Nitro Core i7 8th Gen 15.6-inch Laptop (8GB/1TB/128 GB SSD/Windows 10/4GB Graphics/Black/2.7kg), AN515-52 Enjoy premium looks without the premium price with the Acer Nitro Gaming Notebook (model AN515-52), which features a beautiful exterior. It features a 15.6-inch high-def. display giving you ample space for opening multiple windows and digital entertainment. It's powered by Intel Core i7 8750H processor. Enjoy smooth multitasking and excellent performance with 8GB installed RAM and 1TB HDD with 128 GB SSD and NVIDIA GeForce GTX 1050Ti with 4GB Dedicated GDDR5."
Household,3,Usha Maxx Air 400mm Pedestal Fan (White) Motor over heat auto protection. Aerodynamically designed semi- transparent blade. High air delivery. Powerful motor designed for Indian weather conditions. Unique pivot arrangement for uniform oscillation and tilting. Sweep Size: 400mm.
Electronics,2,"Raspberry Pi Model B RASP-PI-3 Motherboard Built on the latest Broadcom 2837 ARMv8 64bit processor the Raspberry Pi 3 model B is faster and more powerful than its predecessors. It has improved power management to support more powerful external USB devices and now comes with built-in wireless and Bluetooth connectivity. To take full advantage of the improved power management on the Raspberry Pi 3 and provide support for even more powerful devices on the USB ports, a 2.5A adapter is required. Made in the U.K. supplied under license by RS components."
Household,3,"FRESH-Flowers Fresh Flower Delivery of Premium Flower Basket of Lilies, Roses, Ferrero Rocher Chocolates & Teddy Bear I Rose Basket of Flowers to Convey 'Special Feeling' I Bouquet Basket Material Type:Basket - 8 Ferrero Rocher + 4 Lilies + 10 Roses + 2 Teddys   Beauty Lies in the Eyes of Beholder!!!!"
Clothing & Accessories,1,"Baby Bucket Wear New Born Woolen Sweater Full Suit - 5 Pcs Set Stylish and comfortable, this sweater is a combination of both. Made of wool this sweater has long sleeve and a regular fit. Easy to wash and maintain. Make your baby feel warm and cozy with this beautiful knitted wool sweater."
Books,0,Crack General Studies CSAT - Paper 1 with 5 Mock Tests (IAS Prelims) 
Clothing & Accessories,1,LE BOURGEOIS Men's Cardigan Sweater Le Bourgeois Men's Trible Print fornt Opening Cardigan Sweater. Casual Premium Wool Fleece fabric which keeps you warm. Fabric 80% Wool 20% Nylon.
Clothing & Accessories,1,"Kuchipoo Boys Polo Neck Collar Kids T-Shirts This product is made from cotton and finished in a attractive set of colors. It features short sleeve, polo, and is targeted towards both boys and girls. Furthermore, it is recommended to be kept away from extreme heat, fire and corrosive liquids to avoid any form of damage."
Clothing & Accessories,1,"FabSeasons Woolen Self Designed Unisex Golf Cap with Foldable Ear Cover for Winters, can be Used Like a Normal Flat Cap Too 1) Brand - FabSeasons 2) Material - 65% Polyester, 35% Wool 3) Fits everyone above12 years 4) Size - 57 cms 5) Comes with a additional layer of cloth inside which protects the head during winters 6) Comes with a Ear Cover which partially covers your ear to protect from wind entering directly into the ears"
Household,3,Samsung 108 cm (43 Inches) Series 5 Full HD LED TV UA43N5002AKXXL (Black) (2018 model) | With Wall Mount Only Experience superior picture and sound quality created for Indian viewers.
Electronics,2,"HP v236w 16GB USB 2.0 Pen Drive This pen drive from HP is designed to be your ideal companion for taking important files with you on the go. The small and compact device offers a storage capacity of up to 16GB. This powerful drive transfers files in a blink of an eye. It is an extremely small device yet, delivers high- end speed, capacity, durability, and connectivity in a truly compact design."
Clothing & Accessories,1,Shopcash Baby Kids Unisex Cotton Multi Colors Pajami Your little one will sleep comfortable with this pajama.100% Cotton.We hope you enjoy these pajamas from our unique collection.
Household,3,Forzza Vernon Three Seater Sofa Cum Bed (Black) Color:Black   Vernon Sofa cum Bed Black. Internal structure made in solid neem wood with ply and high density foam. Upholstered in chenille fabric. Color: Black
Electronics,2,Terabyte IEC Mains Power Cable (Black) A High Quality Fully Moulded 3 pin India 10 amp 250V plug to IEC socket. This is used for powering a monitor or PC and a whole host of other PC Equipment like printer. The plug comes fully tested . This plug is ROHS compliant ensuring the highest material standards in India 1 m long black color.
Clothing & Accessories,1,"Partywear Coat Suit Set For Boy SGYUVRAJ Partywear Coat Pants , Shirt with Tie Set Embellished Brooch , Black Coat, Coffee Shirt, Black Pants And Coffee Tie Raw Silk Fabrics ."
Books,0,Padhuka's Direct Taxes A Ready Referencer (for Tax Plan/Tax MGMt? Tax Admin) CA Final/CMA/CS./Govt' Offices Exams May 2019 and NOV 2019 Exams
Household,3,DecorNation Lawanya Set of 2 nesting table (Brown)
Electronics,2,VTX3D Radeon R5 230 2GB DDR3 UEFI Graphic Card Vtx3d r5 230 2gb ddr3 uefi modelvxr5 230 2gbk3-he graphics engine radeon r5 230 video memory2gb ddr3 memory interface64bit directx. Support11 bus standard pci express 2.1 core speed625mhz. Memory speed 500mhz x2 vga output on board tv output. Dvi output vi-d hdmi support on board displayport support. Minimum system power requirement400w uefi ready support.
Books,0,"So You Want to Know About Economics About the Author Roopa Pai is a computer engineer who always knew she was going to write for children. She is the author of Taranauts, India’s first fantasy fantasy adventure series for children and has several other published books to her credit. To make a living, she brings together three other loves - history, working with young people and her home town Bangalore - in her day job as a guide with Bangalore Walks, a history and heritage walks and tours company. She is the author of the Gita for Children."
Books,0,"Abraham Lincoln: A Complete Biography (General Press) About the Author Lord Charnwood, a British by birth, was a man of many affairs and much learning. He had training in historical research and his work exhibits evidences of industrious and careful investigation. He made close examination of American newspapers of the period covered and has had access to original manuscript archives in the State and Navy departments at Washington."
Electronics,2,"Cooler Master 120MM SickleFlow X Led Fan (Colors may vary) Colour:Colors may vary   4th Generation Bearing - MTBF of 160,000 hours thanks to highly durable POM components. Smart Fan engine - stops the fan when blocked to prevent damage, and automatically restarts the fan when it has been cleared."
Electronics,2,Zebronics K-16 USB Keyboard Zebronic K-16 Usb Keyboard. 1Year Manufacture Warranty
Electronics,2,"TP-Link Archer C1200 Gigabit Wireless Wi-Fi Router (Not a Modem) Style name:AC1200   The Archer C1200 upgrades your network with fast AC1200 Wi-Fi. Dual 5 GHz (867 Mbps) and 2.4 GHz (300 Mbps) bands send up to 1167 Mbps total AC Wi-Fi, letting you watch movies and download files without slowing down your network. For queries/assistance please contact the service support no.:1800 2094 168 or mail to support.in@tp-link.com"
Clothing & Accessories,1,"Nxt 2 Skn Girl's Silk Stockings (N2S210, Beige, 3-6 Years) Colored stockings from the house of Nxt 2 Skin. Extremely trendy, comfortable and durable, these are a must have in every kid's wardrobe. Pair them up with dresses, skirts, shorts or just good old fashion tops. These stockings take care of both the fashion and cuteness quotient."
Electronics,2,Dell Inspiron 3565 AMD E2 7th Gen 15.6-inch Laptop (4GB/1TB HDD/ Windows 10/Black/2.5kg) Size name:1 TB   This laptop is from DELL. The operating system is windows and RAM size is 4GB.
Household,3,Adorn India Aspen Three Seater Sofa Cum Bed (Red and Black)
Books,0,"Montesquieu, Vol. 1 (Classic Reprint) "
Clothing & Accessories,1,"Aarika Girl's Designer Party Wear Gown with Halter Neck Brighten up your darling daughter's wardrobe with something stylish this season. High on style and fashion, this exquisite gown can be a smart pick for your little daughter. This beautiful gown features a adorable pattern and golden patch work offering an eye-catching appeal. Perfect for parties and special occasions, this outfit is lightweight and skin-friendly."
Clothing & Accessories,1,Baby Boy/Girl Romper Newborn Jumpsuit Blue Hooded Romper Extra Soft Warm Woolen Material Baby Winter Clothes Newborn Baby Boy Girl Hooed Footed Romper Kids Long Sleeves Jumpsuit...Winter Romper to keep your baby warm and comfortable
Books,0,"Colouring Books Collections by InIkao (12 Books) Contains 12 A4 Size Multi color Colouring Books of 16 Pages each.,Includes interesting Titles from Fruits, Flowers, Animals, Birds, Vegetables, Vehicles, Sports, Sea Animals, Circus, Social Helpers,Cartoons, Good Habits. Each Book Comes with Content Footnote & Color Guidelines for kids to learn it with fun. Printed on 67GSM West Coast Paper with Imported Ink. A Total of 192 Images available for colouring practice .- ecaxus publications"
Books,0,"Peerless by Tymphany PMT Series 20N12AL04 1/2"" Aluminum Dome Micro Full Range Speaker Driver 4 Ohm"
Books,0,A Handbook on Electronics Engineering - Illustrated Formulae & Key Theory Concepts 
Clothing & Accessories,1,SINIMINI Girls Colorful DOT Print Capri (Pack of 4) SINIMINI GIRLS COLORFUL DOT PRINT CAPRI ( PACK OF 4 )
Books,0,Born a Crime About the Author Trevor Noah is a comedian from South Africa.
Electronics,2,Philips SHE1405BK/94 In-Ear Headphone Headset With Mic - Black Speakers for dynamic bass and clear sound. In-line integrated mic and pick up button for convinient call.; Perfect in-ear seal blocks out external noise; Integrated microphone & call button; 3 interchangeable rubber ear caps for optimal fit in all ear; A 1.2m long cable that is ideal for outdoor use.
Household,3,"Cinni 300 mm Table Fan Oscillating High Speed,Black Color:Black.Power Consumption Is 65 Watts +-10% At 220 Volts."
Books,0,281 and Beyond 
Clothing & Accessories,1,Cherokee by Unlimited Girls' Regular Fit Cotton Jacket
Books,0,Group Discussion Evam Interview Ki Tayari 
Books,0,"Letters to My Future Self: Write Now. Read Later. Treasure Forever. About the Author Lea Redmond is a creative consultant and the brains behind the Letters to My ... series, The World's Smallest Post Service, Connexio, My Museum journal, Lucky You!, the Tandem Activity Book, and Conversation Dice. Her creative workshop, Leafcutter Designs, offers curious goods, surprising services, and projects for participation: www.leafcutterdesigns.com."
Books,0,GATE 2019: Computer Science and IT Engineering - Previous Solved Papers 
Household,3,higadget™ Pottery Wheel Game with Colors and Stencils Creative Educational Game Toy A unique and latest toy. Lets your child create the artworks on their own. Stimulates creativity and thought process.
Electronics,2,"Dell AX210 USB POWERED SPEAKERS Experience simple, quality audio with Dell AX210 Stereo Speakers. This speaker system is easy to use and easy to set up right out of the box. It comes with an integrated amplifier and has a total output of 1.2 Watts, making it ideal for desktop listening."
Books,0,Guide to CLAT & LL.B. Entrance Examination 
Electronics,2,4D Laptop Battery for DELL Latitude Series This 4D laptop battery for the above model is made from parts and 4D confirms the specifications similar to your laptop requirements. The battery passes all the necessary certifications like ce; ; cb. Henceforth confirms the ; durability and performance. It wont get drained easily and lasts longer adding high back up and extra performance. The voltage and capacity of cells meet exactly with your requiremenbattery for Dell latitude e5400 e5500 e5410 e5510 km742 rm668 px644h Dell latitude e5400 e5500 e5410 e5510 km742 wu841 y568h t749d x644h.
Clothing & Accessories,1,"Jainsons Women's Belt (1034 BRN_Brown_FREE SIZE) Passionately Selected And Quality Certified, This Jainsons Belt Is Brought To You From The Trendy Collection. This High Quality Brown Colored Casual Belt Is Crafted From Texas Leatherite. Your Casual Attire Will Look Appealing When Worn With This Piece. Have A Peace Of Mind, Reliability, Security Goods From The Store Of Jainsons, A National Reputed Brand You Can Trust. Waist Size-Free (28 Inch-36 Inch)"
Electronics,2,"Epson L380 Multi-Function InkTank Colour Printer (Black) Epson’s L380 ink tank printer brings more to the table with 2 additional black ink bottles, allowing you to print at even higher volumes with lower cost. A higher warranty coverage, of up to 1 year or 30,000 prints, allows you a peace of mind when accomplishing high volume jobs. Complete tasks quicker with print speeds of up to 10ipm for black and 5.0ipm for color."
Clothing & Accessories,1,faas Fedora Hat Maroon for Boys & Girls Age 4 to 5 yrs.FH03 Faas presents the beautiful and stylish Hat gift for boys and girls for all occasion.Suitable age for this set is 9 to 15 years boys and girls.Enjoy your vacation and wedding parties with this Hat.
Books,0,"The Origin of Species About the Author Charles Robert Darwin was a popular scientist and geologist, best known for his theory of natural selection. His imminent interest in nature and the natural sciences led him to compile the notes on his five - year voyage on HMS Beagle in the form of a journal, which led to further recognition of his expertise in the subject."
Household,3,"FurnitureKraft Clayton 3-1-1 Sofa Set with Mattress (Glossy Finish, Brown) Sturdy in design and with a classic appeal, this sofa set 3-1-1 with mattress. Designed for everyone from family homes to college students and bachelors living in rented apartments. Its glossy finish gives it a sleek look. With its elegant design and glossy finish, this bed will beautifully complement any kind of decor theme you have in your bedroom. It is suitable in living room."
Household,3,"SAF 'Ganesha' Framed Painting (Wood, 12 inch x 12 inch)"
Electronics,2,"WADRO- Built with Passion 100W Temperature High Power Hot Melt Glue Gun With Sticks(10 Pcs) (NO LEAKAGE) 1.Ergonomic trigger and grip designs provide optimum comfort, comfortable for long time use. 2.PTC heating system to ensure high power and quick heating, high glue output and fast melting. 3.Bracket stand for safety and easy place while working on any project. 4.Solid durable, shock-proof and heat-proof plastic outer body. 5.With LED indicator light and on off switch 6.Safety design, with safety electric fuse inside to prevent overheating. 7.Wide application in handcraft and repair job."
Household,3,"Intex Inflatable Sofa Lounge Blow Up Pull Out Queen Size Air Mattress Couch Inflatable sofa lounge 2 person sofa flocking lounge - quality tested 20. 8 gauge vinyl waterproof flocked top, sides and bottom. 2 in 1 valve has extra-wide openings for fast inflating and deflating. Convenient cup holders for refreshments. Pactly for storage. Approx. Inflated size: 61"" x 46"" x 29"
Books,0,Best Stories of Charles Dickens 
Electronics,2,"Sony SL-EG5 480GB TypeC USB 3.1 External Solid State Drive (Black) This high capacity, stylish and compact external SSD is the ultimate tool for smooth photographic and creative workflows. The USB Type-C/USB 3.1 Gen 2 interface delivers quick accessibility and fast backup, up to 540 MB/s (read), between a wide range of PCs and smartphones. Reliable and durable, the ""wave surface"" design also ensures a sure grip and fingerprint resistance."
Electronics,2,"iBall 230 V AC SMPS ATX Computer Power Supply (ZPS-281) Give the right power with high performance, high efficiency power supplies. For gaming machines, professional systems. The iBall 250 watts SMPS computer power supply ZPS-281 is the perfect SMPS for new PC or to replace your old power supply."
Electronics,2,"Silicon Power 8 GB DDR3- 1600 MHZ RAM, Memory Module For Desktops L RAM 1.35V ( SP008GLLTU160N02) Highly compatible with different models of computers and motherboards using AMD and Intel platforms"
Electronics,2,Generic 2 Port KVM Switch 2 Port manual kvm switch without cables.
Household,3,"HSR 5 in 1 Inflatable 3 Seater Queen Size Sofa Cum Bed with Pump 5 in 1 Air Lounge - Sofa Bed ,Free Air Pump Included. Environmental friendly material and has no side effects on human body Suitable for Household, Camping,Easy carry. Special gift for your Friends & Family It serves both the purpose of seating and sleeping as it can be converted from sofa to a bed. NOTE : Do not over inflate.Use caution when inflating with an air compressor ."
Clothing & Accessories,1,"RC. ROYAL CLASS SOFT WOOLEN BLEND MULTICOLORED SOCKS FOR BOYS & GIRLS PACK OF 5 (age group 1-13 years) Royal Class brings super soft woolen blend socks for kids, one of the softest socks for kids available in the market, specially designed to keep the feet warm in winters and cool in summers."
Household,3,"PALO Ergonomic FootRest -With Detachable TPR Surface Color:PALO002   Rubber padded backing keeps footrest in place Design to reduce muscle strain and fatigue, is ideal for home and office use"
Clothing & Accessories,1,"Mannat Creation Silk Lehenga Choli Lehenga: banglory silk- blouse: banglory silk, | dupatta: No, lehenga flair - 2.10 meter (Semistitched), blouse-0.80 meter (Unstitched), all over size: free size package contents: 1lehenga (Semi Stitched), 1 blouse piece(Unstitched), work- chain stitched embroidred | type- semi stitched, beautiful lehenga for women's & girls occasion: : casual color is very attractive perfect for any skin."
Household,3,Cello Aristo Set of 4 Chairs (Sandalwood Brown) Color:Sandalwood Brown   This luxuriant high back chair is suitable for any home thanks to its distinct style. It comes with an upright backrest which offers great back support. It also comes with a sturdy seat offering a comfortable seating experience. Bring home this high back chair and sink in it to watch your favorited show on TV or to read your favorited book.
Household,3,"Crompton Bliss 3-Litre Instant Water Heater (White) Crompton greaves consumer electricals manufactures and markets a wide spectrum of consumer products ranging from fans, light sources and luminaires, pumps and household appliances, such as geysers, mixer grinders, toasters and irons. Crompton has been the market leader in fans, domestic pumps and street lighting for over 20 years."
Clothing & Accessories,1,Cherokee by Unlimited Boys' Cotton Sweater
Electronics,2,Quantum QHM7468-2V 2.0 PC Game Pad Controller (Black) 8-way direction button 8 fire button + slow button LED indicator of analog double vibration / shock function easy on the hand feeling.
Household,3,"Livzing Foldable Organizer Stool Chest Storage Box with Lid – Multi-Functional Collapsible Ottoman Footrest Seat Footstool Faux Leather Storage Boxes, Bins and Baskets provide a simple and fashionable solution to today's office, home and storage needs. A better solution to keep closets, shelves, open space, and tables tidy and organized."
Clothing & Accessories,1,Biba Girls Straight Salwar Suit Set Biba today is the most loved ethnic wear brand in the country. Biba Girls products are available now
Clothing & Accessories,1,"Bodycare kids International Boy's Cotton Vest (White, 4-6 Years) - Pack of 3 100% Cotton Fabric With Attractive Design And Stylish Trendy Look."
Clothing & Accessories,1,LUXCY Unisex Animal Print Thermal Bottom (Pack of 12)(MRBGIPRJPKIDDO(Pack of 12)(5-6) 12_Multicolor_75) Form the house of Luxcy comes these panties. These are made of cotton and will ensure comfort all day long.
Electronics,2,"WD WDS120G2G0A 120GB 2.5-inch Internal SSD (Green) For fast performance and reliability, WD Green SSDs boost the everyday computing experience in your desktop or laptop PC.With the performance boost from a WD Green SATA SSD, you can browse the web, play a game, or simply start your system in a flash.Lightweight and shock resistant, WD Green SSDs use no moving parts and help keep your data safe from loss in the case of accidental bumps and drops.WD Green SSDs are among the lowest power consuming drives in the industry. And with less power used, your laptop runs longer."
Household,3,"Flipzon Zig-Zag 5 Tier Wall Mount Corner Shelf, Brown Finish The Corner Zig Zag Wall Mount Shelf comes with its unique design that fits perfect on the walls of your home as well as your office as a mounting wall shelving unit.This unique & Wonderful spacious corner shelf has a fun and artsy design that will add to any wall decor you have. Five shelves are lined up on this laminated walnut MDF piece on opposite sides, forming a corner shelf on both walls."
Books,0,"RRB JE Solved Paper and Practice Set About the Author An editorial team of highly skilled professionals at Arihant, works hand in glove to ensure that the students receive the best and accurate content through our books. From inception till the book comes out from print, the whole team comprising of authors,."
Household,3,"Blueair Classic 280i, 26 sq.mtrs,WiFi Enabled & in built sensors, 80 Watt, White colour"
Electronics,2,microtek tuff power pro+ 650va UPS
Clothing & Accessories,1,"Kuchipoo Kids Fleece Hoodies Winter Wear This product is made from fleece and finished in a attractive grey color. It features long sleeve, hooded, zip closure and is targeted towards both boys and girls."
Clothing & Accessories,1,United Colors of Benetton Girl's Shorts United Colors of Benetton star applique denim shorts.
Clothing & Accessories,1,Urban Alfami 100% Genuine Leather Brown/Tan Casual and Formal Belts For Men (2 Year Money Back Guarantee)-belts for men leather original-belt for men formal leather-gifts for men
Books,0,Introducing Physical Geography
Household,3,myWoodKart Wooden Round Shape Stool/Table Made from Natural Wood Blocks 16 inch Round shape stool made up of natural wood logs.
Clothing & Accessories,1,"Iuhan Baby Infant Girls Autumn Winter Hooded Coat Cloak Jacket Thick Warm Clothes ❤️Size:6M ----- Label Size:6/70 ------- Bust:40-70cm/15.7-27.5"" --- Sleeve:13cm/5.1"" --- Length:29cm/11.4"" --- Height:70CM ❤️Size:12M --- Label Size:8/80 ------- Bust:40-70cm/15.7-27.5"" --- Sleeve:15cm/5.9"" --- Length:31cm/12.2"" --- Height:80CM ❤️Size:18M --- Label Size:10/90 ----- Bust:40-70cm/15.7-27.5"" --- Sleeve:17cm/6.7"" --- Length:33cm/13"" ------ Height:90CM ❤️Size:24M --- Label Size:12/100 --- Bust:40-70cm/15.7-27.5"" --- Sleeve:19cm/7.5"" --- Length:36cm/14.2"" --- Height:100CM"
Household,3,"Royaloak Berlin Four Seater Dining Table Set (Brown) At Royal Oak furniture you can experience amazing international collections of elegant and aesthetic furniture for home, office and outdoor sourced both nationally and internationally all over the globe. Decades of experience and expertise means that today Royal Oak is proud to bring you the biggest collection of furniture in the country like sofas, living room furniture, office furniture, bed room furniture, utility furniture, outdoor furniture along with unbeatable quality, price and service that is unique and remarkable."
Clothing & Accessories,1,"Elk Kids Baby Girls Plain Panties Brief Innerwear 5 Piece Combo Trendy Inner wear brought to you from the fashion brand Elk- An after-dark delight, this inner combo entices in soft Cotton fabrics to perfectly show off the silhouette and make it the perfect addition for your Kids Nightwear and wardrobe. Live up your fantasies and Shop with Confidence !"
Books,0,Indian Army Military Nursing Service Exam Objective Type Questions & Answers Books 
Electronics,2,"GADGETS WRAP Deadpool Laptop Decal for 15.6 inch Laptop 15x10 This is the universal laptop decal, size 15 x 10 (inch), you will get the full size sticking decal, so you need to cut out the decal for your laptop size. No sides we prefer to apply, it will only stick to the flat surface no curves or bend are friendly to this skin. NOTE :- THIS IS A SKIN, NOT A CASE."
Electronics,2,Star Generic Laser Disco Pointer Pen with Adjustable Cap (Green) Colour:Green   Have great fun at the next party with this disco pointer pen beam.
Household,3,Singer Aerostar Solo 390 RPM Ceiling Fan (Ivory) Color Name:Ivory   Singer India: The leading manufacturer of world class home appliances presents Singer Aerostar Solo ceiling fan. The elegant design of the fan and power-packed performance of the motor complement each other. Singer Aerostar Solo ceiling fan is packed in a compact package to save space and result in efficient transportation.
Clothing & Accessories,1,Goodway Pack of 3 Boys Full Sleeve Colour T-Shirts Did You Know Theme-3 Goodway Presents the Combo pack of T-Shirts made Out of 100% Cotton Combed Fabric. Specially designs for your Little one to keep them one step ahead of their team. We create designs and packed them in combo's to give the most value for your Happy Purchase.
Electronics,2,"Terabyte Excellent Acoustic Mini USB2.0 Speaker (Black) Main features excellent mini usb2.0 speaker with 3.5 mm audio input port mini size facilitating carrying-on,usb power supply,portable and lightweight extraordinary tone quality, extra-loud speaker can be used in extremely noisy environment sweet timbre and fully clear sound,just enjoy it one of the best partner to your laptop or computer compatible with laptop,computer,mp3/mp4,cellphone etc."
Household,3,"Hyperboles Bonsai Blossom Artificial Flowers With Wooden Pot(17inch) Only from original seller hyperboles. Premium quality blossom soft plastic ideal for home & garden ideal for centre table ideal for side corners the artificial bonsai plant is completely non toxic and environment friendly. On the other hand, the base is extremely sturdy yet lightweight."
Clothing & Accessories,1,"Kesari Men's Satin Suspender Belt & Bow (Black, Free Size) KAEZRI Provides best quality in its range , The suspender is of Large Size."
Books,0,Kiran’s SSC English Language Chapterwise Solved Papers 1997 March 2018 - 2259 
Electronics,2,Cable Hunter USB 3.0 (5Gbps) External Memory Card Reader (Black)
Books,0,Bank Interviews For IBPS (CWE) Successful Candidates 
Clothing & Accessories,1,"Chalk By Pantaloons Boys' Tribal Regular Fit Shirt White colored printed shirt, featuring full sleeves, collar neck with shirt collar and regular fit pattern. Made from cotton fabric for maximum comfort."
Books,0,"10 Actual, Official LSAT Preptests: 6 About the Author The Law School Admission Council has developed and administered the LSAT on behalf of all American Bar Association-approved law schools since 1948. Their national headquarters are located in Newtown, PA."
Electronics,2,LAPMATE Replacement For Dell Laptop Keyboard(AM14RDEL00276) Compatiable for dell inspirion 14r n4110 m4110 n4050 m4040 15 n5040 n5050 m5040 dell xps 15 l502x inspiron 14z n411z vostro v131 dell inspiron 3520 3420 5520 7520 series
Household,3,"Fourwalls Single Carnation (Set of 15, Dark Pink) Color:Dark Pink   Pick from an extensive range of merchandise for your every household need. From artificial flowers, plants and vases to floral accessories like decorative wrapping materials, Fourwall's got them all in a variety of vibrant colors and designs."
Household,3,"Kaff Exhaust Fan LYRA LR6 150 mm(Black) This ventilating fan has a black glass panel with LED light and provides parametrical air extraction and powerful air delivery. It has a coverage area of 160 sq.ft., measures 199x199mm and is suitable for wall and glass windows."
Clothing & Accessories,1,"Disney Aviator Girls' Sunglasses (SG100429 | 50 | Pink) Stylish and comfortable, these aviator sunglasses are a combination of both. Let yourself stand out in the crowd by wearing this pair of gold colored sunglasses. The material used is glass which is light in weight hence can be worn comfortably for a long duration. Team it with casuals of your choice for a smart look."
Clothing & Accessories,1,"DIGIMART Girl's Blue Fancy Party Wear Long Frock (FTCGOWN02) Your Little angel will look classy when you dress her up in this beautiful dress from DIGIMART. It has soft Crape fabric. Ideal for all party occasions, birthday, festive and gifting. DIGIMART has an excellent collection of Baby Girls and boy Party wear dresses."
Household,3,"Norpro Ceramic Butter Warmers, Set of 2, White Wonderful for butter and delicate sauces when serving seafood or vegetables. The ceramic dish maintains the heat, without scorching or curdling. Set includes two stands, two ceramic butter dishes and two tea lights. Each dish holds 3 ounces/1/3 cup.Dishwasher safe."
Electronics,2,"Dell Inspiron i3277-3838BLK 21.5-inch All-in-One Desktop (7th Gen Core i3/4GB/1TB/Windows 10/Integrated Graphics), Black 7th Generation Intel Core i3-7130U Processor Windows 10 Home Single Language Microsoft Office Home and Student 4GB RAM,1TB HDD Intel HD graphics 620 with shared graphics memory 21.5-inch FHD (1920 x 1080) IPS Anti-Glare LED-Backlit Narrow Border Display McAfee(R) Multi Device Security 15 month subscription"
Household,3,"ORIGIN Plastic Dehumidifier, Standard (White) Included a plastic mesh pre-filter with a standard size in an attractive white colour."
Household,3,"Ebee Ventilated Laptop Stand (Black) Color:Black   Keep your laptop running cooler with this sleek-looking ventilated laptop stand from Ebee. Combining metal-mesh ventilated panels with an adjustable height, the laptop stand provides a better experience for you and better conditions for your laptop."
Books,0,"The Communication Book About the Author Mikael Krogerus (author) Mikael Krogerus is a Finnish journalist who works as an editor on Switzerland's biggest weekly magazine, das magazine. Roman Tschappeler (author) roman Tschappeler is a creative producer based in Biel, Switzerland, who produces documentary movies, ad campaigns and art installations. Krogerus and Tschappeler met at school in Denmark and have written four books together the question book, the test book, the change book and the international bestseller, the decision book."
Household,3,La Z Boy Norman Single Seater Recliner (Black) Norman single seater recliner by la z boy – uncompromising comfort every day at home upholstery with black leatherette.
Books,0,The Advanced Photography Guide 
Clothing & Accessories,1,"ahhaaaa Boy's Blended Waistcoat, Shirt, Tie Trouser Set ahhaaaa brings festive range for little kids. The range has been carefully crafed keeping the comfort of your delicate baby. So, grab this set of shirt, jacket and jeans and make you little baby centre of attraction this festive season."
Books,0,"The Count of Monte Cristo From the Publisher On his wedding day, Edmond Dantes is arrested for treason and imprisoned in the Chateau d'If. Driven by the desire for revenge, he makes a dramatic escape. Years later, the mysterious Count Of Monte Cristo arrives in Paris, becoming the catalyst for disaster, and the subject of the question - Who is he?"
Books,0,DECODE-Engineering Mathematics - I for BATU ( SEM-I FE COMMON COURSE-2018) Unit 1 Linear Algebra - Matrices Unit 2 Partial Differentiation Unit 3 Applications of Partial Differentiation Unit 4 Reduction Formulae and Curve Tracing Unit 5 Multiple Integrals
Household,3,Floral Fantasy Fresh Flower Bouquet (Bunch of 10 Mix Colour Roses) - FFBU0010SM A bunch of 10 mix roses is made by holding the flowers straight in hand with green fillers and tying them together at the bottom and using some beautiful wraps and a nice bow at the end to make it look beautiful.
Clothing & Accessories,1,StoresHub Unisex Cotton Combo Of 3Pairs Sports Ankle Socks (Multicolor_Free Size)
Clothing & Accessories,1,Motoway Trendy Denim Cap for Men/Women Beat The Heat In This Summer By Wearing These Cool Trendy Denim Jeans Styled Caps.
Household,3,"Alex Daisy Candy Study Chair,Pink"
Household,3,"Sathiyas Baby Girls Cotton Gathered Dresses (Multicolor, Set of 5) Your girl will look like a little fashion when she wears this multicolour dresss from the latest collection of Sathiyas. Made from a cotton, it is also extremely skin friendly. Designed with attractive print for that eye-catching appeal, Set of 5 Dress is perfectly suit for your new born, this cotton frock is best worn with belly shoes and a charming head band."
Household,3,"Honeywell Air Touch HCMF30M0013 Compound Filter with HEPA and HiSiv (Black) Style:Compound Filter   Compatible with HAC30M1301W (Air Touch i8 Classic White), HAC30M1301G (Air Touch i8 Champagne Gold). Replacement filter No 2 for Air Touch i8 indoor air purifier by Honeywell, a Fortune 100 company."
Household,3,Shine .Bean Bag Filler 1 kg (No 1 Grade Premium) shane BEAN BAG Refill are the Most Premium Refills across the Market. Fill your Bean Bag with the Best Quality Beans for Maximum comfort and Ensure Long life.
Electronics,2,WD My Cloud WDBVXC0060HWT-BESN 6TB Home Personal Cloud Storage
Household,3,"Castor Smart Cool 20-Litre 3 Level Speed Inverter Compatible Personal Cooler - White Powerful cooler with international styling in personal cooler range, water inlet from top.20 liter water tank capacity, powerful 11 inch fan blade, powerful air throw, with in built castors, no trolley required, compatible to inverter, powerful surround cooling system ideal for bedroom and offices."
Books,0,"Freedom Makeup London Professional Melts, Jammy Dodger, 7ml Style name:Jammy Dodger   Professional melts, get the high definition intense finish with this melted lipstick formula lip gloss. Super intensive and long lasting."
Clothing & Accessories,1,"BODYCARE Minnie Printed Panty for Girls Pack of 6 from Bodycare Brings a new collection of Disney Printed Girls Panty of 6, 100% cotton fabric with attractive design and stylish trendy look."
Books,0,Crime and Punishment
Electronics,2,"AmazonBasics High-Speed HDMI Cable, 6 Feet - Supports Ethernet, 3D, 4K video,Black Size name:6 Feet                                                                                 |                            Style name:Single Pack   AmazonBasics High-Speed HDMI Cable, 6 Feet - Supports Ethernet, 3D, 4K Video"
Clothing & Accessories,1,"Mothercare Baby Boys' Bodysuit Get your little one ready for stellar adventures in this fun set of bodysuits with out of this world prints and long sleeves to keep little arms warm. What's more, they're easy to slip over baby's precious head using the stretchy envelope necks, so they can enjoy every nap and playtime in comfort."
Clothing & Accessories,1,"nauti nati Baby Girls' Regular Fit Clothing Set Dream baby presents clothing set, which is made of hosiery cotton and it is in multicolor. This product features regular fit as its fit type and can be worn on casual occasions."
Clothing & Accessories,1,"Broadstar Women's Denim Dungaree Earn an all-access pass wearing dungarees by Broadstar. Made of denim, these dungarees will keep you comfy. Team them with a white or black coloured top to complete your casual look."
Books,0,Crime and Punishment 
Household,3,"MAMTA DECORATION Solid Sheesham Wood Sofa Set Furniture for Living Room, 3+2+1, Walnut Brown"
Books,0,History of English Literature 
Electronics,2,"Lenovo Tab4 8 Tablet (8 inch, 16GB, Wi-Fi + 4G LTE, Voice Calling), Slate Black Boasting a long-lasting battery, the Dolby Atmos technology and a 20.32 cm (8) HD display, there’s never a dull moment with the Lenovo Tab 4 8. Powered by a Qualcomm Snapdragon 64-bit quad-core processor, along with 2 GB of RAM, this tablet offers smooth and fast multitasking. Store many videos, songs and e-books on the 16 GB of internal memory."
Clothing & Accessories,1,New Day Boys Cotton Brief Pack of 10 It's a Multicoloured Cotton Briefs for Boys. Each pack contains 10 pieces. Note that the product Image colours might change depending on the stock. Size chart (9-12 months: 45cm waist) (18-24 Months: 50cm waist) (2-3 Years: 55cm waist) (3-4 Years: 60cm waist) (4-5 Years: 65cm waist) (5-6 Years: 70cm waist) (6-7 Years: 75cm waist)
Household,3,Pure Source India Ceramic Aroma wooden finish puchai Burner with 10 ML Lavender Aroma Oil and 4 Tea Light Candle Pure Source India Ceramic Aroma wooden puchai finish Burner with 10 ML Lavender Aroma Oil and 4 Tea Light Candle smokeless good quality .
Electronics,2,"APC BE700Y-IND 420-watt Back UPS (Black) The Back-UPS battery backup offers guaranteed power and surge protection for wireless networks, computers, gaming consoles and other electronics in your home or business. Models supply battery backup during outages and unsafe voltage fluctuations, as well as provide protection from damaging surges and spikes. They’re available in 'tower' or 'floor' styles, and together with a variety of standard features, they are the perfect choice to protect your data and keep you connected."
Household,3,Camabeds Stooreys Modern Bunk Bed (Black) Stooreys is a perfect twin size double bunk bed for your kid’s bedroom. Its simplistic frame is crafted of metal which offers proper strength and sturdiness. After assembly the bed supports up to 100 kg.
Books,0,"The Dance of Siva: Essays on Indian Art and Culture (Dover Fine Art, History of Art) About the Author Ananda K. Coomaraswamy (1877–1947) was an Indian philosopher, Orientalist, and art historian who served as curator of the Boston Museum of Fine Arts. He was also a co-founder of the Traditionalist School and active in promoting the Perennial Philosophy that underlies the world's religions."
Books,0,"HP AIO 20-C102IL 19.5-Inch Screen All-In-One Desktop (Celeron J3060, 4GB DDR3 RAM, 1 TB HDD, DOS, Intel HD Graphics), Black Hp aio 20-c102il celeron j3060, 4gb ddr3 ram, 1 tb hdd, 19.5"" Screen, dvd rw, wired keyboard n mouse, dos 1 year warranty"
Clothing & Accessories,1,Cherokee by Unlimited Girls' A-Line Knee-Long Dress Cherokee apparel junior dress. It is made of 100% cotton melange single jersey fabric with stripes pattern.
Clothing & Accessories,1,"Zolario Boy's Jacket, Shirt, Pant and Bow"
Electronics,2,COSMUS Polyester Navy Blue Laptop Backpack for (15.6 inch)
Electronics,2,"Authtentic Antenna For GSM FCT Device 15 Feet Long Antenna for GSM FCT devices, 15 feet long cable antenna GSM FCT Antenna GSM FCT (fix cellular terminal) device is used for voice call service by GSM SIM network, Antenna is essential part of GSM FCT device, Long Cable antenna is used to fetch network from tower to device The antenna is 15 feet long to help to fetch network from out side to inside This antenna is supported to GSM FCT of micormax, pacetel, authentic etc..."
Books,0,"Indian Anthropology This is one of the most popular books published on Indian Anthropology. Originally published in English, it is now available in several Indian languages. Beginning with a discussion on the origin ad development of anthropology in India, it takes the readers into Indian prehistory. Taking up the issues of social change in India it describes ad anaylses various concepts and theories dealing with social change in India viz. Sanskritization, Westernization, Modernization, Secularization and Dominant Caste."
Electronics,2,"Logitech M331 Silent Plus Wireless Mouse- Black Colour:Black   Enjoy the Sound of Silence Get all your work done without missing a beat or disturbing those around you. Silent Mice have the same click feel without the click noise - over 90% noise reduction. Durable, high performance feet quietly glide over the desktop. A smooth scroll wheel completes the silent experience. Silent Mice eliminate excess noise while protecting the health and productivity of everyone. Make this your last annoying click. Your family and friends will thank you."
Books,0,Group Discussion - More than 100 Topics Covered About the Author The author holds a Postgraduate Diploma in Management (International Business) and is a certified financial advisor. He has worked with a reputed asset management company in the past. He has participated and performed well in many group discussions at various levels. He is also an avid reader.
Books,0,Gate Electronics & Communication Engg. (27 Year’s Chapter wise Solved Papers) 2019 
Electronics,2,"ELCOR Manual Pull Down Projector Screens 4ft.x 6ft.-84"" Diagonal In 4:03 Aspect Ratio"
Household,3,"Cello Classic Perfect Posture Plastic Stool, Small, Brown Size:Small                                                                                 |                            Color Name:Brown   With the Cello’s classic non-slip base stool, performing day to day tasks becomes easy. Multipurpose stool, it's perfect for nearly any location and floor surface. The step stool is contoured to fit around toilet bases but is also perfect to help reach the sink and many other places. It's easy to clean and can be wiped down with a cloth."
Books,0,High School English Grammar and Composition Book (Multicolour Edition) 
Books,0,Travel Between the Lines Coloring Rome: An Adult Coloring Book for Globetrotters and Daydreamers
Books,0,Roads:Review Of All Dental Subjects Roads: review of All Dental Subjects
Household,3,"Furniture strap ULTIMATE BABY SAFETY | Best anti-tip anchor to secure TV, Dressers & Wall furniture - 8 Straps by Teebie"
Books,0,World Atlas for Primary Classes 
Books,0,Ancient India 
Clothing & Accessories,1,"United Colors of Benetton Girls' Cardigan United Colors of Benetton sweater for girls, fabric used 80% acrylic and 20% wool, pearls knitwear top, solid pattern, long sleeve, round neck and casual wear."
Electronics,2,"Portronics POR 796 Portable Ruff Pad E-Writer, 10 inch LCD Re-Writable Paperless Digital Notepad with Stylus (Black) Light and easy to carry and can be recycled. It's only 4.5mm thin, so you can easily carry it in your schoolbag,office bag etc."
Electronics,2,"Zebra Symbol DS2208 SR Corded 2D/1D Handheld Barcode Scanner/Imager with USB Cord BRAND : Zebra Technologies, Zebra Symbol DS2208-SR Corded 2D/1D Handheld Barcode Scanner/Imager with USB Cord"
Books,0,Dispatches From the Wall Corner: A Journey Through Indian Cinema
Electronics,2,Cables Kart SMPS Power Cable Cord - Black (3 Meter) Size name:3 Meter   ICables Kart Color :/Black Description/ Fully Moulded 3 pin India 13 amp plug to IEC socket. his is used for powering a monitor or PC and a whole host of other PC Equipment like printer. he plug comes fully tested and is supplied with a fitted 5 amp fuse. his plug is ROHS compliant ensuring the highest material standards in India 10 m long black color. Warranty/ 2 Year Warranty with Cables Kart. /I
Clothing & Accessories,1,"Mothercare Baby Boys' Snowsuit Soft, snuggly and fluffy for warmth, this snowsuit from Mothercare is perfect for keeping your little one cosy and protected from the cold weather."
Household,3,"Caspian Junglewood Textured 4 Door Wardrobe 4 door wardrobe in light and dark brown junglewood texture with 2 drawers , a locker & extra removable shelves. The ply used is termite free."
Household,3,"Spread Spain Metallic Gold Bar Trolley/Service Trolley/Kitchen Trolley (27x13x29 Inches, Gold) Store and move things easily with this service trolley. The trolley has two trays, which are made of glass. The frame of the trolley is made of steel, and the trolley has two small caster wheels and two bigger wheels at the base to move the trolley with ease"
Household,3,"DIY Crafts 1 Roll DIY Durable Tail Beading Wire Cord Wire Line 0.45mm for Jewelry Braceleti Description Fashionable and durable jewelry cord Great for stringing the beads like crystals, pearls, rhinestones and stones. Premium quality, delicated arts and crafts Please visit our store to choose more relevant products! Brand: TOUCHSTONE Material: Steel Size: approx. 0.45 mm Condition: 100% new Weight: approx. 58 g Quantity: 1 Roll Length: approx. 90-100 m Conversion: 1 mm = 0.0394 inch, 1g = 5 carat"
Books,0,"Home Gardening I Vijay Kumar Agarwal was born and brought up at Allahabad. Had initial education from St. Anthony's Convent, passed B.Sc. from Muir Central College, Allahabad University. Reading, writing and gardening are my hobby. Gardening I inherited from my mother, but lucky enough to be married to Mita, having large garden at her paternal home. She was a continuous source of inspiration to my gardening as such I owe my success to her."
Clothing & Accessories,1,DELHI TRADERSS Men's Canvas Casual Belt (Black) DescriptionBelt comes first in men's accessories and it's a part of good personality that's why we have brought for you this extremely special belt.
Clothing & Accessories,1,"Mothercare Baby Girls' Regular Fit Sleepsuit (Pack of 3) Your little one has surely brought a lot of colour into your life since they arrived and now you can add some to their with this trio of adorable sleep suits. With cosy enclosed feet with toe-safe design and integral scratch mitts on smaller sizes, they'll ensure your precious tot stays safe whether they're dreaming or between naps. What's more, they're made from the softest cotton to make those all-important cuddles even more special!"
Books,0,Ultimate Guide to SSC Combined Graduate Level - CGL (Tier I & Tier II) Exam 
Household,3,Havells Cista room Heater Havells room heater
Electronics,2,"TCLPVC ID Card Tray For Special L805, L850 Latest + 5 HD Cards + Software For Epson L800 & L850 Printer And Tray Last 2 Combos Artisan 50 Printers TCLPVC PVC ID CARD TRAY FOR SPECIAL L805 , L850 LATEST + 5 HD CARDS + SOFTWARE COMBO for Epson L800 & L850 Printer ORIGINAL EPSON FRIENDLY CARDS AND TRAY LAST 2 COMBOS ORIGINAL CARDS L800 & L850 R260, R270, R280, R290, T50,T60,P50,Artisan 50 PrinterS"
Books,0,Anthropology Simplified for UPSC Mains Unique Anthropology Simplified : Revised 3rd Edition 2018 A very Useful book for UPSC Mains Examination A Book Recommended by Mr. Anudeep Durishetty ( AIR 1 in UPSC CSE 2018 - Anthropology Optional )
Household,3,"DeckUp Siena Side Table (Dark Wenge, Matte Finish) Color:Dark Wenge   Assembly required: the product requires basic assembly and comes with diy (Do-It-Yourself) assembly instructions."
Clothing & Accessories,1,ABITO Track Pant for Boys 1-15 Years Smart Joggers Navy Grey
Electronics,2,AMD Ryzen 3 1200 Desktop Processor with Wraith Stealth Cooler (YD1200BBAEBOX) Size name:Ryzen 3 1200   All products are imported from the USA. All electronic products must be used with a step down/up converter for Indian voltage compatibility.
Electronics,2,"Ice Cream Sticks , Set of 100 pieces It is suitable for Ice Cream. It comes in 100 colours. It has 100 Pieces."
Books,0,"Embedded System Design: A Unified Hardware / Software Introduction About the Author Frank Vahid is an American professor and author. He is a professor of computer science and engineering in the College of Engineering, University of California. Vahid has authored several other books on computer engineering and systems.Tony Givargis is a professor at the College of Engineering in the University of California."
Books,0,History of American Literature 
Books,0,The Official Guide to the GRE General Test 
Electronics,2,"BitDefender Total Security Latest Version with Ransomware Protection (Windows) - 1 User, 1 Year (Email Delivery in 2 hours - No CD) Style Name:1 Device, 1 Year (Email Download)   Bitdefender Total Security delivers ironclad protection against even the most advanced malware and provides features designed to safeguard your private life across multiple platforms - all without slowing down your devices. It uses the most advanced security technology in the world, yet it's simple and intuitive. BitDefender Total Security now for the best cross-platform protection and performance."
Electronics,2,"GBC AUTO+ 60X Auto Feed Paper/Credit Card Cross Cut Shredder with Automatic Feed, 60 Sheet Capacity and 15L Bin Style Name:Cross Cut – 60 Sheets   Spend 98% less time shredding, save time and money with Auto Feed shredders. Simply STACK, SHUT, and Done! No more wasting time standing at the shredder. The automatic shredder starts shredding while you get on with something else. The GBC AUTO+60X has an easy-to-empty 15 litre pull out bin with viewing window, a shredding width of 220 mm and power consumption of 190 watts."
Books,0,Trueman's Elementary Biology for Class 12 and NEET - Vol. 2 (2018 Edition) About the Author K.N. Bhatia and M.P. Tyagi have co-authored two books on biology which cater to CBSE students of class XII and those studying for various medical entrance tests. They have also written Trueman's Elementary Biology - Vol. I together.
Clothing & Accessories,1,"Mothercare Baby Boys' Animal Print Regular Fit T-Shirt (Pack of 2) Your little babe can never have too many tees in their wardrobe, and this handy two pack makes a great addition to their wardrobe. Perfect for layering over bodysuits or pairing with shorts and leggings, they are made from the softest cotton with short sleeves to keep those tiny arms cool and comfy on warmer days. Finished with stripes and colorful chameleon designs, they're perfect for your little wild thing!"
Books,0,Children's Book of Sport (Dk) 
Household,3,"Invezo Impression Portable Foldable Reusable Gazebo / Canopy Tent (10 x 20 ft / 3 x 6 m, 30kg) (Red Color with 3 Side Covers) This is a 10 x 20 Gazebo tent with side covers. No tool Required for installation. Installation manual provided inside the packaging. Top Fabric: 100% Water Proof and UV resistant. 600D Polyester with P. U Coating."
Electronics,2,Proffisy Replacement for HP Laserjet M1136 MFP Black CC388A / 88A Toner Cartridge (HP Laserjet M1136 MFP)
Books,0,Rejuvenate Yourself Abstract 
Clothing & Accessories,1,"Littly Baby Thermal Leggings/Pajamis, Pack of 3 (Blue, Brown, Grey) Stock up your little ones wardrobe with Littly Baby Thermal Leggings/ Pajamis Set to give your kid an extra warm layer this winter. This Combo of Littly leggings are made from soft fabric which will keep your little one warm and cozy. The high quality fabric provides extra comfort. Littly Baby Thermal leggings comes in multiple colors and multiple sizes. Note: Actual product may slightly vary in terms of color /design and will be shipped based on availability."
Electronics,2,Imation 4.7GB IMATION DVD RW 3 Pack Imation 4.7GB IMATION DVD RW 3 Pack
Electronics,2,"HP Pavilion 590-p0035in Tower PC 2018 (Intel Core i3-8100/4GB/1TB/Windows 10/Integrated Graphics), Black Whether your family is looking to surf, stream or tackle that next big assignment, this budget friendly All-in-One has been redesigned to give everyone what they need. A splash of color and reliable, trusted performance make this the perfect living room go-to."
Clothing & Accessories,1,"Tinchuk Regular Printed Shorts Set of 6 - for Your Little One Multi-Coloured Stylish set of shorts for your little one. Attractive color with trendy print, makes this a stylish and cute set for smart little child. Soft elastic waist ensures proper fit. Kids will be comfortable all day long in the soft fabric of the set of shorts."
Books,0,"Dear Zoo Book and CD (Book & CD) About the Author Rod Campbell has been writing and illustrating children's books for over 30 years. Best known for his classic lift-the-flap book, Dear Zoo, he is also the creator of the much-loved preschool character Buster. Ingeniously simple, with touches of gentle humour, Rod's books are loved by children, parents and teachers alike. Rod lives in London."
Household,3,"Pindia Plastic Artificial Bonsai Plant Tree Flowers with Pot (22 cm x 10 cm x 22 cm, Green) The ""Pindia"" decor your home with artificial flowers attached to a wonderful pot, a name known for making good-quality and stylish products. The flowers are printed with perfection that guarantees its shine and beauty. Made from best quality material and fabrics to your surroundings to bring change and dynamism to the environment. So, get these beautiful flowers and give your home or office a welcoming ambience."
Household,3,"Yardwe Seat Rectangular Table Cover Waterproof Garden Bench Cover Patio Furniture Sofa Loveseat Cover 170x94x70cm DescriptionWeatherproof and resistant case with sealed seams equipped with eyelets and ropes, can be the protective sleeve securely fastened. The protective cover provides optimum protection against dirt and weathering.Features - Color Black.- Material: Polyester.- Dimensions: 170 x 94 x 70cm.Package Including1 x Seat Rectangular Table Cover Waterproof Garden Bench Cover Patio Furniture Sofa Loveseat Cover 170x94x70cm"
Books,0,Copy Colour: Animals (Copy Colour Books) 
Household,3,"Anshartandcraft Flower Making Floral Tape: 12 Mm: 3 Pcs (Green Tape) Color:Green Tape   All Flower making crafts require Pollen, Wired Velvet Leaves , Floral Tapes , Stocking Or Organdy Cloth or Duplex Crepe Paper to make flowers and of course Wires in different thickness and colors to make stems and branches !!"
Household,3,"SAF 'Flower Floral' Painting (Synthetic, 13.5 inch x 22 inch) Color:Multicolour                                                                                 |                            Size:35 cm x 3 cm x 38 cm   It is a textured effect canvas print with UV which gives a multi-effect. It is in a Italian designed frame in a synthetic material."
Household,3,"Cello Novelty Compact Cupboard - Ice Brown Color:Ice Brown   This storage cabinet is sure to become a must have for the kids. You can store within it, toys, books or even clothes. Its towering structure is sure to add a touch of colour to any wall area making this modern cabinet a must have. It comes with two drawers and ample storage space within to store in all the essentials."
Clothing & Accessories,1,"Devil Unisex Winter Woollen Black Gloves Treat hands to ultimate softness this winter with a pair of thick cashmere gloves. Made in India, these pure cashmere gloves will last season after season. Our cashmere gloves feel luxuriously soft on hands, giving you a warm, close fit."
Electronics,2,"XP-Pen Artist22E Pro 21.5"" Drawing Pen Display Graphic Dual IPS Monitor with 8192 Level Pressure Sensitivity, 16 Express Keys and Adjustable Stand"
Electronics,2,MuscleXP Biotin Hair Skin and Nails Complete Multivitamin with Amino Acids - 60 Tablets
Clothing & Accessories,1,"Party Propz Happy Birthday Cap (Pack of 10) for Girls, Boys Birthday Beautiful happy birthday printed caps for birthday party favours, suitable for kids up to 12 years."
Books,0,"AIIMS MBBS Entrance • Authentic Memory-based, Chapter-wise Papers of AIIMS from 1994–2017 • General Mental Ability, Logical Reasoning and Analytical Ability with Explanations • Chapter-wise Future Trend Selected Questions • Theory and MCQs of AIIMS GK and Current Affairs covered • 160+ Colored Image-based Questions for Real-time Practice • Overview of Premedical Studies by Toppers"
Books,0,"The Body Nirvana: More Than Just a Weight-loss Book About the Author Garima Gupta is a mind-body wellness coach and holistic weight loss specialist. Her background in psychology gives her a unique insight into how dieting or exercise will not help anyone lose wieght unless their mind, too, is looked after. Her articles have featured on websites such as the Daily-O."
Books,0,UPPCS Previous Years Topic-Wise Solved Papers (Paper I 2003-17 and Paper II 2012-17) 
Household,3,Green Soul NewYork High-Back Office Chair (Black)
Household,3,TCLPVC Economy Bamboo Blind Chick Window Closer Curtain  (4 Sizes) Natutal Range… (W6/H7) Tclpvc Economy 6/7 feet Bamboo Chick Window Closer - Curtains For Balcony - Windows - Outdoors - Door - Kitchen - Home - Office - Hotel - Resorts – Blinds - Shades – Screens - Patio Umbrellas - Canopies - Shade - Sunscreen Fabric - Screens - Protection - Balcony Privacy - Protective Screens - window blind curtain – Verandas - Public Areas - Door Curtain - Fly Screen - Divider Room US - 1023
Household,3,Mee Mee 5 in 1 Baby Cozy Carry Cot Cum Rocker (Pink) Color:Pink   Mee Mee's cozy carry cot and rocker ensures your child is secure during short commutes and while rocking at home.
Electronics,2,"WD My Passport 1TB Portable External Hard Drive (Blue) The My Passport portable drive is trusted to store the massive amounts of photos, videos and music you love. Available in an array of vibrant, fun colours, the sleek style fits comfortably in the palm of your hand, so you can easily take your treasured content everywhere you go."
Electronics,2,Quantum QHM7487 PC Game Pad Controller (Joystick) with Turbo Function
Household,3,Party Propz Ribbon for Balloons/ Gift Wrapping / Crafts Decoration (Multicolour) - Set of 6
Household,3,"VIKI | Bookcase/Bookshelf (3-Shelf/Shelve, White) | Bodhi Size:Standard                                                                                 |                            Color:White   We offer high quality, affordable pieces in  modern, functional designs that express leadership in every detail."
Electronics,2,"HP 14-inch HD SVA 1366x768 Display Chromebook( Silver) Intel hd graphics on-processor graphics with shared video memory provide everyday image quality for internet use, basic photo editing and casual gaming, stereo speakers. Intel dual core celeron n2840 with intel hd graphics (2.16 Ghz, 1 mb cache) , 4gb 1600mhz ddr3l sdram, 16gb emmc flash memory, no optical drive."
Household,3,"Lovely Arts Collection 8 mm Colourful Acrylic Smooth Loose Round Pearl DIY Beads for Jewellery Making - 500 Pieces 100% Brand New, Material : Acrylic Assorted Pearls, Size 8mm, Qty. 500 pcs. Approx Usage : For Jewellery making, dress making, garment ,shoes, Bags, evening dress, Costumes, Hat, Cell phone shell ，DIY Accessory , Toran Making , Door hanging and much more. Note : Different cutting and shape and sizes will lead to color slightly different. Different computer, phone, different time mass production may lead color slightly different too."
Books,0,"International Relations Today About the Author Aneek Chatterjee teaches at the Post Graduate Department of Political Science, Hooghly Mohsin College, India. Earlier, he served as Professor and Head of Political Science at Presidency University, Kolkata, India."
Household,3,"Look In Furniture Clara Sofa Set, 3+1+1(Grey) Look In Furniture brings to you unique modern sofa set for your living room. Clara sofa set is a colourful and magical design comes with good quality and comfort .these is a best choice for decor your home."
Clothing & Accessories,1,"Luke and Lilly Multicoloured Boys Cotton Vest - Pack of 5 Luke and Lilly Presents you Multi-coloured Vest for Boys, It keeps Comfortable and relax in summer. Its made up of High Qualilty Cotton so it keep you free from Sweat."
Electronics,2,"Acer Aspire 3 Intel Celeron 15.6-inch FHD Laptop (4GB/500 GB HDD/Windows 10 Home/Obsidian Black/2.1 Kg), A315-33 Enjoy premium looks without the premium price with the Acer Aspire notebook (model A315-33), which features a beautiful exterior. It features a 15.6-inch high-def display giving you ample space for opening multiple windows and digital entertainment. It's powered by Intel Celeron Processor N3060 Enjoy smooth multitasking and excellent performance with 4GB installed RAM and 500 GB HDD with Integrated graphics."
Books,0,"Treasure Island (Collins Classics) About the Author Being the 26th most translated author of all time, Robert Louis Stevenson was an acclaimed novelist and poet. His writing was admired by other famous authors such as Marcel Proust, Rudyard Kipling and Arthur Conan Doyle. Some of his other acclaimed books include The Strange Case of Dr. Jekyll and Mr. Hyde, Kidnapped and The Wrong Box."
Household,3,"NICE SPARROW™ Child proofing Safety Rubber Cushion Strip for Furniture, Table, Glass Edge Guards and Corner Protectors Suggested use: the edge protector and corner guards are safety furniture bumpers used for baby proofing sharp edges and corners. Cushion desks, tables, coffee tables, chests, nightstands, bed frames, shelves, cabinets. Protect babies from the hard surfaces of marble and granite countertops, kitchen islands as well as wall corners and glass tanks."
Books,0,Know your Banking - II Credit Cards 
Books,0,20 Practice Sets for IBPS Bank Clerk Preliminary Exam - 16 in Book + 4 Online Tests 
Electronics,2,Redgear Elite Wireless Gamepad (Black) With built-in rechargeable battery and plug and play support for all PC games. Supports Windows 7/8/8.1/10.
Household,3,Jay Shubham Threads Polyester Sewing Thread 100 Tubes 50 Shades Each 2 in Number (Multicolour) -Set of 2 All purpose domestic sewing thread set which comes delivered in a cardboard box. You will receive 50 different shades. Each shades will be in 2 tubes of thread thereby making all total 100 thread tubes. This set includes almost all the popular colors you could want. Please note: color of thread may differ slightly to what is pictured.
Household,3,Nilkamal Freedom Cabinet with 2 Drawers (Deep Blue and Grey) Color:Deep Blue and Grey   Nilkamal Freedom Cabinet with 2 Drawers (Deep Blue and Grey)
Books,0,"Current Affairs Round Up 2019 About the Author An editorial team of highly skilled professionals at Arihant, works hand in glove to ensure that the students receive the best and accurate content through our books. From inception till the book comes out from print, the whole team comprising of authors."
Clothing & Accessories,1,Cherokee by Unlimited Boys' Plain Regular Fit T-Shirt (Pack of 3) Cherokee kids t-shirt. This is made of 100% cotton knits single jersey solid t-shirt. It's pack of 3 t-shirts.
Clothing & Accessories,1,"White Tree Black Colour Artificial Leather Formal And Causal  Belt For Boys And Men Belt is a lighthearted way to add interest to your day to day-dresses and denim. The very medium-slim design has a burnished self textured shade that gives it a unprecedented look itself , so wear the formal semi formal belts like this  to the front and buckle to the back for a quirky-chic way to create the waist. Choose from smart  black or summery brown  shades then head out for your morning coffee."
Household,3,"Usha Crisp Air 200mm Exhaust Fan (Black) Note: Incase of any issue with the product, kindly contact brand at 1800•1033•111."
Electronics,2,"zamp e commerce 15 Pin Male to Male 1.5 Meter VGA Cable for Computer Monitors, Televisions,Desktop, Laptop Size name:1.5 meter   Brand:Zamp E CommerceWe believe in ""Best Quality and Best Service"" Buy with Confidence ""Customer Satisfaction is our main priority and Goal""."
Books,0,Sense And Solidarity - Jholawala Economics for Everyone
Clothing & Accessories,1,"Bonjour Unisex Cotton Barbie Tights (0-1 Years, Navy-Pink) Bonjour baby tight keeps your baby's legs warm in the coldest weather. When the weather is cold outside, this tight prevents small toes and legs from cooling. Made with a mix soft brushed cotton lycra, treated with a special antimicrobial treatment. These tights give non bulky , bacteria proof warmth. Made from stretchable and breathable fabrics, these can be worn with tees and dresses anytime. Contrast colour with attractive and pretty design make it stylish."
Books,0,ROAMS with Primes Supplement (2018) PGMEE BOOKS
Electronics,2,"Warm Mini Portable USB LED Light (Set of 4) These flexible USB white light units can easily plug into your USB port to provide ample light for reading or typing. You can also connect them to your mobile phone with an OTG cable to use as a light for your camera. Being small and lightweight, they are conveniently portable and can be carried anywhere."
Household,3,Anchor Stitch Kit-Feathered Beauties A range of over 300 D-I-Y kits with easy to make embroidery designs on canvas. Anchor Stitch kits contain everything you need to help you make your own special embroidery creation. Happy crafting.
Books,0,Kiran’s UPSC Civil Services Prelim (Paper-II) 2011-2018 CSAT Yearwise & Topicwise Solved Papers English - 2334 
Clothing & Accessories,1,"Mitushi Products Boy's Swim Shorts LION SWIM SHORT FOR BOYS:QUICK DRY MATERIAL: ELASTICATED WAISTBAND & STRING CLOSURE :BLACK BACK :BEST FOR WATER PARKS AS WELL AS BEACHES. MADE IN INDIA,MANUFACTURED BY BEST IN CLASS FINISHING & STITCHING MACHINES TO GIVE IT LONG LIFE : MORE THAN 30 DESIGNS LIVE ONLINE"
Books,0,"Aadhar Refined Sunflower Oil, 1L"
Books,0,The Unofficial Guide to Learning with Lego(r): 100+ Inspiring Ideas (Lego Ideas) 
Electronics,2,Pure Source Reed Sticks 10 inch 100 Pcs in one Bunch to use for Reed Diffuser Oil Pure Source Reed Sticks 10 Inch 100 Pcs in one bunch to use for reed diffuser
Household,3,"Goank Plastic Mini Electric Table Fan (Multicolour, Standard Size) The 3-in-1 rechargeable fan is a solution for oi and summer weather. It helps you just blow the fan, just use as a light and light as a flashlight, making your work and study more effective. The fan is made of soft plastic so it is safe for the user, even when touching while the fan is spinning."
Electronics,2,"Tp-Link RE 200 Wifi N 300Mbps Dual Band AC750 Range Extender Style name:AC750   RE200 expands your existing Wi-Fi coverage with next generation 11AC Wi-Fi technology. It works with any standard Wi-Fi router and creates stronger dual band connections in hard-to-reach areas, allowing you to enjoy seamless wireless coverage throughout your home or office."
Clothing & Accessories,1,ADYK Cotton Navy Blue Princess Printed Hooded Sweatshirt for Girls Navy bluee hooded princess sweatshirt
Clothing & Accessories,1,Luke and Lilly Cotton Boy's Vest Lukeand Lilly kids vest is made of 100% cotton fabric comes with pack of 5 and pack of 10
Household,3,"Santosha Decor Sheesham Wood Pre-Assemble Stylish Bar Cabinet/ Rack with Wine Glass Storage ( Santosha Decor, Natural Brown Finish) Color:natural brown   Contemporary Furniture Reflects Designs That Are Current Or En Vogue. It Does Not Necessarily Reference Historical Design Styles And Often Provides A Feeling Of Everything In Its Place. Furniture Bought Is Shipped For Free"
Clothing & Accessories,1,PalmTree Girls' Jacket
Electronics,2,"Apple MacBook Pro MR932HN/A 15.4-inch Laptop (Core i7-8750H/16GB/256GB/Mac OS/Integrated Graphics), Space Gray Our goal with MacBook was to do the impossible: Engineer a full‑sized experience into the thinnest, lightest Mac notebook yet. And not only is it compact - it’s more powerful than ever. The new MacBook delivers up to 20 per cent faster performance with new seventh‑generation Intel Core m3, i5 and i7 processors and up to 50 per cent faster SSD storage."
Household,3,"Urban Ladder Tribbiani Single Seat Manual Fabric Recliner (Matte Finish, Carafe Brown) The Tribbiani recliner with its plush upholstery, makes this incredibly inviting. Place it in your living room or bedroom to make a cozy spot to read or watch TV. Its generous proportions make it a perfect choice to catch a quick nap. Available in 4 colors. Choose from leatherette (PU) and fabric upholstery. No assembly required. Indoor use only."
Clothing & Accessories,1,"Mizago Women's Casual Full Sleeves White Rayon Shirt If you are looking for a unique and trendy casual shirt for women, then you must pick this trendy solid color formal shirt for women/girls from Mizago. A must-have in your wardrobe, this regular-fit Casual Shirt for Women is made from Rayon that makes it easy to maintain. This Shirt for girls will be soft against the skin and will keep you at ease.The images represent actual product though color of the image and product may slightly differ."
Clothing & Accessories,1,"RC. ROYAL CLASS KV (kendriya vidyalaya) SCHOOL COTTON SOCKS FOR BOYS/GIRLS (PACK OF 3) FOR ALL AGE GROUPS-Navy Blue with Red stripes KV School socks(Kendriya Vidyalaya school) for boys & girls for all age groups made from super soft combed cotton yarn and spandex for elasticity, easy to wash and odour free socks. Do not Iron or Bleach. Hand wash only."
Electronics,2,"Kindle Paperwhite (7th gen), 6"" High Resolution Display with Built-in Light, 4GB, Wi-Fi (White)"
Clothing & Accessories,1,Alma Mater NCAA Boys Color Block Cardigan
Books,0,IBPS SO Law Officer CRP SPL Professional Knowledge Main Exam Practice Work Book - 2078 
Clothing & Accessories,1,Selfcare Boy's Thermal Selfcare launches thermals for kids. After great customer satisfaction in women thermals last year. We have entered in kids & babies thermals. Ensuring the same old comfort & warmth that Selfcare thermals provided youlast year in womens category. Must try on your kids will love it.
Clothing & Accessories,1,"Noise Boy's Combo of Wrinkled and Textured Beanie Cap Black_XL Winter season is here and so is the beanie loving season! Get your hands on the knitted winter beanie cap, made from highest quality soft wool, these winter caps are perfect for both men and women. Complete your any look with these. Pull them straight to give it a simple or just slouch it to get the hipster look. Wear them by your side or rather on top, you will feel cozy and stylish without missing a beat."
Electronics,2,"HP 15 Core i5 8th gen 15.6-inch FHD Laptop (8GB/1TB HDD/Windows 10 Home/Sparkling Black /2.04 kg), 15q-ds0010TU Designed for long-lasting performance, this stylishly designed HP 15"" laptop has a long-lasting battery that keeps you connected, entertained, and productive all day. Speed through tasks, or sit back and socialize – with the latest processors and a rich HD display. Do it all, all day."
Books,0,Barron's SAT Subject Test Math Level 1 
Electronics,2,"Cooler Master Sickleflowx Blue Led Cooler Colour:Blue   4th Generation Bearing - MTBF of 160,000 hours thanks to highly durable POM components. Smart Fan engine - stops the fan when blocked to prevent damage, and automatically restarts the fan when it has been cleared. Red / Blue / Green smooth LED lights provide freedom of choice to the users.c"
Electronics,2,Dell Ms116 275-BBCB Optical Mouse The Dell Optical Mouse – MS116 features optical LED tracking and wired connectivity providing a stellar performance day after day. Improve your productivity at the office or at home–the Dell Optical Mouse.
Books,0,"Freedom Makeup London Professional Blush Palette, Bronze and Baked, 15g Style name:Bronze and Baked   Professional blush palette. The most stunning collection of blush and highlighter shades to complement any makeup artists kit. Available in collections."
Electronics,2,"All-New Kindle Paperwhite 4G LTE (10th gen) - 6"" High Resolution Display with Built-in Light, 32GB, Waterproof, WiFi + Free 4G LTE"
Electronics,2,"JBL C50HI in-Ear Headphones with Mic (Black) Colour:Black   The new JBL C50HI is a dynamic, ultra-lightweight in-ear headphone. Its powerful 8.6mm drivers deliver the feel-it-in-your-bones bass response and legendary sound quality you expect from JBL. They’re feather-light for all-day comfort. An in-line microphone with universal remote control lets you talk and manage your calls on Android and iOS devices."
Household,3,Kalaram MG5 Japan Hair Wax Mg5 japan hair wax keeps your hairstyle intact through the day without keeping it too stiff or becoming hard on the edges. It ensures a smooth and shiny finish to keep your casual look as cool as it can get. Natural hair movement style your hair to suit your mood every day and let your hair move naturally without much hassle | weight: 100 g.
Household,3,"Bharat Lifestyle Cosmo Five Seater Sofa Set 3-1-1 (Grey) Bharat Lifestyle brings to you modern and comfortable sofa set for your living room. Bharat Lifestyle Cosmo Fabric Black & Grey 3+1+1 Sofa Set is made of Acacia wood. It has an elegant design which enhances the interior decor of your living room. Designed in such a way, the sofa is comfortable to sit. The best part it, it comes with good price without compromising on quality. Buy this sofa today!"
Clothing & Accessories,1,Indistar Girls Warm Supersoft Wollen Leggings for Winters (Pack of 2) Indistar Winters Collection - Super soft and warm wollen leggings for kids
Clothing & Accessories,1,"BEST COLLECTION Art Silk Saree With Blouse Piece Bringing designs for Modern Chic Looks, Yet with a touch of contemporary for working women. This saree will look awesome at daily wear and different occasion as the saree comes with alluring beauty and catchy colour shades. Visually appealing, this saree won't fail to impress everyone around. Beautifully designed, this bright colour saree from Exotic design will give you just another reason to be excited about the upcoming festive season."
Clothing & Accessories,1,"Mothercare Baby Boys' Sleepsuit This bright and cute sleepsuits will make a perfect gift for your little one's. Designed with popper fastening for easy dressing, along with nickel-free poppers to protect your baby's sensitive skin from irritation."
Clothing & Accessories,1,"Fenoix Men's Hooded Full Sleeve Cotton T-Shirt Cool and comfortable, this solid color t-shirt by Fenoix is something you must include in your summer wardrobe. Featuring slim fit, this t-shirt is perfect for casual getaways. Made from 100% cotton, this t-shirt is not only stylish but soft to touch as well, the t-shirt will keep you dry and comfortable in summers."
Household,3,Embroidery Kit for Beginners DIY Kit Total 15 Iteam This embroidery kit is consists of all the basic items that a beginner will require to learn embroidery. This kit can also be a perfect gift for your loved ones.
Household,3,"SGD Plastic Strong Folding Step Stool for Adults and Kids (10-Inch, Blue) Compact, lightweight & portable Easy carry handle and folds easily for storage Unique stop gap safety feature prevents squashing when folded Great furniture stools for the home, kitchen, bathroom, garden and outdoors Small & lightweight makes it truly portable"
Electronics,2,"Basher Basics: Dinosaurs: The Bare Bones! About the Author Simon Basher is the creator and illustrator of more than ten best-selling concept books for children including The Periodic Table, Physics, Biology, Astronomy, Math, and Punctuation. Based in London and Tokyo and specializing in ""graphic surrealism"", Basher's original artwork is regularly exhibited and sold in the UK, Europe, the US and the Asia. Dan Green edited Basher's The Periodic Table and was the author of Physics, Biology, Astronomy and Rocks and Minerals. He studied Geology at Cambridge University."
Clothing & Accessories,1,"Bodycare 73 Girls Cycling Shorts (Pack Of 3) This product is made from cotton and finished in a attractive beige color. Furthermore, it is recommended to be kept away from extreme heat, fire and corrosive liquids to avoid any form of damage."
Clothing & Accessories,1,"BODYCARE Pure Cotton Plain Multi-Coloured Trunk for Boys & Kids (2053-Packof6) Bodycare Brings a new collection of Boys Brief Pack of 6, 100% cotton fabric with attractive design and stylish trendy look."
Household,3,"Am Wooden Embroidery Hoop/Frame for Crafters & Designers, Set Of 5-Different Sizes 4, 6, 8, 10, 12 Inches Wooden Embroidery Hoops For Crafting A Number Of Designs. Available In A Variety Of Sizes You Can Select The Shape And Size Of The Embroidery Pattern As Desired."
Electronics,2,"HP F6V97AA USB External DVD-RW Drive The HP USB external DVD drive is compact, sleek and fast. Enjoy the convenience of portable storage that is Windows compatible with USB connectivity and double-layer recording."
Clothing & Accessories,1,"POWERGIRL Kids Brief Girls Panties Baby Underwear Boys Unisex Underpants Cotton Non-Itchy Soft Inner Elastic Multi-Coloured Pink Blue Green 2 to 9 Years Pack of 6 It's a Multicoloured Cotton Briefs for Girls, Baby or Boys with non-itchy and soft inner elastic at the waist. Pastel shades of Pink, Blue and green. Material is made of combed cotton which is soft for skin. Each pack contains 6 pieces. Note that the product Image colours might change depending on the stock."
Books,0,Quantitative Aptitude for Competitive Exams  SSC/Banking/CLAT/Hotel Mgmt./Rlwys/CDS/GATE 
Books,0,"Telepathy: Its Theory, Facts, and Proof "
Clothing & Accessories,1,ADYK Cotton Navy Blue Prince Printed Hooded Sweatshirt for Boys Navy blue hooded sweatshirt
Clothing & Accessories,1,"Jockey Boys' Cotton Vest Genuine Jockey comfort, fit and quality, 100% super combed cotton rib fabric, round neckline and contoured armholes, authentic Jockey USA originals logo tab label, to be worn as innerwear and loungewear."
Books,0,"PMT CAPSULE MTG, Only Book You NEED For Last - Minute Revision (MTG BOOKS) PMT CAPSULE MTG, Only Book You NEED For Last - Minute Revision (MTG BOOKS)"
Books,0,"Notes of a Dream: The Authorized Biography of A.R. Rahman About the Author Krishna Trilok is the author of the fantasy novel Sharikrida published in 2017. A student of commerce and marketing, his fascination for European and Asian history and mythology, combined with his love of movies and fairy tales, led him to writing. Notes of a Dream is his second work. He lives in Chennai."
Household,3,"Smart Shelter Wall Mounted Foldable Laptop Table/Study Table/Dining Table/Multi Utility Table Smart Shelter wall mounted Table enables you to Study, work on Laptop, Dine and utilize it for many other purposes. It gets folded on the wall after use to save space"
Electronics,2,"Cable Matters Internal Mini-SAS to 4x SATA Forward Breakout Cable 3.3 Feet BRAND : Cable Matters, Cable Matters Internal Mini-SAS to 4x SATA Forward Breakout Cable 3.3 Feet"
Books,0,Disney Pixar Cars 3 The Essential Guide 
Books,0,"Competitive Handbook of Nursing Usefull for all nursing competitive examination like AIIMS, PGI, SGPGI, RRB, GMCH, ESIC, RPSC, RUHS, MNC, AND ALL NURSING ENTERENCE"
Electronics,2,"LipiWorld 2 Port USB- 2.0 KVM Switch (Black) Kvm switches can operate more than one host server through a set of monitor, keyboard, mouse, thus saving the monitor,keyboard, mouse, and other equipment, but also saves valuable space, without having to run again after the former ran into each machine."
Household,3,"Nilkamal Leo Computer Trolley/Table (Brown) A useful addition to the modern homes is the sleek Nilkamal Leo Computer Trolley or study desk crafted out of MDF with powder coating. Its compact and minimalistic design allows it to fit easily in the limited space of any home, office or library. It comes with casters that enable it to move around with ease. It also has a sliding shelf wherein the keyboard can be placed and a lower shelf which enables you to fit in other accessories. Manufactured by the brand Nilkamal, it comes with assurance of premium quality at the best suited price"
Clothing & Accessories,1,"L A Girl Glide Gel Liner, Silver Streak, 1.2g Colour:Silver Streak   Makeup wearers no longer have to choose between the ease of application in an eye pencil and the smooth feel of liquid eyeliner. The new glide liner has the soft and gliding feel of liquid that comes in a pencil that can be sharpened. Available in highly pigmented colours, this product is designed for makeup enthusiasts and trendsetters who are looking for the best products on the market as a reasonable price."
Clothing & Accessories,1,"Mothercare Baby Boys' Regular Fit Cotton Clothing Set Cool, comfy and perfect for all your adventures this season. With a fun are we nearly there yet slogan print, the sunny yellow tee is sleeveless which is perfect for keeping little arms cool on warmer days and looks great worn over the blue shorts. Add a hat, slip on some sandals and your little one will be ready for today's adventures."
Clothing & Accessories,1,"Krystle Unisex Imported Stylish Fashionable Cowboy Leather Fedora Hat Black Stylish Hat with elegant designs and hues designed with combination of great quality and fashion. Complete your diva look with this black coloured fedora hat  from Krystle. Made from high quality material, this hat will redefine your casual look and make you look all the more stylish"
Electronics,2,Dell DW316 External USB Slim DVD R/W Optical Drive 429-AAUX DW316 Ext USB Optical Drive
Electronics,2,Intel NUC Kit NUC8i7HVK Nuc kit nuc8i7hvk.There is a M.2 Card Slot .It has an integrated graphics.
Clothing & Accessories,1,"DIGIMART Girl's Black Stripe Printed Layered Frock (JIO) Your Little angel will look classy when you dress her up in this beautiful dress from DIGIMART. It has soft Crape fabric. Ideal for all party occasions, birthday, festive and gifting. DIGIMART has an excellent collection of Baby Girls and boy Party wear dresses."
Books,0,"Indian & Western Air Fryer Recipes: Healthy, Homemade and Good Looking Food Recipes "
Books,0,All India NEET Pgmee pattern Volume-1 ( 2018-2014 )
Electronics,2,Intel Pentium Gold G5400 Desktop Processor 2 Core 3.7GHz LGA1151 300 Series 54W/58W BX80684G5400 This desktop processor has Base frequency 3.7 ghz. Compatible with 300 series chipset based motherboards.
Electronics,2,"Apple iPad(6th Gen) Tablet (9.7 inch, 128GB, Wi-Fi), Space Grey"
Electronics,2,"TP-Link RE205 AC750 Wi-Fi Range Extender (White) Style name:AC750-Performance   The RE205 range extender connects to your Wi-Fi router wirelessly, strengthening and expanding its signal into areas it can’t reach on its own, while reducing signal interference to ensure reliable Wi-Fi coverage throughout your home or office. Toll free no : 1800 2094 168 Email : support.in@tp-link.com"
Household,3,Artikle Leather Black 6 Drawer Leather Dresser of Chest wth Mirror The Artikle leather is beautifully designed leather look upholstered Dressing Table & Mirror. Modern all Blackelegant 6 Drawer Padded Dresser finished with round chrome handles and metal runners along with full size attached mirror is the perfect storage accessory for any bedroom. The Artikle leather Dressing Table & Mirror can also be matched along with the Eaka Side Table and Chest of Drawers from the same collection.
Electronics,2,"Logitech G413 Backlit Mechanical Gaming Keyboard with USB Pass-Through (Carbon) G413 Mechanical Backlit Gaming Keyboard delivers unrivalled performance, technologies and features in a thoughtfully balanced design. Featuring Romer-Gswitches, G413 provides unparalleled speed, responsiveness and durability."
Books,0,"RHCSA & RHCE Red Hat Enterprise Linux 7: Training and Exam Preparation Guide (Ex200 and Ex300) About the Author Asghar Ghori is a seasoned Linux/UNIX consultant, trainer, and author. As a consultant, his 25 years of experience ranges from IT infrastructure deployment, support, and administration to architecture, design, and consulting. As a trainer, Ghori has designed and delivered numerous training programs. He has five books on UNIX and Linux to his credit. Ghori holds a bachelor of science in engineering and several certifications in Linux and UNIX."
Clothing & Accessories,1,"Kuchipoo Unisex Hoodies Grey This product is made from fleece and finished in an attractive grey color. It features long sleeve, hooded, zip closure and is targeted towards both boys and girls. Furthermore, it is recommended to be kept away from extreme heat, fire and corrosive liquids to avoid any form of damage."
Household,3,"STARVIN Aluminium 2000W Shockproof Waterproof Immersion Heater Rod with Hard Clay Technology Inside (Multicolour) High wattage 2000W, super fast heating. Shock Proof: complete safety due to advanced technology. ISI Marked: (adhering to maximum standards), Copper Element with Nickel Plating: for efficient performance and long life. Water Proof: all components are water proof, Convenient Bucket Handle: for easy usage. Than all other water heating options, Easy to use: continuous water supply not required unlike water heater."
Clothing & Accessories,1,Tinted Men's Cotton Blend Cardigan
Clothing & Accessories,1,faas Fedora Hat Grey & Goggle Combo Summer Gift for Boys & Girls Age 8 to 14 yrs.FH03S Faas presents the beautiful and stylish Hat and Goggle combo gift set for boys and girls for all occasion.Suitable age for this set is 9 to 14 years boys and girls.Enjoy your vacation and wedding parties with this combo.
Books,0,"The Politics Book (Big Ideas) Review Fascinating material, well presented (Jon Sutton The Psychologist (Review of The Psychology Book))"
Household,3,"NOVICZ Hanging Swing Chair for Balcony Jhula for Kids Adults Home Indoor Outdoor Garden FRR-XL-Whitecolor 1 Year Warranty Size:XL-Adults                                                                                 |                            Color:White Color   Novicz strong and durable home hanging swing chair. A relaxing hanging chair for your garden, balcony etc. A ""S"" clamp will be provided with the package for hanging on ceiling or tree trunk. 1 YEAR WARRANTY"
Books,0,Crime And Punishment 
Household,3,Nilkamal Plastic Premium Chair Set of 2 ( Brown) Plastic Chair for home and office. Color: Brown
Electronics,2,"HP 200 Wireless Mouse (Empress Red) Colour:Empress Red   It gives you the freedom to create without wires to tie you down. And our wireless mouse is contoured for either hand, so increasing your productivity is more effortless. It’s never been easier to go wireless for less."
Electronics,2,Seagate 1TB Backup Plus Slim (Black) USB 3.0 External Hard Drive for PC/Mac with 2 Months Free Adobe Photography Plan Color:Black                                                                                 |                            Capacity:1TB   1 TB PORTABLE SLIM HARD DRIVE USB 3.0
Clothing & Accessories,1,Karigari by Unlimited Girls' A-Line Regular Fit Salwar Suit Set (400017786544) Karigari SKD set for junior. This is made of 100% cotton cambric woven fabric.
Books,0,"Beyond Religion: Ethics for a Whole World About the Author Tenzin Gyatso, His Holiness the Fourteenth Dalai Lama, is the spiritual leader of the Tibetan people. His tireless efforts on behalf of human rights and world peace have brought him international recognition. He is the recipient of the Raoul Wallenberg Congressional Human Rights Award, the Albert Schweitzer Humanitarian Award, the Congressional Gold Medal, and the Nobel Peace Prize."
Clothing & Accessories,1,"Chalk By Pantaloons Boys' Regular Fit Trousers Beige colored solid trousers, featuring full length and regular fit pattern. Made from cotton fabric for maximum comfort."
Household,3,"Nice Goods Leatherette Office Arm Chair (Brown) This Chair Has Adjustable Seat Height, Wheels, Armrest, Swivel. Ideal For Home & Office Use."
Clothing & Accessories,1,"Montu Bunty New Born Woollen Cardigan With Cap & Socks Stylish and comfortable, this sweater is a combination of both. Made of wool this sweater has long sleeve v-neck and a regular fit. Easy to wash and maintain. Make your baby feel warm and cozy with this beautiful knitted wool sweater."
Clothing & Accessories,1,United Colors of Benetton Girls' Slim Fit Leggings UCB girls leggings slim fit pattern quilted sleeves neck/collars leggings with frill at hem composition 93% cotton 7% elastane
Books,0,"Nature, Garden and Forest: Colouring Books for Adults with Tear Out Sheets (Adult Colouring Book) About the Author Wonder House has a dedicated team of editors and designers involved in the development of magnificent and enriching children books. The team pays special attention to develop age appropriate content and does extensive research on every topic included in the book. Our mission is to develop highly informative content which will help the children to master different skills. At Wonder House, we strive to make learning a joy."
Clothing & Accessories,1,"BODYCARE Pure Cotton Plain Multi-Coloured Cycling Shorts for Girls & Kids (73C-Packof6) This product is made from cotton and finished in a attractive set of colors. Furthermore, it is recommended to be kept away from extreme heat, fire and corrosive liquids to avoid any form of damage."
Books,0,The Power of Your Subconscious Mind
Books,0,Java - The Complete Reference 
Books,0,Vyavasayik Evam Shaskiy Patra 
Clothing & Accessories,1,"BODYCARE Printed Girls Bloomer Pack of 6 from Bodycare Brings a new collection of Girls Bloomer Pack of 6, 100% cotton fabric with attractive design and stylish trendy look."
Electronics,2,"iBall FreeGo G18 Wireless Optical Mouse (Black) Aesthetically crafted in three stunning shades - black and gun mustard, black and dark silver, and full black. iBall FreeGo G18 is the perfect add-on to your keyboard. Sans the hassling tangles of wires, with 2.4 GHz wireless technology, FreeGo G18 assures you the smoothest of experiences, on every surface."
Household,3,"AmazonBasics Non-Slip Memory Foam Bathmat 18'' x 28'', Gray Color Name:Grey   Bath mat with thick memory-foam core offers a dry and luxuriously comfortable place to stand;Super-absorbent microfiber fabric soaks up water like a sponge; holds 4 times its weight in water;Gray color coordinates with a wide range of bathroom decors;Dries exceptionally fast; seams for easy folding and compact storage;Measures 18 x 28 inches; machine washable for hassle-free cleaning"
Books,0,Behtar Career Ka Chayan 
Clothing & Accessories,1,Mothercare Girls' Pyjama Set These bright and cute pyjamas featuring rabbit print all over are perfect for a comfortable night's sleep. These versatile pyjamas can also be mixed and matched to create other great looks for bedtime.
Clothing & Accessories,1,US Polo Kids Boys' Animal Print Regular Fit Polo T-shirt polo-fs stpr clr tee-navy fashion polo fsfull100% cotton
Clothing & Accessories,1,Nite Flite Girls' Dream Like A Unicorn Cotton Pyjama Set Make your little one look unapologetically cute in our cotton pj set from our unicorn collection! Features an easy-on-the-eye light grey top with a beautiful white and pink unicorn motif and 'Dream like a unicorn' graphic in black. Matching light pink pjs with cute unicorn doodles printed all over. Check out the same set for Women as well and you can buy a Mother-Daughter set! 100% cotton knit.
Household,3,"Aristo Chest of Drawers (Matte, Multi-Coloured, Sigma drawer 5) The product in display is made from plastic and is multicolored.."
Household,3,"SUPVOX 3pcs Floral Foam Brick Florist Blocks Wedding Car Flowers Holder DescriptionThis is a set of 3 pieces Wedding Car Centerpiece Sucker Base. Square sucker bottom equipped 5 sucker will firmly suck in wedding car, perfect wedding decoration, cater to the full-bodied holiday atmosphere, adds happiness for your wedding.Feature- Color: Green.- Material: Plastic.- Size: 12x12x9cm.Package Including3 x Flower Belt Wedding Car Sucker Wedding Car Wedding Supplies Car Decoration Wedding Party Supplies"
Clothing & Accessories,1,"InEssence© New Poly Georgette Ladies Wrap, Multiple colour choices, Large Oversized Maxi and Regular Hijab A British Brand, InEssence comes with quality and various choices in colours, fabrics, and sizes to fulfill your essential modest wear needs."
Clothing & Accessories,1,"Broadstar Women's Denim Dungaree Earn an all-access pass wearing dungarees by Broadstar. Made of denim, these dungarees will keep you convenient. Team them with a white or black coloured top to complete your casual look."
Electronics,2,"Dell Power Cable and 65W Laptop Adapter Charger 19.5V 3.34A with Pin 4.5x3.0 Mm -Combo for Inspiron 13 7348, 7352, i7352, 7353, 7359 17 5758, 575 Stop lugging your AC adapter back and forth between home and office. Get a second AC adapter for your notebook and keep one in the office and one for home or travel. The 65-watt AC adapter from Delltm is specially design to meet the power needs of your Dell laptop. Packed with of 65-watt power, this adapter enables you to simultaneously operate your system and charge its battery from electrical power outlets."
Household,3,"Aashi Enterprise EA Jumbo Adult Swing And Hammock Chair With Cushion Green/Blue This Adorning swing will help you combine entertainment and functionality. Featuring two adjustable positions of sitting and sleeping, this swing for Adults offers maximum comfort and safety. Made out of premium fabric, this Adults swing set offers a cosy feel to everyone, In India it's also famous with names of - Zula Jula Chair Swing Hickho Bethak"
Electronics,2,IO Crest SI-PEX40064 4 Port SATA III PCIe Controller Card (Green) 4 Port SATA III PCI-e 2.0 x1 Card
Household,3,"Phoneix 1 mm Elastic Cord Thread Beading String Cords, 100 Meters, Black Color Name:Black   Specifications:  Material: stretchy elastic cord covered with fabric Quantity: 1 Weight: 70 g Length: 100 meters/ 109 yards; Diameter: 1 mm Color: black   Package included: 1 x Roll of elastic beading thread"
Electronics,2,Silicon Power DDR4 2400MHz PC4-19200 Desktop Memory Module CL17 288 Pins(4GB) Highly compatible with different models of computers and motherboards using AMD and Intel platforms
Household,3,"Sunshine Furniture Kids Baby Miniature Handmade Wooden Chakla Belan Set with Rolling Pin and Board, Small (Brown) This product is made by Sunshine Furniture. It is unique identity and reputation.This product is made under good way and completely checked by professionals.Dimension of all of all products are approx. Colours may slightly changed.Because they are made by hands so might be little unfinished."
Electronics,2,BBC 8803 Gaming Cabinet With One 3.0 USB And Side Full Acrylic Panel Without SMPS BBC 8803 is the gaming cabinet its have more space as you can see in the pictures because the HDD fitting choice in the smps place you can see in the pictures. and its have on 33 led fan in front and you can add more fan as you want to add and its have one dvd rw and 2 ssd and 2 normal hdd 3.5 inch feature . its have cable management system . its also have the one 3.0 usb and 2*2.0 usb with side full ACRYLIC transparent panel
Household,3,"Furnitu Folding Tray Table Folding Camping Table - Iron Frame Manufactured Wood Top With A Contemporary Finish Folds For Easy Storage Outdoor The Quick-Fold Multi-utility Folding Table provides a perfect accent Table for all outdoor areas- Garden, Patio, Balcony or Swimming pool deck. Folds flat for out-of-the-way storage, making it the perfect accessory for camping or fishing trips. Use it in tight spaces, like dorm rooms where space is at a premium. Weighing in at 5 kgs,"
Household,3,Surya Heat-On HALOGEN HEATER 400W/800W/1200W 3 ROD 3 heat setting 400W / 800W /1200W 3 halogen rods Noise less operation Handle for mobility 180° rotation Tilt over switch for safety
Clothing & Accessories,1,Kritika World Women's Skinny Fit Jeans Kritika World follow you as you walk down the streets wearing this high waist skinny fit jeans for women by Fasnoya. This pair of jeans will keep you at ease all day long. Team it with a crop top and high heels for a stunning look.
Books,0,"Mossad: The Greatest Missions of the Israeli Secret Service About the Author Michael Bar-Zohar is a writer, public speaker, and former lawmaker. He is one of Israel's foremost experts on espionage and the official biographer of David Ben-Gurion and Shimon Peres. He also wrote the biography of Isser Harel, the legendary director of the Mossad, and coauthored The Quest for the Red Prince, which dealt with the bloody war between the Mossad and Black September."
Clothing & Accessories,1,Oddish Pikachu Hoodie/Pullover Winter Philips All Season Wear with Fur Ears for Girls/Boys Size Medium Pikachu hoodie is specially designed for pikachu and pokemon lovers. It gives you an electrifying as well as a cute look. Made with 100% cotton fabric and soft cotton ears. The hoodie is High quality screen printed. Fabric is durable and easy to wash.
Household,3,Anchor Stitch Kit-Sunset A range of over 300 D-I-Y kits with easy to make embroidery designs on canvas. Anchor Stitch kits contain everything you need to help you make your own special embroidery creation. Happy crafting
Books,0,Motorcycle Diaries: A Latin American Journey
Clothing & Accessories,1,Cherokee by Unlimited Girls' Regular Fit Shorts Cherokee kids dark-blue 3 by 4th bottoms made of 100% cotton twill having os-14
Books,0,Verbal & Non-Verbal Reasoning for Competitive Exams - SSC/Banking/Rlwys/Insurance/MBA/BBA/CLAT/AFCAT 
Household,3,Anchor Stitch Kit - Blossom Roses Teach your child the art of embroidery by getting him or her this DIY kit. Anchor Stitch kits contain everything you need to help you make your own special embroidery creation. Happy crafting.
Clothing & Accessories,1,"VOGARD Men's Belt (Black, Free Size) Genuine Leather Belts For Men. It'S A Black Color Belt With Glossy Finish And 3.5 Cms In Width. The Styling And Colour Of This Belt Reflect The Latest Season'S Trends. It Is Suitable For Casual, Formal Or Party Wear And Goes Well With Formal Pants, Khakis, Chinos And Denims. It Has Multi Holes With A Brass Pin-Hole Buckle."
Books,0,"Taparia MDT-81 Multi Purpose Digital Line Tester This durable line tester is very handy and easy to carry around and very safe to use . It has proper insulation and does not possess any harm to you. By pressing the upper button, one can know the DC voltage. To know the phase line, tester is placed on the PVC insulation of wire and a flash is displayed on the screen. To know the break point, tester is placed on the outside of the PVC insulation of wire, the breakpoint is known at the place where screen stops display of the flash."
Clothing & Accessories,1,"ahhaaaa Boy's Cotton Waistcoat, Shirt And Trouser Set This product is made from cotton. Ahhaaaa brings exclusive festive range for little infants. The range has been carefully crafted keeping the comfort of your delicate baby. So, grab this set of shirt, jacket and jeans and make you little baby centre of attraction this festive season."
Clothing & Accessories,1,GRITSTONES Round Neck Printed Top GSWPNTTP1950 Look confident with this Casual Top from the house of Gritstones. Pair it with denims jeans or shorts for a perfect evening or meeting
Clothing & Accessories,1,"Campus Sutra Women's Regular Fit Cotton Jacket Wearing this women's jacket from the house of Campus Sutra and its keep you warm in the cool season. This jacket is made of cotton, its fabric spells pure comfort and warmth. Fetch a casual and cool look for yourself by teaming it with a pair of jeans and sneakers"
Books,0,"Dhara Health Refined Sunflower Oil Jar, 5L Dhara health refined sunflower oil comes with the goodness of distinctive 'Low absorb technology' which means that the food cooked in it absorbs less oil."
Electronics,2,"Belkin USB 2.0& Firewire 6-Port Hub For Mac Mini Gains USB and FireWire front-loading ports for easy get entry to. Combines FireWire and USB technologies in a single hassle-free installation. Connects up to 4 high-speed, low-speed, or full-speed USB units. Provides 2 FireWire ports for your Mac mini.Primarily engineered to stack on prime of or underneath the Mac mini / Saves desktop space / Hi-Speed USB 2.0 and USB 1.1"
Electronics,2,"HP v237w 16GB USB 2.0 Pen Drive The practical construction which delivers professional business style. Electronic plating after printing technic. Lidless, compact design with integrated clip design. Temperature Proof, Shock-Proof, and vibration-proof."
Clothing & Accessories,1,NammaBaby Kid's Cotton Pajama Pant with Rib - Pack of 6 NammaBaby presents this pajama for your little kid. crafted from soft fabric for a comfortable and warm feel. The all over print on the solid color base makes it look attractive. The elasticated hem adds an element of stylish look to the pajama. Soft elastic waist gives proper fit while being soft on your kid's skin.
Clothing & Accessories,1,"Winter Windproof Fleece Full Face Neck Guard Masks Headgear Hat,Unisex Kids & Adult Multifunction Thermal Fleece Balaclava Hood Snood Ski Snowboarding Mask Cycling Hiking Teens(Gray) Color Name:Gray   Perfectly keep warm in cold winter.A must and great partner when walking in the street and snowfield.Both protect your mouth, ears nose and head.100% brand new and high quality. Item type: snow hat maskMaterial: fleece+polyesterColor: red, army green, graySize: one size(suitable for most people)Weight: 110g app. Package includes: 1 x snow hat mask"
Books,0,"Thea Stilton and the Spanish Dance Mission (Geronimo Stilton) Review Praise for Geronimo Stilton books: ""Lightning pace and full-color design will hook kids in a flash."" -- PUBLISHERS WEEKLY 				    	 					 About the Author Thea Stilton is a special correspondent for The Rodent's Gazette, Mouse Island's most famouse newspaper. A graduate of Mouseford Academy, Ms. Stilton loves traveling and adventures. Find out more at www.scholastic.com/geronimostilton."
Clothing & Accessories,1,"Devil Boy's Black PU Leather Belt Devil is the most trusted brand for belts. these belts are more reliable with a classic smooth designed,Stylish in every sense. Adjustable to waist size 28, 30, 32, 34, 36, 38, 40 to 42 ."
Books,0,"Computer Fundamentals, 1e "
Clothing & Accessories,1,"RC. ROYAL CLASS Kids Calf Length Stripped Cotton Socks (Pack of 5 Pairs) (2-10 Years) Royal Class brings one of the most premium socks for Boys & Girls, made from super soft combed cotton yarn and spandex for elasticity. These socks are designed in such a way to keep your kids warm in winters and cool in summers."
Household,3,"Fourwalls Synthetic Fabric Artificial Lily Flower Bunch (21 Flower Heads, White) Color:White   Pick from an extensive range of merchandise for your every household need. From artificial flowers, plants and vases to floral accessories like decorative wrapping materials, Fourwall's got them all in a variety of vibrant colors and designs."
Clothing & Accessories,1,"Kuchipoo Unisex Kids Hoodies This product is made from fleece and finished in a attractive blue color. It features long sleeve, hooded, zip closure and is targeted towards both boys and girls."
Clothing & Accessories,1,"Checkersbay Boys Cotton Shorts( 3BS00-GR-RB-NA Grey,Royal Blue,Navy) Pack Of 3 Checkersbay Boys Shorts made with good quality fabric. This shorts is suitable for walking, workouts, playing games, shopping and night wear also."
Books,0,365 Tales of Indian Mythology 
Electronics,2,"AmazonBasics 15.6-inch Laptop and Tablet Bag, Black Size name:15.6-Inch   Convenient, comfortable and easy to carry, the AmazonBasics laptop and tablet case is a slim bag designed to protect your electronics, hold laptops and other accessories."
Books,0,Little Red Hen (Read it Yourself Level - 1) 
Household,3,"MBTC Familo Stripe Folding Living Room Chair in Black (Set of 2) The Quick-Fold Multi-utility Folding Chair provides a perfect accent chair for all outdoor areas- Garden, Patio, Balcony or Swimming pool deck. Folds flat for out-of-the-way storage, making it the perfect accessory for camping or fishing trips. Use it in tight spaces, like dorm rooms where space is at a premium. Weighing in at only 4.5 kgs , it easily supports up to 150 kgs."
Clothing & Accessories,1,"American Crew Women's Slim Fit White Jeans Your Favorite slim jeans from American Crew Jeans, updated with soft and stretchy fabric in Ultra White Wash to brighten your day! Flaunt stunning denim style in these full length, mid Rise,Slim Fit jeans from American Crew"
Household,3,"XIUFEN Humidifier Filter Bacteria and Scale Filter or Philips HU4801/HU4802/HU4803 Humidifier Parts Description: Item type: Humidifier Filter color: White Suitable for: Humidifier  Weight: 80g Instructions for use: Installed on a Humidifier Package Include: 1 * Filter Note: Cold water intake can not use hot water. We provide you with the best product and service, if you have any problem, please let us know, and we will solve the problem ASAP. Thank you so much."
Books,0,"Suppandi - 3: The Laughter Never Ends About the Author Rajani Thindiath is a writer and an editor at Tinkle, a division of Amar Chitra Katha, India’s first english-language children’s comic book. She has a degree in psychology and diplomas in animation and journalism. Rajani writes and edits some of the most popular characters of Tinkle like Suppandi, Kalia the crow, Shikari Shambhu, and Tantri the mantri."
Books,0,"35 JEE Main Online & Offline Physics, Chemistry & Mathematics Topic-wise Solved Papers "
Electronics,2,"Lenovo ADLX45NDC3A ADLX45NLC3A ADLX45NCC3A 0C19880 ADLX45NCC2A Laptop AC Adapter Charger Power Cord Lenovo laptops fit any budget while offering many designs and features from basic family laptops, to high-performance gaming notebooks, to stylish multimode devices with smart designs that adapt to your needs. Match a laptop to your lifestyle."
Clothing & Accessories,1,Simandra Fashion Girl's Banglory Silk Semi-Stiched Gown (Kids_7-12 Years_Free Size)…
Books,0,"Ketogenic Diet Cookbook: 24 Low Carb Ketogenic Diet Recipes for Ultimate Weight Loss, Metabolism Boosting and Healthy Living "
Books,0,STOK ST-MC01 Notes Counting Machine with FakeNote Detector for Old and NewNotes
Household,3,Ashiyanadecors Artificial Flowers Basket Orange Yellow Natural Looking for Home & Garden Décor Color:Orange Yellow   These plants are about the size of your hand and really accent any area well. The greenery looks really lifelike and the stone base is well made.
Electronics,2,LXOICE Water-Resistant Nylon Laptop Sleeve 15.6 with Handle (Grey)
Household,3,"MosQuick® Ceramic Mug, Coffee Mug, Tea Mug with lid and Spoon, Different Sayings (Blue Color) Smart & stylish ceramic beverage mug with a protection lid or cover and a stirring spoon, can be used to drink coffee or tea at office and home and it is a must have for any kind of beverage lovers."
Books,0,A Corner of a Foreign Field: The Indian History of a British Sport 
Books,0,"My First 100 Words About the Author Wonder House has a dedicated team of editors and designers involved in the development of magnificent and enriching children books. The team pays special attention to develop age appropriate content and does extensive research on every topic included in the book. Our mission is to develop highly informative content which will help the children to master different skills. At Wonder House, we strive to make learning a joy."
Books,0,"LUVINA Velvet Soft Air Inflatable Travel Pillow for Family (Navy Blue) - Set of 2 Intex travel pillow in soft velvet flocked finish. Relaxation while travelling. You can use it yourself or gift it to friends / relatives / colleagues, especially who travels a lot. See the smile on their face for your thoughtfullness. Colours available - Navy Blue. Safety valve prevents air leakage. Comfortably supports neck and head to help avoid from tire, cramped neck muscles."
Clothing & Accessories,1,Kid's Care High Neck Full Sleeves T-Shirt(Black) Kid's Care presents full sleeves T-Shirt for your little one. Trendy 'Kid's Care' print and ribbed cuffs makes it attractive and stylish. High neck adds elegance to its style.The fabric of the cloth will keep your kid comfortable and warm all day long.
Household,3,KitschKitsch® 12pcs Baby Safety Corner Protector 90 Degrees for Sharp Corners of Tables Dressers Drawers Cupboard Cabinet Fridge (White)
Household,3,"Saanvi Creations Stainless Steel Double Side Round Peg Measure Bar Tool 30/60ML Stainless Steel Peg Measure Cups for Measuring Bar Drinks. One Side Measures 30 ml, While The Other Measures 60 ml. Essential Bar Accessory for Making Cocktails, Liquor Drinks. A Necessity for Modern Lifestyle. A Must-Have for All Bars, Homes and Restaurants."
Electronics,2,Tradico® US AC/DC Power Adapter Charger Cord For Kobo VOX eReader Item name: us ac/dc power adapter charger cord for kobo vox ereader
Books,0,Apprenticed to a Himalayan Master: A Yogi's Autobiography
Books,0,"Food Production Operations About the Author Parvinder S. Bali is Programme Manager, Culinary Services, at the Oberoi Centre of Learning and Development (OCLD), New Delhi. He is a certified hospitality educator from the American Hotel and Lodging Association (AHLA), a certified professional chef from the Culinary Institute of America, and also a certified Chef de Cuisine from the American Culinary Federation."
Electronics,2,AmazonBasics DisplayPort to DisplayPort Cable - 3 Feet Size name:3 Feet   AmazonBasics DisplayPort to DisplayPort Cable - 3 Feet
Books,0,Be a Network Marketing Millionaire 
Books,0,"24 Years' Chapterwise Solved Questions IAS Pre General Studies Paper I About the Author An editorial team of highly skilled professionals at Arihant, works hand in glove to ensure that the students receive the best and accurate content through our books. From inception till the book comes out from print, the whole team comprising of authors."
Household,3,Racold Eterno 2 SP 10-Litre Vertical Water Heater (White and Blue) This geyser has instant heating quality and hold upto 10 litres of water . Has a super polymer coating which ensures no contamination and provides hygienic water supply for years. Its high pressure withstanding capacity (8 bar) makes it suitable for high rise buildings and for high pressure pump applications . The geyser also has a automatic overheat cut off so you need not stand and monitor your geyser now !
Household,3,"Bluewud Noel CT-NO-SQW Coffee Table with Shelves (Wenge) Color:Wenge   Bluewud designs, manufactures and markets range of innovative and contemporary furniture and home decor products. Our designs complement and connect with our consumers' lifestyle, imagination and aspirations. Our manufacturing facility in India is located in Noida, Delhi NCR which is completely equipped with state of the art machinery."
Clothing & Accessories,1,"InduIn Dinosaur Costume for Baby, Newborn Boy Girl Hooded Romper Jumpsuit Outfits Pajamas Size Chart For Baby (Unit:cm/inch/1 inch = 2.54 cm)"
Electronics,2,"HP LaserJet Pro M126nw Multi-Function Monochrome Laser Printer Print your documents directly from smartphone.The HP M126nw Laser Jet Pro MFP Printer has many other features that make is an ideal, future-ready printer. The LaserJet Pro Printer by HP delivers crisp and clear content with a resolution of 600x600 dots per inch."
Clothing & Accessories,1,"Probiker Half Finger Motorcycle Riding Gloves (Black, XL) Probiker Half Finger Motorcycle Riding Gloves (Black, XL)"
Electronics,2,"M.G.R.J HD+ 9H Hardness Toughened Tempered Glass Screen Protector for iBall Slide Brace -XJ Tablet (10.1"" inch) Compatible with iBall Slide Brace X1 Tempered Glass Screen Protector offer comfort in the hand and compatibility with most protective cases. 99.9% touch-screen accurate with [3D Touch Compatible]. 9H hardness glass maximum protection from high-impact drops,scratches,scrapes,and bumps. [ Easy To Install ]"
Household,3,Lepose Metal Key Manager/Key Organizer/Key Box(48 Keys) Lepose Metal Key Manager/Key Organizer/Key Box(48 Keys) is a must have with durable build and unprecedented multi faceted usage.
Household,3,"Am Goelx Crystal Swarovski Colorful Jewelry Making Beads, Size 8mm Crystal swarovski colorful beads for jewelry making. Pack of 100 crystals in different colors"
Electronics,2,Maxbell Wireless Laser Powerpoint PPT Presenter Slide Changer Controller With USB Receiver Battery Indicator For Windows Mac PC (With Carry Pouch)
Clothing & Accessories,1,Naughty Ninos Crepe Cut-Out Dress Simple and elegant Maroon party dress from the house of naughty ninos. The dress is made with soft poly crepe and is lined with soft cotton for comfort. The dress has a back zipper opening. All your princess need is a pair of bellies and she is ready to be the star of the evening.
Household,3,"Spacewood Texas 2 Door Wardrobe (Woodpore Finish, Natural Wenge) This wardrobe is made of superior quality engineered wood. The wardrobe comes with mirror and has 3 storage shelves with hanging rod."
Electronics,2,"iBall Slide Enzo V8 Tablet (7 inch, 16GB, Wi-Fi + 4G LTE + Voice Calling), Coyote Brown"
Clothing & Accessories,1,"Phenovo Baby Unisex Polka Dots Bucket Hat (Yellow) This bucker fishman hat for kids is made of cotton material and feels soft, comfortable and protect your little baby from the sun while wearing. Fashionable design with polka dots makes your baby more cute. It makes your baby feel comfortable when wearing it. Protect your boy/girl from the sun. Also,this polka dots hat imakes for a nice photograph props when you are on holiday. the package includes: 1 x toddler bucket hat."
Books,0,"Who Will Cry When You Die?: Life Lessons from the Monk Who Sold His Ferrari About the Author Robin Sharma is one of the world's premier speakers on leadership and personal mastery, recently named one of the World's Top Leadership Gurus. Sharma's books such as The Leader Who Had No Title have topped bestseller lists internationally and his social media posts reach over six hundred million people a year."
Electronics,2,Robocraze JoyStick Module PS2 RC-A-040 engineer student research development hobby college school college robotics;PC Gaming Peripherals sensor senosr microcontroller joy-stick
Clothing & Accessories,1,"BODYCARE Pure Cotton Plain Black Cycling Shorts for Girls & Kids (73B-Packof6) Bodycare brings a new collection of girls shorty with 100% cotton fabric. Easy to comfort, highly streachable."
Clothing & Accessories,1,"My NewBorn Baby Boy's Cotton Kurta Pyjama Set Brighten up your little babies and grown up boys wardrobe with traditional Dhoti Kurta Set from MY NEWBORN . Minimal designed Kurta and soft elastic waist dhoti gives this set an elegant, traditional and ethnic look. Made from soft fabric, which ensures maximum comfort all day long."
Books,0,Mathematics for Joint Entrance Examination JEE (Advanced) Coordinate Geometry 
Electronics,2,HP 16GB Class 10 MicroSD Memory Card (U1 TF Card 16GB)
Clothing & Accessories,1,"Steelbird 173609 Adonis Dashing Full Face Helmet (Black and Red, L) Size:Large (60cm)                                                                                 |                            Colour:Black and Red   Steelbird full face helmet."
Clothing & Accessories,1,"Voberry Baby-boys Bow Ties, Pre-Tied Striped Bow Tie Necktie With djustable Strap (A) Package Content:  1PC Elastic Tie Necktie  If you have any question about our goods, pls feel free to contact with us and we will supply you best after-service, thank you!  Thank you for visiting,have a nice day!"
Clothing & Accessories,1,"Krystle Men's Woollen Gloves (Black, Free size) Treat hands to ultimate softness this winter with a pair of thick woollen gloves. These pure woollen gloves will last season after season. Our woollen gloves feel luxuriously soft on hands, giving you a warm, close fit."
Clothing & Accessories,1,"BLACK BRAIDED CASUAL HAND MADE BELT FOR WOMEN/GIRLS This product is made from synthetic and finished in a attractive BLACK color. Add a stylish element to your look by getting this Jainsons belt that is brought to you from the trendy collection of Jainsons. Crafted from the finest quality material. It is comfortable to wear with an eye catching design and alluring colour. This piece will go well with almost every type of attire.belt width is 2.5cm, total length of belt is 110cm from top to end."
Electronics,2,iBall Storm Tower Computer Case (Blue) Size name:Storm Cabinet   Redefine your gaming experience by opting for this iBall Storm Gaming Cabinet. It has a transparent side panel along with an LED fan that makes it look appealing.
Household,3,TCLPVC High Balcony Protective Heavy Bamboo Indoor Outdoor Curtain Brown Double Cloth Heavy 48 Inch X 84 Inch Or 4/7 Feet W/H for Cloud Balcony Code – 22 TCLPVC High Balcony Protective Heavy Bamboo Indoor Outdoor Curtain Brown Double Cloth Heavy 48 Inch X 84 Inch Or 4/7 Feet W/H For Cloud Balcony Code – 22
Books,0,"Operating Systems in Depth About the Author Professor Doeppner is an associate professor of computer science at Brown University. His research interests include mobile computing in education, mobile and ubiquitous computing, operating systems and distribution systems, parallel computing, and security."
Electronics,2,Redgear Skunk Gaming Keyboard with RGB Back Light Illumination Make a reliable connection between your desktop or laptop computer and Gaming Keyboard via its gold-plated USB connector. You can also move about more freely with the 1.8 m long cable of the Gaming Keyboard that does not hold you down at one spot. The compact device and light weight providing you the comfort of an easy handling and a seamless typing experience.
Electronics,2,"HM DISNEY Winnie The Pooh Character 4.7 GB DVD-R Media (Pack of 50 Pieces) This DVD offers wide compatibility, stable writing and temperature adaptability. Optical media 4.7 GB and 120 Min 50 pkt (FT). Now make you office a more fun place to work at"
Electronics,2,atoz prime 30/45/60 Degree Vinyl Cutter Blade for Roland Cutting Plotter with Holder-15 Pieces It has 15pcs 30/45/60 degree vinyl cutter blade for roland cutting plotter with holder specification: material tungsten steel quantity 15(5pcs in each type) degree.
Clothing & Accessories,1,"Broadstar Women Denim Black Jeans Take A More Relaxed Approach Towards Fashion Wearing These Colored Jeans From The House Of Broadstar. Made Of High Quality, These Jeans Will Keep You Comfortable The Entire Day. Club These Jeans With A Shirt And Peep Toes For A Stunning Look. A Stylish Enhance Your Class, These Jeans Are Perfect For Special Outing As Well As Party Also, And This Jeans Are Stretchable And Soft Against The Skin."
Electronics,2,Sony Microvault 32GB USB Drive (Black) Backing-up data is a breeze with the 32GB Micro Vault Classic USB flash drive. Its black body surface creates a simple and stylish look and it comes with an extra large straphole for easy attachement.
Books,0,"A Critical History Of English Literature - Volume I & Ii (combo Pack) Professor David Daiches’ Critical history gives the reader a fascinating insight into over twelve centuries of great writing. With enormous intelligence and enthusiasm, he guides the reader through this vastly complex and rich tradition, finely balancing historical background with highly informed criticism. Daiches’ groundbreaking work is essential reading for Students, Scholars & lovers of literature."
Household,3,Disney Cars Flip Out Mini Sofa for Kids (Multicolour) 2 in 1 inflatable Cars sofa and lounger for kids - Comfy mini sofa flips out into a fun lounger - ideal for daytime napping - Soft & cosy machine washable cover - Quick and easy inflation - Great for watching TV - Easy to deflate for compact storage - for ages 18 months and over.
Books,0,OneAssist 1 Year EW Pro + Plan for Home Theatre in 3000 to 5000 Range 1 Year EW Pro+ plan for Home Theatre in 3000 to 5000 range
Books,0,"Society CTC Dust Tea, 500g Crushed, twisted and curled each tea leaf is carefully picked to create and amalgamation of exquisite aroma and taste. The CTC process ensures that the Society tea offers the perfect infusion of rich color and strong flavor providing each customer a cuppa to cherish.."
Electronics,2,Generic Replacement Keyboard for HP Pavilion Models This laptop keyboard is compatible with HP and Compaq models. It has sturdy built and ensures matchless performance.
Household,3,MBTC Estrella Office Executive Director Desk Chair in Black ❖BONDED LEATHER OFFICE CHAIR: This executive chair upholstered in bonded leather which provide ultimate comfort sitting experience. The high back design gives you maximum lumbar support for comfort and convenience. The chair has soft padding and waterfall seat edge for less pressure on the back of your legs so you can stay comfortable even when you have to sit down for hours
Household,3,"Silverlight Candles Floating Paper Oil Wick (Pack of 400 Pieces) Manufacturers, of Silverlight Candles, tealight candles, spiral candles, wax rings, paraffin wax, gel wax, microcrystalline wax, incense sticks, sealing wax, floating oil wicks and industrial wax products."
Clothing & Accessories,1,Voberry Unisex-Baby Fashion Cat Ears Hip Hop Baseball Hat for 2-7 Years Old Baby White 1 Color:white 1   New Kids Baby Children Cat Ears Cartoon Pattern Hip Hop Baseball Cap
Household,3,Ganpati Creation Exclusive Imported Baby Sitter/Sofa Chair ( Cute Pink Cat ) GANPATI CREATION USE HIGH QUALITY MATERIAL FOR KIDS TOYS & BABY SOFA CHAIR .Ganpati Creation Exclusive Imported Baby Sitter/Sofa Chair USE IMPORTED FABRIC AND FILLING WITH RELIANCE FIBER. BABY SOFA CHAIR SIZE 40X60CM BEST USE AGE 2 TO 3 YEAR KIDS
Household,3,"Lazer Halogen 1000-Watt Room Heater (Grey/Cherry Control Panel) Manufactured by strong and dedicated R and D for each product category consisting of over 100 high quality products, first in appliances industry to have been awarded international quality certificate iso901 and ISI certification in1996"
Clothing & Accessories,1,A.R.Sundaram Fashion Women's Velvet Lehenga Choli (ARS-81 _Blue_ Free Size) Shop from a wide range of beautifully crafted lehenga cholis from A. R. Sundaram Fashion. Pair this piece with heels or flats and matching jewelry for a stunning look.
Clothing & Accessories,1,"Arrow Fashion Baby Girl Net Lehenga Choli (Green & Orange) Material: cotton silk, Color:Green & Orange, Occasion: Casual Package Content: 1, Lehenga Choli Care Instruction: Dry Clean."
Household,3,Ozoy Car Inflatable Bed Kit
Clothing & Accessories,1,"US Polo Association Men's Skinny Fit Jeans U.S. Polo Assn. jeans is the authentic and official brand of the United States Polo Association. The U.S. Polo Assn. brand captures the authenticity of the sport, while embracing the genuine spirit known throughout the world as classic American style."
Clothing & Accessories,1,Splash - Baby (Unisex) Winter wear Lower/Bottom. Unisex lower for kids / boys/Girls
Household,3,"Dr. CHARCOAL Non Electric Air Purifier, Deodorizer and Dehumidifier for Living Room, Kids Room, Bedroom, Pet Areas - 500 Grams (Modish Neel)"
Books,0,Postgraduate Urology Entrance Review (PGIMER): Fully Solved Question Papers 2015-2001 (PGMEE) About the Author Yogesh Rameshrao Barapatre MBBS MS (Surgery) MCh (Urology).
Household,3,"Ecowoodies Bamboo Nettle Eco-Friendly Handicraft Cane Wood Furniture Set (2 Chairs and 1 Table) Long life eco-friendly comfort chair made up of environmental safe material and also fully safe to use in living and garden area. It can be used for study and playing indoor activities. Weight bearing capacity ranges from 0-100 kgs. It is lightweight and durable. Since cane is used as primary material, it does not require enough cleaning and maintenance cost. Average life of chair varies upto 10 yrs which is one of the key advantage of it compared to chairs available in another material."
Electronics,2,AC cartridge Toner cartridge Canon use LBP2900B/3000 printer AC 303 Toner Cartridge (2000 pages) For Canon LaserJet that will take over all the pain from printing and you will get high number of outputs from your Canon LaserJet. This high-quality product packs one months warranty against manufacturing defects. use Compatible Printer Models : LBP2900B /3000
Books,0,Kiran’s Bank Clerical Solved Papers for IBPS Bank Clerk CWE 2018 English - 2192 
Electronics,2,Zebronics Joy Wired USB Optical Mouse for Laptop / Computer Joy is an optical mouse designed ergonomically. It has 3 buttons and is a high precision mouse with 1200 DPI. It has an accurate optical sensor and easy to plug and play.
Clothing & Accessories,1,"L.A Girl Lip Liner Pencil, Coral, 1.3g Get great lip definition with our lip liner pencils. With the most extensive colour selection available, you will have the variety you desire all year round."
Clothing & Accessories,1,"RC. ROYAL CLASS Unisex Boy's Girl's Full Length Soft Cotton Socks - Pack of 5 RC. ROYAL CLASS pure cotton socks for boys and girls in assorted colors, made from soft cotton yarn and spandex for stretch and elasticity. Very soft cotton socks for kids, from age group 1- 16 years. Do not iron or bleach. Hand wash only."
Clothing & Accessories,1,"GOODTRY Women's Cotton Hoodies-Grey Melange Look cool wearing this grey melange coloured Hooded sweat shirt from the house of Goodtry. Made from Premium cotton, this Sweatshirt will stay extremely soft against your skin. Featuring a smooth finish and attractive Contrast rib Available in Hood and Pockets. this hooded shirt can be clubbed with denims for a sporty look."
Household,3,"Santosha Decor Stool Set (Design 1) Give Your House A Beautiful Look With This Set Of Nesting Stool. This Brand Brings You In The World Where You Can Find A Various Amazing Varieties Of Furniture. This Set Of Stool Comes In A Package Of 3 Stools. Stools Having Three Sizes Will Give You Enough Space For Decoration And You Are Not Using Them, You Can Store It In Area With Minimum Space. This Set Of Stool Carries Natural Walnut Finish Which Makes It More Shiny And Glossy And Gives It A Smooth Soft Touch. Use Them For Sitting Or For Keeping Your Decoration Item At Your House Or Office."
Clothing & Accessories,1,"Kassy Warm Original Thermal Insulated Socks - Unisex (Men/Women/Boys/Girls), 2.4 TOG Rating with Extra Cushioning & Padding, Comfortable Fit & Adjustable Size, Black Locks the heat In! Winter warmers – 2.8% wool, 93.4% Acrylic, 2.5% Polyamide, 0.9% Elastane, 0.4% Spandex. TOG RATING 2.4, each sock has been carefully padded and cushioned to ensure that your feet are surrounded by warmth. This increases both the comfort and special fitting for the sock. Locking the heat in. and the cold out."
Clothing & Accessories,1,"KEDARFAB Women's Cotton Silk Embroidery Lehenga Choli with Blouse Piece (Free Size, Blue Pink)"
Books,0,"The Better Angels of Our Nature: Why Violence Has Declined About the Author Steven Pinker is Harvard College Professor of Psychology at Harvard University. A two-time Pulitzer finalist and the winner of many prizes for his research, teaching, and books, he has been named one of Time's 100 most influential people in the world today and Foreign Policy's 100 Global Thinkers. He lives in Cambridge."
Household,3,"MBTC Forio Wooden Kitchen Cafeteria Stool Home Office Stool (Set of 5) Who would have though such a small Stool could pack such a punch? The detailed construction of our Forio Stool is rounded out with their intersections, creating the allover tufted look. Made in Malaysia; fully assembled. To clean, wipe with a dry cloth."
Clothing & Accessories,1,Edifier Black Leather Belt for Men Thank you for being our valued customers. We are grateful for the pleasure of serving you . We wish you a beautiful Thanks giving and a joyous year's end. Kindly rate us to know about our product & Give your valuable feedback Warm wishes. Edifier
Books,0,"Harry Potter - A History of Magic: The Book of the Exhibition About the Author This richly researched and fascinating exploration of magical history is written by the British Library’s curatorial team and essayists Steve Backshall, the Reverend Richard Coles, Owen Davies, Julia Eccleshare, Roger Highfield, Steve Kloves, Lucy Mangan, Anna Pavord and Tim Peake."
Household,3,TrustBasket Oval Planter Set of 2 Ivory color 12*7 inches
Electronics,2,"AmazonBasics RJ45 Cat7 Network Ethernet Patch/LAN  Cable - 7 Feet,White"
Books,0,Sense & Sensibility 
Clothing & Accessories,1,"BODYCARE Disney Printed Girls Panty Pack of 6(Color & Print May Vary) Bodycare Brings a new collection of Girls Disney Printed Panty Pack of 6, 100% cotton fabric with attractive design and stylish trendy look."
Household,3,"Satyam Kraft Vintage Assorted Pendants Charms (30 Piece) A wonderful set of Vintage Bronze Charms Pendants Each bag of 100 g charms ( approx. 30 pcs ) is for a random selection,very similar to the charms depicted in the photo Can be used to make necklaces,bracelets,anklets,other jewelry projects,steampunk creations,wedding decorations,and scrapbooking Can be used as decorative zippers,also be used as other hand-crafted creative DIY accessories"
Electronics,2,PILOT 12CC Paper Shredder PILOT Cross Cut - 4mm X 33mm
Books,0,"TRB Lecturers physics (govt.polytechnic colleges) Unitwise Study Materials, Objective Type Q&A, Previous Year Exam Solved Paper Unit : 1 - Mathematical Methods Unit : 2 - Classical Mechanics And Relativity Unit : 3 - Quantum Theory And Its Applications Unit : 4 - Electromagnetic theory Unit : 5 - Thermodynamics And Statistical Mechanics Unit : 6 - Atomic And Molecular physics Unit : 7 - Condensed Matter Physics Unit : 8 - Nuclear And Particle Physics Unit : 9 - Electronics Unit : 10 - Experimental Physics Model Paper With Detailed Answer 2012 Exam. Solved Paper"
Clothing & Accessories,1,"Urban alfami faux leather reversible belt, formal belt for men black belt, 1 Year guarantee, gift for gents, black belt, brown belt"
Electronics,2,SanDisk Ultra A1 16GB Class 10 Ultra microSD UHS-I Card with Adapter (SDSQUAR-016G-GN6MA) Size name:16 GB   The SanDisk ultra microSDXC UHS-I card is perfect for recording and watching full HD video
Clothing & Accessories,1,"Wake Up Competiton Full Sleeve Solid Boy's & Girl's Sweatshirt Make your kid look uber cool and trendy as you dress him up in this sweatshirt from the house of Wake Up Competition. Made of fleece, this sweatshirt for boys is super comfortable to wear. Featuring regular fit, this sweatshirt will become your kid's instant and warm."
Clothing & Accessories,1,Olele® Printed Dungaree and Jumpsuit for Boys | dungaree for kids boys | kids jumpsuit for boys 3year | jumpsuits for baby boy | jumpsuits for boys stylish | boys corduroy pants | corduroy pants kids | kids dungaree for boys 4-5 years | dungaree and jumpsuits | dungarees for toddlers | kids dungarees | boys dungarees | jumpsuits for kids | boys denim dungaree | denim dungaree kids | kid jumpsuits for boys | kid jumpsuit boys | dungarees for toddler jumpsuit | (T-Shirt Not Included)
Household,3,"Asian Hobby Crafts Flowers Roses for Decoration Purposes, 12 Pcs x 12 Bunch Size: 1.5 cm (Multi) Color Name:Multi   AsianHobbyCrafts Handmade Artificial Foam are specially designed for Accessories ,DIY Craft & Party Decorations. These Flowers Come In A Wide Range Of Colors, sizes and designs. With life like And Soft Touch and a thin Gauze and Paper Wired Stem Detailing, they provide an elegent and beautiful look to wherever they’re placed .These Are Perfect Additions To Wedding Flowers, Bouquets, Kissing Balls, Wrist Corsage, Tiara decoration, Able Centerpieces Buttonholes And Wedding Cakes."
Household,3,Unique360 Wix Out Door Four Seater Garden Patio Set 1+4 (4 Chairs And Table With Glass Set) -Its A unique Out door set With 4 chairs one Table -Material: Frame Of Wrought Iron And Rattan Weave -Care:Resistant To Both Sun And Rain -Color: Brown -Durability:Non- Breakable and Easy to handle Lightweight and durable Long Life and Eco -Friendly for Environment -Location :Furniture Chair Table Set For Living Room and Garden/Lawn
Books,0,CLAT 12 Practice Papers 
Electronics,2,Quantum MST-1011-2 USB Gamepad Remote Joystick (Black) Remote joystick QHM7468-2VA is engineered to perfection and is black in colour. Remote joystick qhm7468-2va is engineered to perfection and is black in colour. Item weight: 240g. Quantum Remote Joystick QHM7468-2VA in black.
Electronics,2,Antennas and Wave Propagation - SIE 
Electronics,2,Toshiba 2006/2507 Upper Fuser Roller Toshiba 2006/2507 Upper Fuser Roller
Electronics,2,HP Sprocket Plus Instant Photo Printer (Red)
Electronics,2,"Philips SPA-30 2.0 Channel Multimedia Speakers System (Black) Get hooked to good portable music with the Philips SPA-30 2.0 Laptop/Desktop speaker. This product comes with exciting features such as 1 year warranty, 2.1 channel output and much more."
Clothing & Accessories,1,"FASHION LINE BLACK NAVY AND GREY BOY SHORT PANTY FASHION LINE brings you boy shorts panty, this panty gives you a stylish looks and a comfortable fit both day and night............(FASHION LINE AND DREAMDROP ARE THE REGISTERED BRANDS OF DEWAN FIBRES AND ARE TO BE SOLD BY DEWAN FIBRES ONLY. WE WILL NEVER AUTHORIZE ANYOTHER SELLER TO SELL OUR BRAND...SO BUY ORIGINAL FASHIONLINE AND DREAMDROP BRAND PRODUCT FROM DEWAN FIBRES(PLEASE CHECK SELLER NAME IT SHOULD BE DEWAN FIBRES ONLY) ."
Electronics,2,"HP DeskJet 4729 All-in-One Ultra Ink Advantage Wireless Colour Printer Print thousands of pages with ultra-high-yield Original HP ink cartridges-for less. Your device, your choice. Easily print documents and photos from a variety of smartphones and tablets. Print everyday documents with sharper lines, darker blacks, and reduced smudging on ColorLok papers. Functions: Print, copy, scan, wireless. Orderable Supplies: HP 46 Black Ink Cartridge (~1500 pages); HP 46 Tri-color Ink Cartridge (~750 pages)."
Household,3,"Gillette Classic Regular Pre Shave Foam, 418g with 33% Extra Free Gillette Regular Foam has an extra rich, creamy lather that spreads evenly and rinses easily to leave skin feeling soft and smooth. It features Gillette Comfort Glide formula—including glycerine—to hydrate and special lubricants to enhance razor glide for a smooth, comfortable shave."
Household,3,"BOIS ART Rosewood and Sheesham Wood Console Bedside End Table for Living Room with Curved Legs, Standard Size (Dark Brown) Get the best solid sheesham wood furniture with resonable rate. Must get furniture to make your home attractive. Made of good quality solid wood which gives strength and durability to your furniture. Elegant finishing gives your furniture the classy touch."
Books,0,"Hacking: Beginner's Guide to Computer Hacking, Basic Security, Penetration Testing (Hacking, How to Hack, Penetration Testing, Basic security, Computer Hacking) "
Household,3,"Curio Centre Home Swing (135 cm X 57 cm X 43 cm, White) Curio Centre Cotton Home Swing (135 Cm X 57 Cm X 43 Cm, White)"
Electronics,2,"Verbatim CD-RW 700MB 2X-4X Surface, 25-Disc Spindle 95169 Style name:25-Disc Spindle   Password protection software to protect sensitive data available for download. Plug and play: no software to configure. Retractable USB connector means no cap to lose.."
Books,0,Communist Manifesto: Social Contract (Professional Growth Series)
Clothing & Accessories,1,"Splash - Baby (Unisex) Winter wear Set - Upper & Lower, Round Neck, Full Sleeve *Baby (Unisex) Winter wear Set - Upper & Lower. *Round neck. *Full Sleeve. * Color - Black, Grey, Off - White. * Upper - Round Neck Full Sleeve. * Lower - Full. * Pack - 2 Product (Upper & Lower) * Winter Wear. * Slim Fit."
Books,0,PMT Theratrac Lumbar Traction Brace â€“ XXLarge(45-49â€?)
Household,3,"PAffy Steel Portable Multi Utility Shoe Rack with Cover, 12 Layer, Multi-Color Good to look at and awesome for its functionality, PAffy brings you the best range of quality solid wood and modular furniture right to your doorstep, wherever you are. Whether you are looking for wooden furniture for your living room or a new set of swings for your outdoors, you will find hundreds of options across a wide price range. Apart from furniture, they also serve your basic home furnishing, decor and kitchen needs."
Household,3,Blueair 211 Air Purifier Filter (White)
Electronics,2,"HP 15 Intel Core i3 7th Gen 15.6-inch Thin and Light Laptop (4GB/1TB HDD/DOS/Jet Black/1.86 Kg), BU034tu Power through your day with a stylish laptop created to keep you connected, and on top of everyday tasks. With reliable performance and long lasting battery life - you can easily surf, stream and stay in touch with what matters most."
Household,3,"Reglox SW05 Sewing Travel Kit Reglox :- Sewing threads with necessary supplies for multipurpose use.A must item in everybody's home. Can sew anything from last minute buttons to beautiful patches. 24 different colors according to need. Superior quality thread with needed sewing supplies. A perfect last minute travel kit with everything in a fancy thread box. This kit includes- 1 Thread Box , 24 Multicolor Thread Spools, 1 Needle Set, 1 Measuring Tape(assorted), 1 Thread Cuther , 1 Small Scissor(assorted),1 Pauch Dress Hooks, 1 Tailor Chalks(assorted)."
Household,3,"Spread Spain Trolley Bar/Serving / Kitchen Trolley (STR - 908) Size:Standard                                                                                 |                            Color:Transparent   Having 4 tier serving trolley with ample space for drink bottles & accessories, we are willing to replace it, if the product is in good sellable condition and is in packaging.We are responsible for any manufacturing defect and in such case the product will be replaced immediately."
Electronics,2,SaleOn Portable USB LED Desk Lamp For Reading and Laptop Working and Other Uses(Assorted Color)-704 SaleOn Portable USB LED Desk Lamp For Reading and Laptop Working and Other Uses(Assorted Color)-704
Clothing & Accessories,1,"Heron Wills Men's Leather Combo Of Belt, Wallet & Sunglass( ,Multicolor,Free Size) Heron Wills Presents Luxuries 100% Genuine Men Accessories Gift Set Pack Of 3Pcs Includes: - (1) Imported Buckle- Black Faux Leather Belt (Az Style).(2) Heron Wills Silver Frame Black- Aviator Sunglasses.(3) Brown Genuine Leather Wallet. Heron Wills Designed This Exclusive Gift Set According To Your Daily Usage And For Groom Your Personality. The All Products Of This Combo Are With 3 Months Manufacturer Warranty."
Household,3,"Ashiyanadecors Flower Basket for Home, Garden, Office, Wedding Décor Feature: Artificial flowers, well made and vibrantly colored, looks real-like. The tulip are made of high quality silk and easy to clean. Ideal for placing in vase, filling of center pieces or home wedding decoration It is great for wedding bouquet, party , office decoration ,decor, altar, church ,corsages, pew bows, reception centerpieces"
Electronics,2,"HyperX Cloud Stinger Gaming Headset (Black) HyperX Cloud stinger is the ideal headset for gamers looking for lightweight comfort, superior sound quality and added convenience. At just 275 grams, it’s comfortable on your neck and its ear cups rotate in a 90-degree angle for a better fit. Its 50mm directional drivers position sound directly into the ear for audio precision and gaming-grade sound quality. For ultimate comfort in prolonged gaming sessions, it features high-quality HyperX signature memory foam."
Books,0,Comprehensive Guide to SBI Bank PO Preliminary & Main Exam 
Clothing & Accessories,1,"Sini Mini Girl's Cotton Capri (Multicolour, 12-13 Years) - Pack of 4 This is 100% Cotton and skin friendly fabric. Highly durable, smooth to wear."
Books,0,"The Ancient Science of Mantras About the Author Om Swami is a mystic living in the Himalayan foothills. He has a bachelor’s degree in business and an MBA from Sydney, Australia. Prior to his renunciation of this world, he founded and ran a multimillion dollar software company successfully. He is the bestselling author of A Million Thoughts, Kundalini: An Untold Story, A Fistful of Love and If Truth Be Told: A Monk’s Memoir."
Household,3,"Sehaz Artworks Side Shelf Pocket Wooden Key Holder (25 cm x 11 cm x 0.3 cm, Brown) Color:Side-ShelfPocket-Brown-KeyHolder   It is real trouble when you lose your keys. You have to make little space in your house where you can put your keys. So be creative and make that space interesting and stylish by Sehaz Artworks key holder that will awake your imagination. We present you 7 hooks Sehaz Artworks key holder."
Electronics,2,Storite Dual 2.5/3.5-inch IDE SATA All In 1 HDD Docking Station
Electronics,2,"Farraige Lapcare Chillmate Ergonomic Laptop Cooler and Stand, 15.6-Inch (Black) Double 12.5 cm ultra quiet fans with high wind capacity  2 USB ports for multiple device usage  Angled modulated design for comfortable operation  Unique non-slip design ensures better laptop grip  Elegant rubber finish  Specification :   Overall Dimension :  355*255*30 mm  Fans Dimension :  125*125*15 mm (2pcs)  Fan Speed :  1000RPM +_ 10 %  Material :  ABS and iron net  Net Weight :  685G  Noise :  15dBA  Warranty from Farraige :   All Farraige Product Backed by 1 year Warranty (Physical Damages are not covered)"
Household,3,Man Arden Hair Fiber Wax - Strong Hold with Matte Finish - 50gm
Books,0,"CCIE Routing and Switching V5.1 Foundations: Bridging the Gap Between CCNP and CCIE About the Author Narbik Kocharians, CCIE No. 12410 (Routing and Switching, Service Provider and Security) is a triple CCIE with more than 40 years of experience in this industry. He has designed, implemented and supported numerous enterprise networks.Narbik is the president of Micronics Networking and Training, Inc., where almost all Cisco authorized and custom courses are conducted, including CCIE-DC, CCIE-SP, CCIE-RS, CCIE-Security and CCDE classes."
Books,0,Computer Security : Principles And Practice 
Electronics,2,"Amkette Neo Cool 10.1-inch Sleeve/Bag for Tablets, iPad and All Other Devices up to 10.1 inch (Red-Grey)"
Clothing & Accessories,1,Aloft Girls Muliticolor Plain Cotton Knee Length Leggings (Pack of -5pcs) Aloft brings you these 3/4th size Grippers which are made of pure cotton. They are very comfortable and comes in beautiful assorted colors.
Household,3,"Bharat Lifestyle New Sagittarius Fabric 3 + 1 + 1 Seater Sofa Set, Dark Brown Bharat Lifestyle brings to you modern and comfortable sofa set for your living room.Bharat Lifestyle Sagittarius Dark Brown Jute Fabric 3+1+1 Sofa Set is made of Acacia wood. It has an elegant design which enhances the interior decor of your living room. Designed in such a way, the sofa is comfortable to sit. The best part it, it comes with good price without compromising on quality. Buy this sofa today!"
Books,0,The Database Book 
Household,3,"TCLPVC 3/7ft Bamboo Chick Window Closer(Beige) TCLPVC Economy 3/7 feet Bamboo Chick Window Closer, Curtains for Balcony, Windows, Outdoors, Door, Kitchen, Home - Office, Hotel, Resorts, Blinds, Shades, Screens, Patio Umbrellas, Canopies, shade, Public Areas, Door Curtain, Fly Screen, Divider Room PRODUCT CODE - USIMP."
Clothing & Accessories,1,"D FASHION GALLERY Women's Tapetta Silk Lengha Choli (Pink, Free Size) Provides you Lehenga Choli which is a traditional Indian wear also known as Chaniya Choli or Ghagra Choli for Women. This lehenga bear a sophisticated look and enhance the beauty of the women which can be worn for functions, festivals, parties and even wedding also. You will be a centre of attraction in the event once you ware it. This Lehnga Choli is comes with unstitched material so it can be stitched according to your taste, preference and style also."
Clothing & Accessories,1,Gini & Jony Girls' Skirt
Electronics,2,Himalaya Wellness Pure Herbs Neem Skin Wellness - 60 Tablets Ingredients: Nimba (Azadirachta indica) leaf extract - 250 mg
Books,0,New Simplified Physics: A Reference Book for Class 11 for 2019 Examination (Set of 2 Volumes) 
Books,0,"Barron's LSAT: Law School Admission Test (Barron's Lsat Law School Admission Test (Book Only)) From the Inside Flap (back cover)   Five full-length model exams include two recently-given actual LSATs and three additional full-length practice tests  Study tips and test-taking advice cover all three LSAT question types: Logical Reasoning, Analytical Reasoning, and Reading Comprehension, plus special advice on attacking the LSAT Writing Sample  Detailed chart helps you assess your chances of admission to law school  An overview of all ABA approved law schools"
Household,3,"Jaz Golden Finish Round Metallic Beads for Jewellery Making (5 and 2 mm) Pack of 100 Pieces Golden metallic beads with sparking golden colour that add excellent light reflection and additional flash to jewellery designing. Great for for designing bracelet, necklace and craft projects, home decoration and more. Size: 5mm and hole size-2mm."
Clothing & Accessories,1,"COCO CHANEL Men's Silk Boys Satin Black, Navy Blue, Red and Maroon Bowtie Combo COCO CHANEL brings this combo of boys satin black, navy blue, red & maroon bowtie."
Books,0,Funskool Jenga Junior How Tall is too Tall ?Find out when the tower falls !Remove the blocksStack up the storiesAnd hope the towerDoesn't topple on your turn !It's JENGA ... for Edge-of-Your-Seat fun !
Books,0,"The Diary of a Young Girl About the Author Anne Frank was a teen diarist and writer who transformed the pain of her secret world into a memoir that would be the most enduring document of the Nazi occupation in Germany. She was a German-Jewish teenager who, with her family, was forced to go into hiding. Her wartime diary, the Diary of a Young Girl, has been adapted into several plays and films since its publication in 1947."
Electronics,2,Storite® 150cm - 4.5 Foot - 1.5 Metre USB 3.0 Male A To Female A Extension Cable Super Speed 5GBps For Laptop/PC/Mac/Printers Blue
Electronics,2,Brother DCP-T510W Inktank Refill System Printer with Built-in-Wireless Technology Bigger savings and smarter design with refill tank system that offers ultra-high 6000 page-yield for black ink. Optimize work productivity with wireless networking capability.
Clothing & Accessories,1,"C.Cozami Women's Casual Checkered Red/Black/Maroon/Blue/White Shirt Trendy and appealing, this check shirts for women from C.Cozami's exclusive collection will surely impress fashionable women. This checkered shirts for women will surely add unique charm to your casual as well as party look. Made from quality fabric, this women check shirt will help you stay relaxed all day long."
Household,3,"HASHTAG FITNESS 20 in 1 Bench for Muscle Building Workout and Home Gym Exercise Hashtag 20 in 1 Bench For Daily Exercises , 20 in 1 Bench It can be used (Flat /Incline/Decline/ / Lag Curl/Leg Extension/ Lat pull Down /Ground Pulley/Arm Curl / Chest press / Butterfly/Dips/Twister) , If you want the ability to perform all the basic barbell and dumbbell exercises then this bench should be your choice & Will Fulfill Your Fitness Requirements. A Combination of all gym Equipment for the Perfect Workout , It is Highly Durable and Long Lasting , A Perfect Muscle Builder In-Box Cont"
Clothing & Accessories,1,"Amicraft Boy's Casual & Formal PU Leather Reversible Belt Black/Brown (Size 28-44 Cut to fit men's Belt) This trendy Belt for men is brought to you from the house of Amicraft Tailored with precision using high quality material. This Belt is surely going to be your companion for the coming years. Made from artificial leather, it is durable as well.The Buckle design may slightly vary as per availability."
Electronics,2,"Zebronics Core 2 Duo 4 GB 1 TB HDD Assembled CPU The assembled CPU comes with Intel chipset G41 motherboard, core2duo, 2. 93 ghz processor ddr3, 4gb ram, 1TB harddisk, DVD writer, wifi device 300mbps and Zebronics summer cabinet."
Clothing & Accessories,1,ABITO Boy's Viscose Slim Fit Blazer Smart casual blazer can be worn with denims or chinos and a casual shirt or t-shirt. Easily matched with any colour bottom.
Household,3,"Krish By Karigar Bean Bag Cover Without Beans, XXXL (Black) Color Name:Black                                                                                 |                            Size:XXXL   Krish bean bag covers are made from leatherette fabric which is double-stitched with superior seam and tear strength. They are built to be durable, comfortable and are a great addition to the contemporary home."
Clothing & Accessories,1,Biba Girls Anarkali Salwar Suit Set BIBA today is the most loved ethnic wear brand in the country. BIBA Girls products are available now.
Household,3,"Jk Handicrafts Wooden Rocking Chair, Wooden Rolling Chair, Wooden Easy Aaram Chair JK HANDICRAFTS Is A Professionally Managed Company Which Deals In All Kinds Of Wooden & Iron Furniture, Handicrafts & Gift Items, Home Furnishing Products. Lifestyle Is Consistent In The Customer Satisfaction, As Well As Enables Their Clients To Maximize Their Profit, By Providing Them With High Quality And Craftsmanship, On Time Delivery And Competitive Price."
Household,3,PMW Seam Ripper - Stitch Opener with Cover - Pack Of 4 Seam ripper - stitch opener - sewing craft tool with cover - pack of 4 - PMW.
Household,3,Ehomekart Playgro Table - Psf-115 - Front Round Table for Kids - Set of 4 Chair- Color May Vary
Household,3,Archana NHR Portable Learning Kids Table Chair (Blue) A Must Product For Every Kid. Hi-Quality Kids Table & Chair. It Is Great For Kids Aged Above 2 Years (Boys And Girls). It Has Multiple Daily Usages For Kids And Space Saver As Well In Kid'S Room. Table And Chair Are Made From High Quality Plastic Which Is Comfortable For Seating Of Kids. Its Help Little One To Learn How To Seat
Books,0,"Chapterwise Solved Papers Chemistry GATE 2019 About the Author An editorial team of highly skilled professionals at Arihant, works hand in glove to ensure that the students receive the best and accurate content through our books. From inception till the book comes out from print, the whole team comprising of authors."
Books,0,Cambridge IELTS 10 Student's Book with Answers (Book & CD) 
Electronics,2,ASUS GeForce GTX 1060 3GB Dual-Fan OC Edition Graphics Card (DUAL-GTX1060-O3G) Size name:Boost Clock 1809 MHz                                                                                 |                            Style name:DUAL 3GB   ASUS GeForce 4GB Dual-Fan OC Edition VR Ready Dual HDMI DP 1.4 Gaming Graphics Card DUAL-GTX1060-O3G
Household,3,"Wonderland Artificial Willow 3 Meter Long Roll Artificial leaves mesh / fence. It is excellent to create partitions, cover vacant wall or beautify any wall. The leaves are UV protected and hence it can easily be installed outside on your garden wall or balcony wall decor decoration also. It can be istalled DIY : only one person and a few minutes are needed for its installation. Easy and quick to install. Use it to quickly hide unwanted areas. It creates an intimate ambience in your garden. It easily protects the intimacy of your home. Excellent for gifting."
Clothing & Accessories,1,"ICW Women's Butterfly Print Blue And Pink Chiffon Scarf ( Small Size 22W X 72L Inch ) This product is made from cotton and finished in a attractive blue color. Furthermore, it is recommended to be kept away from extreme heat, fire and corrosive liquids to avoid any form of damage."
Household,3,Fun with Zoo Animals Stencils (Dover Stencils) 
Books,0,"SaFaL Dummy Currency Kit with Activity Manual (Multicolour) Currency of different denominations are printed and laminated to look like real. It focuses on the tactile reinforcement of counting, borrowing and breaking up into smaller denominations. Play also exposes young learners into understanding daily transactions."
Electronics,2,CASE U 13 inch Laptop Grey Sleeve Bag
Household,3,Tclpvc Premium Waterproof Double Cool 4/7 Feet Bamboo Chick Window Closer Tclpvc Premium WATERPROOF Double Cool 4/7 feet Bamboo Chick Window Closer - Curtains For Balcony - Windows - Outdoors - Door - Kitchen - Home - Office - Hotel - Resorts – Blinds - Shades – Screens - Patio Umbrellas - Canopies - Shade - Sunscreen Fabric - Screens - Protection - Balcony Privacy - Protective Screens - window blind curtain – Verandas - Public Areas - Door Curtain - Fly Screen - Divider Room US - 1011
Books,0,GRE Prep by Magoosh 
Household,3,Sanyo 124.5 cm (49 Inches) Full HD IPS LED TV XT-49S7100F (Black) Size name:49 inches   Brand Sanyo 124 cm 49 inches XT 49S7100F Full HD LED IPS TV Black Resolution 1920x1080
Electronics,2,"HP X4E77AA 803 Black Ink Cartridge - Twin Pack Colour:Black - Twin Pack   Note: The product colour and look and feel may vary from the visual representation on the Website. While all efforts are made to check pricing, product specifications and other errors, inadvertent errors do occur from time to time and HP reserves the right to decline orders arising from such errors. For pen drives, please reach out to respective manufacturers for any service queries."
Household,3,"Forzza Amara Outdoor Rocking Chair (Black) Color:Black   Adjustable chair for lying-down and sitting. The firm welding of the steel structure makes it strong and is finished with scratch resistant and rust-resistant powder coating. The high quality all- weather fabric provides good seat support and has superior UV protection. The padded headrests are adjustable and detachable for all chairs. Great thought has gone into the design for easy folding, portability and storage. Convenient and practical and easy to store."
Clothing & Accessories,1,"Kuchipoo Front Open Kids Thermal Set (Pack of 2) This product is made from fine quality thermal material and finished in attractive colors. It features long sleeve, round neck, and is targeted towards both baby boys and baby girls."
Household,3,"MP Enterprieses Wooden Stylish Rocking Chair for Living Room | with Blue Cushions Color:Design 2   Rocking Chair Seat folding This Rocking Chair is fully Portable & Easy to Dismantle. Easy to Carry from one place to another. Relax your Back Pain & Heals your mind while rolling on it. Assembly Required: The product requires basic assembly and comes with assembly instructions.Featuring strong and durable construction, this chair will be a stylish and timeless piece of furniture for your living area.This exclusive and modern chair will add style and function to any space in your home."
Clothing & Accessories,1,"Probiker Leather Motorcycle Riding Gloves (Red, L) Size name:Large   Pro-Biker Motorcycle Bike Racing Riding Gloves gives unbreakable knuckle protection. It is resistant to heat and tear. It is made from genuine leather with durable material design."
Electronics,2,"LG 21.5 inch (54.6 cm) LED Monitor - Full HD, IPS Panel with VGA, HDMI, DVI, Audio Out Ports - 22MP58VQ (Black)"
Electronics,2,"DishanKart Cash Drawer for Point of Sale (PoS) System with Coin Tray, 5 Bill/5Coin (Black) DishanKart Cash Drawer is a combination of robustness, performance and ergonomics for applications in retail. It has 5 bill holders and 5 coin holders and comes in an attractive black color."
Household,3,Nilkamal Freedom Cabinet with 1 Drawer (Pepsi Blue and Bright Red) Color:Red   Nilkamal Freedom Cabinet with 1 Drawer (Pepsi Blue and Bright Red)
Electronics,2,"Western Digital My Cloud EX Ultra 2-Bay Diskless Network Attached Storage 3.0 USB (Black) Western DigitalBVBZ0000NCH-BESN Keep your media safe in a single place on this high-performance NAS solution and access it securely from anywhere. With My Cloud EX2 Ultra, you'll be able to automatically sync content across computers, easily share files and folders and enjoy multiple backup options so you can create your own personalized system with ease."
Electronics,2,Saco Plug and Play External Hard Disk Hard Case Pouch Cover Bag for WD My Passport Ultra 2.5 inch 1 TB External Hard Drive - Aqua Blue Colour:Aqua Blue   Fits for all size & shapes of 2.5 inch external hardisks. Best cushion for shock proof. Protects your hardisk from drop shock. Elastic strap for cable organizing. Adjustable Hook & Loop Fasteners to adjust the height (No worries even if your hdd is little more lengthy than others) Unique patented Hook & Loop Fasteners pattern would help you to adjust the height of the wallet.Available in three colors.
Books,0,Operating System Principles 
Clothing & Accessories,1,Rupa Thermocot Boys' Plain Synthetic Thermal Top
Electronics,2,Zebronics ZEB-11HMV/15HMV Stereo Headphone with Mic (Black) Product Description Zebronics Headphone is an over-the-ear type and over-the-head design. 				    	 					 From the Manufacturer  HeadphoneFrequency range20Hz-20KHzSensitivity100dBImpedance32ΩMax. Input Power100mW MicFrequency range30-15000HzSensitivity-38dB+/-5dBImpedance2.2kΩ
Clothing & Accessories,1,"Satyam Kraft PU Leather(Pack of 1) Adjustable Buckle Belts Fashion Waist Strap BELTS For Casual and Formal - Belt For Men and Boys, color Design For Daily Use"
Books,0,"Outlines of Physical Anthropology ABOUT THE BOOK.... With the first edition of the book published in 1961, the book has over the years become the Best Seller on Anthropology for the students Civil Services Exams and State PCS exams. The book deeply and exhaustively covers all the topics on Introduction to Physical Anthropology, Man and Living Primates, Evolution, Human Genetics and Variation."
Clothing & Accessories,1,nauti nati Boys' Trousers
Household,3,"NOVICZ Nylon Hammock Swing Hanging Rope Bed for Travel Camping (250 cm) Size:XL-Adults                                                                                 |                            Color:white color   Strong, comfortable,durable hamock made of nylone rope. Ideal for boat trips, camping, backpacking, hiking, road trips, travelling, general exploration and it's even great in your own back yard 1 YEAR WARRANTY"
Books,0,The Religions of India: Handbooks on the History of Religions; Volume 1 
Clothing & Accessories,1,Levi's Boys Casual Sweater Levi's Boys Blue Solid Full Sleeve V-Neck Casual Sweater
Books,0,"WOW Freedom Reusable Menstrual Cup and Wash Post Childbirth - Large (Above 30 Years) Size:Large   Freedom Cup is normally used for 12 hour cycles twice a day, however can be used and emptied more frequently in case of heavier flow. It is safe to use this product overnight and it is suggested to be used first thing in the morning and then just before retiring to bed although it can be adjusted as per individual needs."
Books,0,PTE Academic Practice Test Plus - Volume 1 
Books,0,Company & Allied/Economic Law (Set of 2 Books) Handwritten Book For CA Final May 2019 Exams by CA Arpita Tulsyan
Books,0,"Rich Dad Poor Dad: What the Rich Teach Their Kids About Money-That the Poor and the Middle Class Do Not! About the Author Robert Kiyosaki has received all sorts of awards and honors over the years, based upon his global message of financial literacy. Among others, he was inducted into the Amazon Author's Hall of Fame."
Electronics,2,"RETSOL LS 450 Laser Barcode Scanner, Handheld 1 D USB Wired Barcode Reader Optical Laser High Speed for POS System Supermarket"
Clothing & Accessories,1,faas Fedora Hat Black for Boys & Girls Age 6 to 12 yrs.FH02 Faas presents the beautiful and stylish Hat gift for boys and girls for all occasion.Suitable age for this set is 8 to 15 years boys and girls.Enjoy your vacation and wedding parties with this Hat.
Electronics,2,MSI GeForce GTX 1050 TI 4GT OC Graphics Card Style name:GTX 1050 TI 4GT OC                                                                                 |                            Size name:4GB   All products are imported from the USA. All electronic products must be used with a step down/up converter for Indian voltage compatibility.
Clothing & Accessories,1,Mothercare Boys' Striped Regular Fit T-Shirt This stylish polo top comes in a stripe print and is great for both casual and smart occasions. Made from super soft cotton and with short sleeves to keep little arms cool on warm days. Mix and match the top with shorts and joggers for everyday wear and with jeans or chinos for a smarter occasion.
Household,3,"Lasaki Rectangle Ceramic Pot Attached with Tray/Plate for Indoor Plants (YP) Lasaki products are handmade so each piece is unique. There's a built-in drainage hole that protects it from overwatering. Place it on a saucer that can excess water. Cute and attractive this little piece looks great when displayed on your balcony, window ledge, or garden. Lasaki want to present different art forms and create a whole new product by itself that has never been created before. E at Lasaki believe in - ""Design to empower.""  br>ceramic pots for indoor plants for garden."
Electronics,2,Bosch F016800363 Water Filter Pressure Washer Accessory (Black) This water filter accessory for the AQT range is designed to protect your pressure washer and extend its lifetime. This fits on the water inlet of the AQT and screens out contaminants from the incoming water source whilst the clear plastic allows for visual checking. Protection extends the product life and it can easily be removed and cleaned for long term use.
Household,3,HomeTown Simply Study Table (Honey)
Books,0,Padhukas Students Handbook On Cost and Management Accounting: CA Inter New Syllabus - for May 2019 Exams About the Author Padhuka
Household,3,"Symphony Touch 80 Ltrs Air Cooler (White) The future of air cooling is here. A yet another innovation from Symphony, the world's largest brand in air cooling, Symphony Touch 80 is loaded with new age features like 6 honeycomb pads, fully closable louvers and cassette type removable pads that are unheard of in the domain of air cooling. With its stunning looks, 4-side cooling pads and powerful cooling aided by double blower, this technological marvel will surely lure you to Touch it."
Books,0,"Society Tea Masala Tea Jar, 250g Fortified with spices that are proven to have excellent antioxidant properties and great, robust flavour, Society Masala Tea is meant to be. Brew yourself a cup or two of this elixir, and feel your troubles, stresses and qualms, just melt away. Piquant and beautifully balanced, this tea is a 10 on the Richter scale in terms of taste."
Books,0,No Point Talking. 
Books,0,LIC AAO Online Exam Guide – Cum – Practice Work Book  (With CD)– English - 1548 
Household,3,AmazonBasics Mid Back Mesh Chair (Black) Add sensible style to your home office or at-work space with this AmazonBasics mid-back mesh office chair.Available in Bangalore only
Books,0,The Official Guide to the TOEFL Test with 4 Full-length Authentic TOEFL Practice Tests on DVD-ROM with General knowledge Arihant Product Condition: No Defects.
Books,0,The Art Of War
Books,0,365 Bedtime Stories 
Household,3,"Kenstar Cyclone-12 50-Litre Air Cooler (White) with Remote Product dimension: 645mm x 53mm x 915mm.Air throw distance: 45 feet, air delivery (m3/hr): 2550, capacity: 50 liters,air deflection: 4 way, no of speed: 3 and cooling area: 75 square meter.Very economical, consumes less power, cools room uniformly, faster and easy to install.Louvre movement: motorized (vertical), warranty: 1 year on product."
Electronics,2,Cartup High Speed USB Hub for Pc/Laptop and Card Reader Combo This product comes with 12 months Brand warranty
Electronics,2,"Dell Inspiron 5370 Intel Core i5 8th Gen 13.3-inch FHD Thin and Light Laptop (8GB/256GB SSD/Windows 10 Home/MS Office/Silver/1.50kg) Style name:core_i5   DELL Inspiron 13 5370 core i5-8250U, 8GB DDR4 RAM, 256GB SSD with Windows 10 (6MB Cache, up to 3.4 GHz)."
Household,3,"AsianHobbycrafts Printed Satin Fabric Ribbon : Set of 5pcs : Length 18 metre Each : Combo B Color:Combo B   Make your ordinary gift wrapping mor special and vibrant with ‘AsianHobbycrafts’ Net Fabric Ribbons. These Ribbons are made from ver fine high quality Fabric Silk material. With Soft sheen of silk and beautiful printed patterns, these ribbons are widely used for Hobby and school crafts including scrapbooking and file decorations. They are also a perfect accessory for gift decorations, party hall decorations etc."
Clothing & Accessories,1,"612 League Boy's Plain Regular fit T-Shirt Orange 612 league is the first Indian clothing brand focusing on pre-teen children. The brand offers a complete range of trendy, high quality and comfortable apparel for boys and girls, in knits and woven, for both summer and winter season."
Household,3,Archana NHR Portable Learning Kids Table Chair (Pink) A Must Product For Every Kid. Hi-Quality Kids Table & Chair. It Is Great For Kids Aged Above 2 Years (Boys And Girls). It Has Multiple Daily Usages For Kids. And Space Saver As Well In Kid'S Room. Table And Chair Are Made From High Quality Plastic Which Is Comfortable For Seating Of Kids. Its Help Little One To Learn How To Seat
Household,3,"Dwinguler Kids Sofa - Lime Green Your kids will have their own little seating with the Dwinguler Kids Sofa. The sofa has a SOFFKIN synthetic leather outer cover that is soft and lovely. Inside, the sofa has bio-foam that is made from natural vegetable material. What you get is an eco-friendly sofa inside and out. The rounded ergonomic design of the sofa is comfortable for children and helps encourage good posture in them."
Household,3,"Royaloak Sonata Four Seater Dining Table Set (Black) At Royaloak Furniture you can experience amazing international collections of elegant and aesthetic furniture for home, office and outdoor sourced both Nationally and Internationally all over the globe. Decades of experience and expertise means that today Royaloak is proud to bring you the biggest collection of furniture in the country like sofas, living room furniture, office furniture, bed room furniture, utility furniture, out door furniture along with unbeatable quality, price and service that is unique and remarkable."
Household,3,"MBTC Essilor PU 360° Height Adjustable Kitchen/Office / Bar Stool in White Color:White   This beautiful bar stool chair is sure to be the envy of all your friends. The chrome steel base and footrest work in harmony with a hydraulic piston for smooth adjustments which is a little reminiscent of a carousel pony pole, while the supple feeling of leather like graces the seat and back for comfort. The contemporary brown faux leather covering for years of wear and easy care. It must be a fashionable statement for"
Electronics,2,"Digisol wireless usb adapter DG-WN3300N Digisol wireless USB adapter DG-WN3300N enables notebook/desktop computershaving USB interface to connect wirelessly with other clients in the network. It complies with IEEE 802.11n standard and is backward compatible with IEEE 802.11b/g standard. The DG-WN3300N wireless USB adapter can achieve wireless data transmission rate up to 300Mbps which enhances the sharing of files, photo, audio, video and gaming experience over wireless network."
Clothing & Accessories,1,Kuchipoo Kids Pajamas Baby Pajamas Set- Pack of 5
Household,3,"Deckup Versa Office Table and Study Desk (Dark Wenge, Matte Finish) Office desk and study table. Product dimensions: length (47 Inches / 120 CMs), width (16 Inches / 40 CMs), height (47 Inches / 120 CMs)"
Books,0,"Practical Textbook of Laboratory Medicine Practical Textbook Of Laboratory Medicine by Vh Talib, Cbs Publishing, 2012, Paperback, 9788123918723"
Household,3,"Urban Ladder Eddings Study-Office Desk (Natural Oak) Eddings is the essential work table for those of you who want a dedicated working space at home. It provides you extensive drawer storage. There is even a small shelf above the storage and below the glass top. Material: MDF with PVC, metal in powder coating, tempered glass for indoor use only UL team will assemble on delivery."
Household,3,Bluewud Monroe Bed Laptop Cum Study Table (Walnut) LT-MR-L Size:Standard                                                                                 |                            Color:Walnut   Bluewud Monroe Bed Laptop Cum Study Table (Walnut) LT-MR-L
Clothing & Accessories,1,"Mothercare Baby Girls' Sleepsuit We know how much you adore your little one, so why not let everyone else know too with this sweet sleep suit? Our sleep suits are crafted from the softest cotton, with integral scratch mitts on smaller sizes to protect delicate skin from sharp nails. The nickel free poppers are ideal for urgent nappy changes, while the enclosed feet will keep tiny toes toasty warm."
Electronics,2,RAMAXEL 1rx8 1.35v Pc3l-12800s-11-13-B4 Hf Rmt3170mn68f9f-1600 4GB Laptop Ram Memory (RMT3170MN68F9F-1600) ramaxel 4gb laptop ram memory 1rx8 1.35v pc3l-12800s-11-13-b4 hf rmt3170mn68f9f-1600. low voltage.
Books,0,fault lines
Books,0,Paradise Lost 
Books,0,"Beyond Religion: Ethics for a Whole World About the Author His Holiness the Dalai Lama is the exiled spiritual leader of the Tibetan people. He was awarded the Nobel peace prize in 1989. He is the author of many books about Buddhism. He lives in Dharamsala, India."
Electronics,2,Cosmus Atomic Dx 3 Compartment Large Laptop Bag - Navy Blue Polyester Waterproof Laptop Backpack
Books,0,RRB Junior Engineer JE(IT) DMS and CMA Stage 1 Exam Books in Tamil
Electronics,2,"HP SSD S700 M.2 500GB SATA III 3D TLC NAND Internal Solid State Drive - 4YH60PA Capacity:500GB   Designed to enhance the response speed of notebooks and desktops, HP S700 SSD provides high speed for startup, loading and transmission, comprehensively accelerates the computer system and brings smooth and responsive operation experience. In strict compliance with HP quality standards, S700 SSD features high reliability and compatibility and 3-year limited warranty service."
Electronics,2,GAMDIAS ARES Gaming Membrane Keyboard and 4000DPI Mouse Style name:GKC6011   The ARES 7 Color Combo Keyboard features a Premium Micro-Processor and 4-Layer Structure.The traditional backlit membrane keyboard has only 3-layer structure. ARES adds one more layer of board to enhance the robustness.
Household,3,"Ekta - Jewellery Boutique (Sr), Multi Color Give your girls wings of creativity and imagination with this kit exciting kit that allows you to create your own designer jewellery the kit includes colourful acrylic beads loops clasps ear loops etc."
Household,3,"KIDOMATE Kids Height Adjustable Study Table & Chair (Desk Size: 800 x 608 mm) Wood Finish Desk, Sturdier Frame, Better Legroom, Soft Close Desk, Book Stand and LED Lamp - Pink (for 3-14 Years) Color:Pink   Suitable for kids between 3-14 years. Height adjustable on both table and chair. Child-friendly materials with anti-pinch safety features, frame can load capacity of 100 kgs and little more. Excellent look. Colors for boys and girls. Beautiful design."
Books,0,IBPS 2019: Specialist Officers Marketing Officer Scale I (Preliminary & Main) 15 Practice Sets 
Books,0,Mcqs In Medical Laboratory Technology 
Books,0,Solar System (100 Facts) 
Clothing & Accessories,1,"AANIA Beautiful Embroidered Exclusive Casual Cotton Women's Top Length 26 inches, Top for latest fashion trend, 3/4 sleeves, Perfect colour, mild wash, Dry inside out, Don't use heavy iron on embroidery, Short sleeves blended with decent embroidery."
Books,0,72 Music Scales: For Composers & Improvising Musicians 
Clothing & Accessories,1,Mothercare Baby Girls' Regular Fit Bodysuit You will need bodysuits from the very first moment of your baby's life so you can never have too many! This sweet bodysuit has been crafted from the softest cotton and with long sleeves to keep those little arms nice and warm and featuring an all over floral print. Handy envelope neckline for easy dressing and poppers underneath for easy changing. Finished with a lovely embroidered 'best little sister ever'.
Books,0,"Comprehensive Mathematics for JEE Advanced 2019 About the Author Name:- Prof. Ajay Kumar, Dept. of Mathematics (HOD), University of Delhi, 28 Yrs of Teaching Experience. Name:- Dr. Ravi Prakash (Associate Prof. in Mathematics, Gold Medallist), Dept. of Mathematics, Rajdhani College, University of Delhi, 30 Yrs of Teaching Experience. Name:- Ms. Usha Gupta, Dept. of Mathematics, Deshbandhu College, University of Delhi."
Electronics,2,Barebones Triangle Garden Hoe All products are imported from the USA. All electronic products must be used with a step down/up converter for Indian voltage compatibility.
Clothing & Accessories,1,"Mothercare Girls' Pyjama Set (Set of 2) We know how much bouncing bundles need their sleep, and how important it is that they're comfortable. So, we've designed this lovely pair of pyjamas so your little one can rest easily. This handy two pack has elasticated waist and cuffs for a cosy fit for even the most wriggly bunnies."
Clothing & Accessories,1,United Colors of Benetton Boys' Striped Regular Fit Shirt UCB boys shirt regular fit pattern striped sleeves long sleeve neck/collars regular collar shirt with thin striper composition 100% cotton
Clothing & Accessories,1,"RC. ROYAL CLASS Boys and Girls Calf Length White Bottle Green DPS School Cotton Socks (pack of 5 pairs for all age groups) White with bottle green stripes socks for boys & girls for all age groups made from super soft combed cotton yarn and spandex for elasticity, easy to wash and odour free socks. Do not Iron or Bleach. Hand wash only."
Household,3,KERWA Laurels 2 ROD HALOGEN HEATER || ISI Approved (IS:368) || 4 Layer Protection To Save Brockage easy to cary safety tip over switch noiseless operation indicator lamp
Clothing & Accessories,1,"IndiStar Girls Super Soft and Stylish Cotton Printed Legging(Pack of 6) IndiStar offers you high on fashion, easy on pocket, cotton rich leggings for kids and girls. Suitable for all weather climate, Eco-friendly and skin friendly dyes used, as your skin. Made of Cotton Lycra BLend and the waist band being elasticated, IndiStar Leggings will give you the best of comfort and fit."
Books,0,NIACL Assistant Preliminary Online Exam Practice Work Book - 2280 
Clothing & Accessories,1,jbn creation Boy's Cotton Silk Sherwani Suit Jbn creation brings to you this stylish yet comfortable boys' bronze gold woven banarasi indowestern angrakha style sherwani with cowl style Patiala dhoti pant set. Adorn it for a perfect classy & trendy look. Pair it with a juti or a mojari for the royal feel.
Books,0,Politics in India About the Author Rajni Kothari is a noted intellectual and political scientist who radically changed the contours of the discipline of political science in India. He is the founder of the Centre for the Study of Developing Societies and Lokayan.
Clothing & Accessories,1,Allen Solly Junior Boys' Plain Regular Fit Shirt Allen solly junior Boys Casual shirt This product is made of the most comfortable & quality fabric
Household,3,"Priti Deal Bar Counter Taxi Cabinet with Racks Door Product design: unique special shape design, selected raw materials, professional and exquisite workmanship, combined into a beautiful and practical crafts counter. Maintenance: wipe clean with a cloth dampened in a mild detergent. Wipe dry with a clean cloth."
Books,0,"Uttar Pradesh Prathmik Vidhyalyay Sahayak Adhyapak (Practice Sets ) Book 2019 Uttar Pradesh Sahayak Adhyapak Bharti Pariksha 2019 ( New Pattern) Hindi Medium. An editorial team of highly skilled professionals at Agrawal ExamCart , works hand in glove to ensure that the students receive the best and accurate content through our books. This Book Contain 14 Subjects Theory Hindi Bhasha, English, Ganit, Sanskrit, Paryavaran, Samajik Adhyayan, Samanya Gyan, Bal Mano Vigyan, Reasoning, Suchna Takniki, Jeevan Koshal, Prabandhan & More."
Household,3,"Shree Jeen Mata Enterprises Solid Sheesham Wood 3 Seater Dining Table Set with 3 Chairs and 1 Bench for Living Room | Honey Teak Brown Dining rooms are a place for food, fun, and laughter - bring all of it together with this elegant and solid dining set. The gorgeous dining set has a stylish, classic design and a warm polished finish. The four-seater dining set includes four superbly crafted and comfortable chairs, as well as a dining table to seat four. The dining set is made of Sheesham wood which gives it its unique finish and a sturdy build."
Household,3,"Wowobjects 1Pc 40 to 42 Palio Long-Lasting Cj8000 Biotech (2-Side Loop) Pips-in Table Tennis Rubber with Sponge(36-44 Degree) Grip Means: Horizontal Grip, Palio, Weight: Center Focus (All-round Methods), cj8000, Rubber: Pimples In, Size: 158*152mm, Bottom: NO, Color: Red, Black, Sepcification: Palio, Store: [Playa PingPong],"
Household,3,"Amaze Shoppee Adjustable Laptop Stand Bed Table with Portable Standing Desk, Foldable Sofa Breakfast Tray, Notebook Stand Reading Holder for Couch Floor Kids Color:BROWN   Can be use as a break fast table/lapop table. It is made of Mango wood and Brown in colour."
Electronics,2,Gift a year of Prime - Rs.999
Books,0,"Modern South India: A History from the 17th Century to Our Times About the Author Rajmohan Gandhi’s last two books are Why Gandhi Still Matters: An Appraisal of the Mahatma’s Legacy and Understanding the Founding Fathers: An Enquiry into the Indian Republic’s Beginnings. He has taught political science and history at Indian Institute of Technology, Gandhinagar, IIT-Bombay, Michigan State University and the University of Illinois, where he currently serves as research professor."
Electronics,2,Gear Polyester 24 Ltrs Denim Grey Laptop Backpack (LBPECONO10412) Three main compartments one front smaller compartment bottle holder mesh embedded organizer heavily padded sleeve which fits laptop padded grab handle.
Clothing & Accessories,1,"Montu Bunty Wear Baby Track Pant - Dark Color Soft Cotton With Rib Design (Pack of 6) Comfortable and breathable track pant with casual fit for your little one, Rib finishing at bottom hem and Soft elasticated waistband."
Household,3,Vc Cotton Wicks 1000 Pieces Pack Cotton Wicks 1000 Pieces Pack
Clothing & Accessories,1,"Triumphin Women's White Embroidered Cotton Top Tops For Latest Fashion Trend, Long Sleeves, Perfect Color, Mild Wash, Dry Inside Out, Don't Use Heavy Iron On Embroidery, Long Sleeves Blended With Decent Embroidery, Fit- Loose Fitting Color: White"
Household,3,"Joyful Nano Modular Drawer System (Nano 4) The product is made up of plastic, which is multicolour. It has extra small drawer and easy to move and easy to clean."
Books,0,"The Land of Moonlit Snows: & Other Real Travel Stories from the Indian Himalaya About the Author Born in UP and raised in Punjab, Gaurav Punj is the prototype of what the Himalayan folk are wary of. This hasn’t deterred him or diluted his unconditional love for the Himalaya though. A Berkeley, California graduate, GP is a bit of a conflicted soul who wears an aura of calm. He secretly hopes that not too many people come to the Himalaya even while he writes books on it and prays for them to become bestsellers."
Clothing & Accessories,1,"KIFAYATI BAZAR Kids Unisex Body Warmer Thermal Winter Wear (Top + Bottom) Multi-Color(Set of 2) A body-hugging thermal wear for icy days and chili nights Made from exceptional soft cotton, processed to draw moisture away Designed to be worn as undershirt and underpants"
Books,0,An Introduction To Mechanics
Electronics,2,"Zebronics CPU Cabinet With SMPS 121 Same design won't be gauranted , design will change according to availability, but u will get good design product for sure"
Household,3,"Generic White, Product Dscription : Summer Insect Prevention Elegant Round White Lace Bed Canopy Dome Mosquito Net P0 Brand Name: Famyfamy, Type: Single-door, Shape: Circular, Material: Polyester / Cotton, Feature: Folded, Use: Home, Style: Hung Dome Mosquito Net, Function: Mosquito Net, Applicable People: Universal, Model Number: IA416, is_customized: Yes, Age Group: -, Unit Type: piece, Package Weight: , Package Size:"
Books,0,The Better Angels of Our Nature: Why Violence Has Declined
Electronics,2,NISUN USB 3.0 PCI-E Express Add-on Card with 4 USB Ports and 4-pin molex Power Cable for Desktop PC
Household,3,"Malcom Sofa Set (4 Seater) Enjoy relaxing in your own back garden with Venturas stylish collection of garden sofas and lounging sets. From huge corner sofa units to arm chairs, love seats and sofa sets, we carry an extensive range of garden furniture to help achieve the look you want and create an outdoor oasis."
Electronics,2,"Quantum QHM7468 USB Vibration Game Pad Remote Joystick (Black, Pack of 2) Sl, microphone - condenser type, cord length - 6 feet (1.6m), cable length - 6 feet (1.6m), connector - 3.5mm stereo plugx8."
Clothing & Accessories,1,Me Now Super Matte Lip Liner Pencil (Set Of 12) - P102 Me Now Super Matte Lip Liner Pencil (Set Of 12) Which Is Long Lasting And Draws Smooth Lines
Household,3,"Royaloak Zara Study Desk (Wengey) Compact in size, well-built and with an elegant dark finish, this study table would give your study room added utility and style. The table is made of MF and has several small and big shelves to place books, files and stationery. The table also has ample leg room and is ergonomically sound."
Clothing & Accessories,1,Tara Lifestyle Blue Slim fit Printed Denim Jeans Pant for Kids-Boys Jeans Pant - 3001 PRNT Tara Lifestyle slim fit Denim jeans pant for kids-boys jeans pant.
Household,3,"eerafashionicing Pink Roses Satin Fabric Flower Applique (8x5cm, Rose Pink) These satin flower appliques are lovely for decorating your any craft, party dress, dolls, hair accessories, hat, bag etc The lace ribbon is elastic and top quality. Wide: Approx. 1.77 inch / 4.5 cm. Length: Approx. 5 yards. Material: Polyester. Colour: White. Package includes: 5 yards lace trimming satin flower applique."
Books,0,"The Science Book: Everything You Need to Know About the World and How It Works About the Author Marshall Brain is the founder of the award-winning website HowStuffWorks.com. A graduate from Rensselaer Polytechnic Institute, he earned his master's in computer science from North Carolina State University, where he later taught. Named one of the Carolina's top entrepreneurs by Ernst & Young, Brain is also a distinguished speaker and author of more than a dozen books, in which he masterfully simplifies complex subject matter into a digestible format for people of all ages and experience levels."
Household,3,Nilkamal Leo Computer Table (Beech) Nilkamal Leo Computer Table (Beech)
Clothing & Accessories,1,"Snowhite Printed Slip For Girls Pack of 4 from Bodycare Bodycare Brings a new collection of Disney Printed Girls Slip Pack of 4, 100% cotton fabric with attractive design and stylish trendy look."
Electronics,2,HP DeskJet 2675 All-in-One Ink Advantage Wireless Colour Printer (White) Get connected and start printing fast with an easy setup from your smartphone or tablet. Easily manage printing tasks and scan on the go with the HP All-in-One Printer Remote app
Electronics,2,"Generic Laptop Replacement Screen Edp Slim LED 30 PIN for Dell INSPIRON P51F Laptop (15.6-inch) Generic laptop spare screen edp slim led 30 pin for dell inspiron p51 f laptop (15.6-inch) , it is engineered to excellence and ensures matchgless performance."
Clothing & Accessories,1,LAA Girl's Cotton Text Print Onesies and Bloomer with Headband Set White A charmingly trendy look awaits your little one on the other side of wearing this set
Household,3,EQUAL Steel Portable and Convertible Folding Lounge Recliner Chair Cum Bed with Adjustable Backrest and Footrest for Garden and Outdoor (Black)
Clothing & Accessories,1,Zacharias Black Fedora Hat for Kids (5-12yrs) It gives you stylish and trendy look
Electronics,2,"Samsung 23.5 inch (59.8 cm) LED Monitor - Full HD, Super Slim AH-IPS Panel with VGA, HDMI Ports - LS24F350FHWXXL (Black) Size name:24 Inch   Super slim panel: At an incredibly slim 10 mm as slender as a ballpoint pen - the one-piece panel is more than twice as thin as standard Samsung monitors."
Electronics,2,"boAt BassHeads 100 in-Ear Headphones with Mic (Black) Colour:Black   boAt BassHeads 100 stereo in-ear earphones are designed to give you an experience which no other product can match. As the headphones feature 10mm drivers, they give you clear sound with that enhanced bass. In-Built noise isolation mic ensures you don't miss those important calls. With two exciting Colors that match your style in your day, the boAt earphones are the ideal choice for anyone who can carry the ""Hawk Attitude"". Just plug them in and plug into nirvana."
Books,0,"Principles and Practice of Accounting: With Quick Revision Guide About the Author P. C. Tulsian, Additional Director (Former) Board of Studies, The Institute of Chartered Accountants of India, New Delhi, Principal, Ramjas College, University of DelhiBharat Tulsian, Chartered Accountant Associate Director, KPMG."
Household,3,Nivea Men Fresh Active Shaving Foam - 200 ml Nivea men fresh active shaving foam. A refreshing foam that prepares the skin ideally for shaving with anextra kick of freshness.
Household,3,Bharat Lifestyle Tulip Five Seater Sofa Set 3-1-1 (Black) Overall Height (cm) :3 Seater: 70 cm; 1 Seater: 70 cm Seating Height (cm) 3 Seater: 38 cm; 1 Seater: 38 cm Overall Width (cm) :3 Seater: 180 cm; 1 Seater: 60 cm Overall Depth (cm): 3 Seater: 45 cm; 1 Seater: 45 cm
Household,3,"GOCART WITH G LOGO 12 Inches Super Strong Folding Step Stool for Adults and Kids, Kitchen Stepping Stools, Garden Step Stool Blue Kitchen Stool (Brown) 100% brand new and high quality. Light plastic material, Compact, practical and durable Foldable and portable, easy to carry, you can take it wherever you are A necessity for fishing, traveling, and other outdoor activities Specifications: Type: foldable Stool Material: Plastic Color: Random Size: 10X10X8inch Weight: about 450g Package Included: 1 x foldable Stool"
Household,3,"Generic 50Pcs Tibetan Silver Flowers Charms Pendant Beads For Jewellery Making Description: Antique flower-shaped pendants Exquisite and fine workmanship Can be used as charms or necklace pendants Suitable for both man and woman to wear Length: Approx. Ã‚Â 0.40--0.87inch / 10--22mm Hole Diameter: Approx. 0.08--0.12 inch / 2--3mm Material: Alloy Color: Silver Package Includes: 50pcs flower shaped pendants Note: Please be reminded that due to lighting effects and monitor's brightness/contrast settings etc, the color tone of the website's photo and the actual item could be slightly different."
Clothing & Accessories,1,FOOTPRINTS Baby Organic Cotton Socks- BigDot - Pack of 3 Pairs These Footprints socks are Made from pure organic cotton and ecofriendly fibers and colors . They are free from harmful chemicals and coloured dyes which may cause harm to super sensitive skin of your baby. Footprints socks are blended with ecofriendly fiber which does not allow bacteria to grow hence making them antibacterial. Key Features 1. Organic Cotton 2. AntiBacterial 3. Anti Microbial 4. Anti Allergic- No Skin rashes and irratation
Electronics,2,"Honor MediaPad T3 10 Agassi-L09HN Tablet (9.6 inch, 16GB, Wi-Fi + 4G LTE, Voice Calling), Luxurious Gold Size name:16GB   A tab for your little one to play his/her favourite games, a tab for your loved one to browse the Internet, a tab for all your work needs - the Honor MediaPad T3 10 can be customized to the users liking for ease of use. The rich display comes with features such as the Eye Comfort Mode to prevent eye-strain while using the tab for long hours."
Electronics,2,"WeCool Metal in-Ear Booming Bass Wired Earphone (W002) with Inline Mic and MFB Controller for Mobile Phones, Laptop and Computers (Grey)"
Books,0,WINGS OF FIRE WINGS OF FIRE
Household,3,"Protoner 6 in 1 Adjustable Bench, Adult Protoner 6 in 1 adjustable bench, made of 2"" x 2"" pipe structure and well cushioned seat, can be used for incline, decline, flat bench press and leg raise, can take 250 kgs including user weight"
Household,3,Fairy Dolls Girls Party Wear Frock
Clothing & Accessories,1,"Gini and Jony Boys' Regular Fit Shorts Elasticated waist band, contrast colour draw cord, tape detail on back pocket, classic fit."
Electronics,2,"MOCA Smooth Touch Matte Hard Shell Skin Cover Case For 13 to 13.3"" Laptop with 3 Macbook Saviour Accessories (Pink) Colour:Pink   Premium quality rubberized case with polycarbonate material, which is shatter-proof and will protect your MacBook all around"
Books,0,"Wallstick 'Family Tree' Wall Sticker (Vinyl, 49 cm x 4 cm x 4 cm)"
Books,0,"Egypt - Land Of The Pharoahs: Discover the Wonders of Ancient Egypt; Includes 6 FREE Postcards (Book and Print Packs) About the Author An innovative team of book developers, creating original publishing and packaging solutions for customers around the globe."
Electronics,2,SuperdealsForTheinfinity Tempered Glass for Samsung Galaxy M20 6D Screen Protector 6D Curved Scratch Resistant for Samsung Galaxy M20 6D Screen Protector (Black) Colour:black   Tempered Glass for Samsung Galaxy M20 Screen Protector Curved Scratch Resistant for Samsung Galaxy M20 Screen Protector (Pack of 1)
Clothing & Accessories,1,Kid's Stop Girl's Blended Lehenga Choli Set Make your little ones look cute and stylish with this lehenga choli from kid's stop. It is made of fine quality blended material that keeps your kids comfortable all day long. Team it up with matching accessories for a complete attire.
Clothing & Accessories,1,UNO Boys Pure Cotton RED Beach Print Shorts/Boxers Cotton
Electronics,2,"Kensington Orbit K72352US Wireless Trackball Mouse (Black) BRAND : Kensington, Kensington Orbit Wireless Trackball Mouse (K72352US)"
Electronics,2,Silicon Power 8GB DDR3 PC3L-12800 1600MHz 204-Pin Laptop Memory Model SP008GLSTU160N02 Highly compatible with different models of computers and motherboards using AMD and Intel platforms
Household,3,Forzza Archie Side Table with Storage (Wenge) Color:Wenge   A contemporary designed side table made in high quality engineered wood. The open spaces are ideal for storage and the contemporary designed coffee table will match any interior. Clean using a damp cloth and wipe dry. Delivered flat-packed. Simple DIY assembly needed. Instruction manual provided.
Electronics,2,"Zibuyu 4010/2P 4Cm Mini Dc Brushless Chassis Graphics Card Cpu Cooling Fan 2Pcs 4010/2p 4cm Mini DC Brushless Chassis Graphics Card CPU Cooling Fan 40mm x 40mm x 10mm Item Specifics:Voltage: 12dvcBearing Type: Sleeve Connector: 2pin(2.0)Applicable for: CPU Fan,SB/NB FanDimension: Approx.40*40*10mm/1.57""*1.57""*0.39""Package inckuded:2 X Fan"
Electronics,2,TP-Link Archer T2U AC600 Wireless Wi-Fi Dual Band USB Adapter Style name:AC600   Wireless AC600 DB USB Adapter
Books,0,"Distributed Systems About the Author George Coulouris, Cambridge University.Jean Dollimore, Formerly of Queen Mary, University of London.Tim Kindberg, matter 2 media.Gordon Blair, Lancaster University."
Books,0,"Save the Cat!: The Last Book on Screenwriting You'll Ever Need About the Author Blake Snyder (1957-2009) worked as a screenwriter and producer for twenty years. His book Save the Cat!: The Last Book on Screenwriting You'll Ever Need and its sequels have guided screenwriters, novelists, and other creative thinkers for years and continue to be bestsellers. His methodology is also used by many development executives, managers, and producers due to its precise, easy, and honest appraisal of what it takes to write and develop stories in any medium."
Electronics,2,High-Profit Prospecting: Powerful Strategies to Find the Best Leads and Drive Breakthrough Sales Results
Books,0,"Ramayana - C.R. About the Author C. Rajagopalachari was an Indian lawyer, independence activists, politician, writer and statesman. He was the last Governor General of India and has served as leader of the Indian National Congress, Premier of the Madras Presidency and Governor of West Bengal."
Books,0,"Operating System Concepts, Binder Ready Book"
Household,3,"A10 Shop Delta S1 Home Decor Wall Shelf/Rack-Set of 4 (Matt Finish) (Wenge) Color Name:Wenge   The Delta S1 Floating wall shelves are ideal for storing and displaying collectables, photos or decorative items. This shelf will add a contemporary touch to your dining room, living room or office. The shelf board is made from MDF which is strong and long-lasting. The wenge laminate with matt finish will protect the shelf and also give a sophisticated and modern look to your home. It comes with a 1-year limited warranty against manufacturing defects."
Electronics,2,"Generic 1M ISI Marked 250V Copper Power Cable Cord for 3 Pin Laptop Adapter Charger (Black) Power Cable Cord for 3 pin Laptop Adapter Charger - 1 Meter/ 3.3 Feet - Full Copper ISI Certified. 1 Year Warranty COMPATIBLE - with HP, Dell, Lenovo, Sony Vaio, Toshiba, Wipro, LG, ASUS, Samsung, IBM, Acer, Micromax and most other Laptop Adapters/ Chargers. FITS MOST BRANDED- Laptop Adapter/ Chargers: Universal AU 3-Prong AC Power Cord 3 Pin Adapter Cable. Fit most Laptops, Game Players, Cameras, Printers, AC Power Adapters or Chargers."
Electronics,2,"AmazonBasics Multi-Angle Portable Stand for Mobile Phones, Tablets and E-readers,White Colour:White   AmazonBasics Multi-Angle Portable Stand for Mobile Phones, Tablets and E-Readers"
Clothing & Accessories,1,PalmTree Boys' Regular Fit Jeans Palm Tree boys blue jeans.
Household,3,"Swayam Kids N More Digitally Printed Mercerised Cotton Standard Cot Bumper - Multicolor Make your kids happy by making their cot as they desire. They generally love cartoons and toys, therefore whatever you bring for your child, they must contain either cartoons or toys. You can bring a smile on your kids face by surrounding their cot with attractive cot bumpers. These bumpers will protect your child as well as create a fun and exciting."
Household,3,"Forzza Oreo Single Size Kid's Bed (Green) Color:Green   The oreo bed is ideal for children's room and is made of engineered wood. The bright colors will liven up any space. The headboard has shelves for small knick-knacks and curios. Colour variants: Blue, pink."
Electronics,2,"Pasow Cat5e Ethernet Patch Cable RJ45 Computer Networking Cord Lan Network Cable (Blue, 120 Feet (40 Meters)) Purchase only Guru R.S Traders Ethernet Patch Cord RJ45 Lan Straight Network Cable High Performance RJ45 Ethernet Patch Cable provides universal connectivity for LAN network components such as PCs, computer servers, printers, routers, switch boxes, network"
Household,3,Craftsneed MDF Partition Shadow Box-Big CraftsNeed 100% Brand New Quality SIZE:15x12x1.  Single pcs 9 partitions Solid MDF box
Household,3,"Unique360 Rex Garden Outdoor Set ,Garden Patio Seating Set 1+2 (2 Chairs And Table Set) We Never Allow Any Body To Sell This Product Plzz care full for Other Fraud Seller This Out Door set Is Best Of Our Expert Designs -Its A unique Out door set With 2 chairs one Table -Material: Frame Of Wrought Iron And Rattan Weave -Care:Resistant To Both Sun And Rain -Color: Brown -Durability:Non- Breakable and Easy to handle Lightweight and durable Long Life and Eco-Friendly for En"
Clothing & Accessories,1,"Wish Karo Baby Girls Party Wear Frock Dress (Pink/red/Gold/Silver-Net) Your Little angel will look classy when you dress her up in this beautiful elegant dress from Wish Karo. It has soft net and non pricky. Ideal for all party occasions, birthday, festive and gifting . Wish Karo has an excellent collection of Baby Girls Party wear dresses like Gowns, long frocks, premium Lycra dresses, Ethnic Lehenga - Ghaghara Cholis as well as Silver jewelry and articles"
Household,3,"M.G Enterprise Grey Mix 200 Gm Wool Ball Hand Knitting Wool / Art Craft Soft Fingering Crochet Hook Yarn, Needle Acrylic Knitting Yarn Thread Dyed Size:200 gm   M.G Wool is ideal for knitting sweaters, Art & Craft, etc. Items made from this yarn may be laundered through the use of water, detergent or soap and gentle hand manipulation; No bleach product may be used."
Electronics,2,Gigabyte GV-N1050G1 Gaming-2GD Graphics Card (GV-N1050G1 Gaming-2GD) PCIE-3.0x16/2GB GDDR5/128 bit/HDMIx3/DP/Dual-Link DVI-D/With BackPlate Style name:Boost Clock 1556 MHz                                                                                 |                            Size name:2GB   Powered by GeForce GTX 1050 and integrated with 2GB GDDR5 128bit memory. Featuring windforce 2X with blade fan design
Household,3,"Forzza Bristol 4-Shelf Bookcase, Walnut Color:Walnut   Bristol 4-shelf bookcase is made of high quality engineered wood and comes in three different colors. The simplicity of this design is inspired from the Scandinavian countries and is ideal for storing books, curios and any other objects. This sleek design will complement any furniture and its versatility ensures that it is a good buy. Available in two other colors too."
Electronics,2,TP-Link UE330 3-Port USB 3.0 Mini Data Hub Style name:UE330   TP-Link 3-Port USB 3.0 mini data hub with 10/100/1000 gigabit Ethernet LAN network adapter for Apple MacBook Surface Pro XPS Laptop Ultrabook Chromebook PC Mac and more (UE330).
Electronics,2,"MOSISO Water Repellent Lycra Sleeve Bag Cover Compatible 13-13.3 Inch Laptop with Small Case Compatible MacBook Charger, Baby Pink Size name:13-13.3 Inch                                                                                 |                            Colour:Baby Pink   Why should take this bag? This Mosiso Water Repellent Lycra Sleeve Bag Cover offers a simple and yet fashionable way to protect your MacBook or Ultrabook Netbook Tablet while you are on the go. Mosiso 1 year warranty on every bag."
Electronics,2,USB to RS232 Serial DB9 9Pin Port Converter Cable Lead for XP Win 7 8 Note: It does not work for Win7 win8 Vista 64bit system. It does work for Win7 win8 Vista 32bit system
Clothing & Accessories,1,"Mothercare Baby Boys' Regular Fit Sleepsuit Happy little bunnies will look delightful in this all in one, perfect for cozy cuddles with mummy and daddy."
Electronics,2,"WD My Passport 3TB Portable External Hard Drive (Blue) The My Passport portable drive is trusted to store the massive amounts of photos, videos and music you love. Available in an array of vibrant, fun colors, the sleek style fits comfortably in the palm of your hand, so you can easily take your treasured content everywhere you go."
Books,0,Review of PGI Chandigarh Post Graduate Medical Entrance Examination - Supplement May 2018 Review of PGI Chandigarh post graduate medical entrance examination supplement for May 2018.
Household,3,"kaushalendra Hammock Swing Chair for Adults Nylon Rope Swing MULTI COLOUR COTTON ROPE HAMMOCK SWING. Features: * Material: Nylon Rope * Color: multi color * Style: Contemporary * Capacity: 125 Kg * Number of Seats: 1 person * Swing Height: 200 cm, Length: 55 cm, Width: 55 cm * Delivery Condition: Assembled * Best for living room & Balcony * Quantity: 1 Piece (Swing)."
Electronics,2,"Alifiya HP DeskJet 2131 All-in-One Printer Washable Nylon Cover (Blue) Its manufacture from good quality material.This cove is save your printer from dust. This printer cover is washable ,so when ever if cover is dirty you can wash with water."
Electronics,2,"Sony Microvault Tiny 16GB Pen Drive (Black) The flash drive that doesn't stick out like a sore thumb - USM-M1 features a compact, flat and stylish design that keeps your PC looking nice and tidy, plus it won't block access to adjacent ports. Ideal for use with mobile devices such as netbooks. When space it tight, its advantages shine through."
Clothing & Accessories,1,"Arshia Fashions Boys Shirt Waistcoat and Pant Set Party wear - BY174 Our little champ will look his best when wearing this handsome Shirt Jacket and Pant set . This regular-fit set is comfortable to wear and exhibits a fine finish. This set features attractive design and looks just irresistible. Arshia Fashions a noteworthy manufacturer, exporter and supplier of a wide collection of Kids wear. Here you can find a wide range kids ethnic wear and western wear which includes kurta pyjamas, indo western, sherwani, pathani suit set and t-shirt, Jeans, trouser, shorts etc"
Clothing & Accessories,1,FirstClap Denim Full Length Dungaree for boys & girls| dress for boys| Jumpsuit for kids | Unisex Firstclap play full dungaree. Boys dungree made of Denim twill make your child to feel comfortable.the dungaree shown is Full length
Household,3,Nilkamal 3-Door Corner Cabinet (Ivory) Size:Standard                                                                                 |                            Color:Ivory   Multipurpose corner cabinet; Can be used anywhere in the House.
Clothing & Accessories,1,New Day Girls Cotton Panties Pack of Ten It's a set of 10 cotton panties. Note: The product color might change depending on the stock.
Electronics,2,Casio NJ-120D-BU Portable Calculator (Blue) * 12 digits. * Extra Large Display. * Localised number system. * 150 checks check. * Review & Auto Review. * Dual Power - Solar/Battery * 3 years warranty by Casio India
Clothing & Accessories,1,"Kuchipoo Unisex Kids Hooded Sweater Jacket Zipper Orange This product is made from fleece and finished in an attractive orange color. It features long sleeve, hooded, zip closure and is targeted towards both boys and girls. Furthermore, it is recommended to be kept away from extreme heat, fire and corrosive liquids to avoid any form of damage."
Clothing & Accessories,1,"Jainsons Women's Belt This product is made from waxed cotton cord and finished in a attractive white color. Add a stylish element to your look by getting this belt. Crafted from the finest quality fabric, this white colored belt is sturdy and highly durable. It is reversible and comfortable to wear with an eye catching design and alluring colour. This piece will go well with almost every type of attire.belt widrh is 2cm, length is 160cm approx."
Clothing & Accessories,1,"BODYCARE Pure Cotton Plain Multi-Coloured Trunk for Boys & Kids (2053-Packof4) Bodycare Brings a new collection of Boys Brief Pack of 4, 100% cotton fabric with attractive design and stylish trendy look."
Electronics,2,"NISUN USB 3.0 CD DVD-RW Drive, External CD/DVD-RW Writer Burner Drive for Laptop and Desktop PC"
Clothing & Accessories,1,"Royal Men's Art Silk Blend Dhoti Kurta Set_Golden Accompanying the royal heritage.Royal Kurta Being india's largest and fast growing brand in men's ethnic wear brings out the most unique collections of dhoti &kurta sets .In almost 100 designs and 100 unique colours.Being the popular brand we assure the best price ,comfort and unmatchable stich and size customization in every product delivered.Kurta's are worn loose we recommened consider your shirt size while buying our products."
Clothing & Accessories,1,"BODYCARE Combo of Multicoloured Cotton Brief for Boys Pack of 4 Bodycare Brings a new collection of Boys Brief Pack of 4, 100% cotton fabric with attractive design and stylish trendy look."
Electronics,2,"Lapcare Multi Function Stand (Lap Station) Ergonomically designed laptop station is with adjustable height, angles and auto lock joint. Lap Station is a bliss for people who have a habit of working while sifting on bed, floor or couch for long hours. It keeps the laptop screen at eye level and makes working less tiring by reducing eye and neck strain, apart from providing support to hands to help type faster. Lap Station is compatible for all models of laptop."
Clothing & Accessories,1,AP Boutique Baby Boy Shirt Jeans Pant Set Birthday Party Wear Clothes Short Sleeves Tshirt with Scarf Baby Boy Shirt Pant Set.... with fancy Scarf....Party Wear...Birthday Outfits
Books,0,"Competitive Handbook of Nursing-VOL 1 Usefull for all nursing competitive examination like AIIMS, PGI, SGPGI, RRB, GMCH, ESIC, RPSC, RUHS, MNC, AND ALL NURSING ENTERENCE"
Books,0,"Asian Hobby Crafts Rainbow Art Scratch Paper Book Sheets with Stylus, 10 Pages: Pack of 1pc : Size 8 X 5.5 inches Color:8.5 x5.5 Inches(1pcs)   This is a set of 10 scratch papers and one bamboo scratch tool. Scratching the paper with the provided scratch tool reveals vibrant colors underneath. Scratching these papers is a fun activity for children and will keep them engaged. It is exciting for the child to see the design when it is revealed."
Books,0,India Unlimited Book 4: The Sports Quiz Book 
Books,0,AIIMS PGMEE SOLUTIONS MAY 2018
Books,0,Think And Grow Rich SELF HELP BOOK BY NAPOLEON HILL.
Household,3,"Cello Oasis Four Seater Centre Table (Ice Brown) Color:Ice Brown   Cello furniture brings convenience and style to your interiors. Elegant and functional furniture, this center table is well crafted and designed."
Clothing & Accessories,1,BODYCARE Pure Cotton Multi-Coloured Chhota Bheem Brief for Boys & Kids (964-Packof6) Bodycare brings collection of Chota Bheem Boys Brief pack of 6 with highly streachable easy to comfort & stylish designs with 100 % cotton fabric
Electronics,2,Storite Hdmi Extender Female To Female Coupler Adapter -Black
Clothing & Accessories,1,"Zacharias Red Fedora Hat for Kids (4-12yrs) This fashionable Fedora Hat has a black satin band just above the brim. Style: Fedora Material: 35% cotton ; 65% Polyester Size: 58 cm Satin ribbon band Provides Great Protection! UPF 50+ Protection Packable & Crushable can be worn by kids unisex,Girl and Boy."
Household,3,"Ebee 1312016 Study Table Size:Rectangle Shape   Its top made of engineer wood and its leg are made of iron. It is best suitable for study, laptop table and laptop rise."
Electronics,2,SaleOn™ CLTLLZEN Financial and Business Office Calculator with Large LCD Display (Black)-804 SaleOn CLTLLZEN Financial and Business Office Calculator with Large LCD Display (Black)-804
Books,0,My London Travel Journal 
Books,0,41 Years (1978-2018) JEE Advanced (IIT-JEE) + 17 yrs JEE Main Topic-wise Solved Paper Physics 
Household,3,Artesia handcrafted 5 panel premium quality wooden room partition/wooden room divider
Electronics,2,"AmazonBasics Apple Certified 30-Pin to USB Cable for Apple iPhone 4, iPod, and iPad 3rd Generation - 3.2 Feet (1.0 Meter),Black"
Electronics,2,"Swiss Military 45 Ltrs Black Laptop Trolley Bag (LTB-2) Load up your laptop, files, cables, chargers and other accessories in style with this unique yet practical laptop overnighter."
Books,0,Mathematics for Joint Entrance Examination JEE (Advanced) Algebra 
Clothing & Accessories,1,612 League Girls' Shorts
Household,3,Amazon Brand - Solimo XL Bean Bag Cover Without Beans (Red and Black)
Books,0,How to Play Guitar Step by Step: The Complete Guide to Mastering the Guitar (Step By Step Book & DVD) 
Books,0,Models: Attract Women Through Honesty 
Electronics,2,"Dell 19.5V-3.34AMP 65W Laptop Adapter (Without power Cord) Design Features of Dell Laptop - Power adapter - 65 Watt (No Power Cable) The Dell 65-Watt Inspiron AC Power Adapter helps you to charge Dell laptops, with screen size ranging from 13-inches to 17-inches. The Inspiron power adapter provides you with continuous power supply. The adapter is lightweight for ease of use. The 3-pronged plug design of the Dell Inspiron laptop adapter prevents voltage drop. You can easily plug it into any wall outlet to deliver AC power to your laptop"
Electronics,2,"AmazonBasics Micro USB Charging Cable for Android Phones (3 Feet, Black) - 3 Pack Size name:3 Feet                                                                                 |                            Style name:Pack of 3   AmazonBasics Micro USB Charging Cable for Android Phones (3 Feet, Black) - 3 Pack"
Clothing & Accessories,1,Cherokee by Unlimited Boys' Regular Fit Shorts Cherokee apparel junior shorts. It is made of 100% cotton poplin fabric with checks pattern.
Clothing & Accessories,1,"Naughty Ninos Girls Pink Fleece Jacket Its time to snuggle up for your little ones and get cozy in this jacket from the House of Naughty Ninos. Made of polyester, the jacket is fillled with polyfill to insulate and keep your naughty one warm. Team it up with a denim or warm trouser and match it with tan boots to complete the look."
Electronics,2,"WensLTD Magnetic Auto Sleep Cover Case for KOBO Arua Edition 2 eReader + HD Screen Protective Film +Touch Pen Feature: 100% Brand new and high quality. This case have AUTO sleep function Open >turn on , Close > Turn Off The lightest and thinnest protective cover for KOBO  Arua Edition 2 eReader Wake or put your device to sleep by opening or closing the cover Secures your device without straps covering the front Magnetic clasp ensures cover is securely closed PU leather exterior protects with style Unique Design Weight:90G Package Included 1x Case 1x Touch Pen 1x HD Screen Protective Film"
Electronics,2,"AverMedia C285 Game Capture HD II TV Tuner Card Style name:Game Capture HD2   Avermedia's game capture hd ii is the best console mate that helps you collect and share in-game scenes. Simply connect it to your game console and the hdtv and recording 1080p gameplay is just one press away. Guess what, you don't even need a pc for that."
Books,0,English Literature: Its History and Its Significance for the Life of the English-Speaking World 
Clothing & Accessories,1,Sinimini Trendy Girls Leggings (Pack of 2) Sinimini Trendy girls leggings (pack of 2)
Electronics,2,"Sony SL-EG2 240GB TypeC USB 3.1 External Solid State Drive (Black) This high capacity, stylish and compact external SSD is the ultimate tool for smooth photographic and creative workflows. The USB Type-C/USB 3.1 Gen 2 interface delivers quick accessibility and fast backup, up to 540 MB/s (read), between a wide range of PCs and smartphones. Reliable and durable, the ""wave surface"" design also ensures a sure grip and fingerprint resistance."
Household,3,"100yellow Paper Buddha Posters, 12x18 Inches (Multicolour)"
Electronics,2,"Sandisk Cruzer Blade USB 2.0 64 GB USB Flash Drive Sandisk 64GB Cruzer Blade USB Drive. With its stylish, compact design and generous capacity, the Cruzer Blade USB Flash Drive makes it easy to back up, transfer, and share your files. Available in capacities up to 64GB , this USB drive lets you carry your photos, movies, music, and personal data wherever you go. High-Capacity Drive Accommodates Your Favorite Media Files. Simple Drag-and-Drop File Backup. Compact Design for Maximum Portability."
Books,0,Politics in India since Independence Textbook in Political Science for Class - 12  - 12119 
Household,3,"Bluewud Osnale Coffee Table (Wenge, Rectangular) BLUEWUD osnale coffee / center table (Wenge, Rectangular).Osnale coffee table has a rustic and natural style, it provides plenty of space for your decorating needs. Its engineered wood make a statement in your living space"
Clothing & Accessories,1,"Weavers Villa Women's Poly Cotton Scarf (Multicolour, Medium) - Pack of 3 Enrich your look with the set of 3 superior range of the summer scarf by weavers villa. These are very elegant, colourful and trendy scarf. These scarfs are made from 100 per cent poly cotton yarn. Soft, light-weight and skin-friendly. These scarfs are not only true value for your money but also stylish and comfortable to wrap around at the same time. Wash care: light hand wash. Size: 50x175 cm. Think trendy. Be trendy."
Electronics,2,"IT VISION ™ 15 PIN MALE TO MALE VGA CABLE 1.5 Meter The VGA Cable is the ultimate link for connecting your desktop or laptop to a monitor or projector. The combination of connectors, heavy 28 AWG bare copper conductors, foil & braid shielding, and dual ferrite cores provides superior cable performance. Molded strain relief connectors, finger-tightened screws, and easy-grip treads increase durability, ensure a secure connection, and make plugging and unplugging a breeze. Specifications: -Connector: HDDB15 15-pin (male to male) -Jacket: PVC -Gauge: 28 AWG"
Electronics,2,"Canon Pixma G3000 All-in-One Wireless Ink Tank Colour Printer P-S-copy, 8.8ipm (mono), 5.0ipm (color), 4800dpi x 1200dpi, 6000 pages print black and 7000 pages print color with additional two balck ink bottle and WI-FI."
Clothing & Accessories,1,"Krystle Men's and Women's Wool Touch Screen Magic Knitted Gloves Winter Warm Smart Phone Mittens (Multicolour, Free Size) Pack of 2 Keep your fingers nice toasty and ready to tap, type and scroll. A special conductive fabric is woven into the tips of the index finger, middle finger and thumb allowing for full navigational control of your touchscreen. Perfect for nearly ALL touch screens, including smartphones, MP3 players and tablets. These stylish Pink color knit gloves keep your hands warm in harsh weather conditions while you type, text and touch, no more frozen fingers."
Household,3,"@home by Nilkamal Edward 3 Door Wardrobe (Melamine Finish, Walnut) Who doesn’t need a wardrobe that is both storage-efficient and stylish? Nilkamal’s Edward wardrobe belongs to that category of modern furnishing which is equally trendy and effective. The product comes with two doors parting in the middle and provided with a safe locking system. Inside it has a big enough hanging space with a rod in the top half of the wardrobe."
Household,3,"All Time Frosty Plastic Bathroom Stool - 26.4 cm x 26.4 cm x 21.3 cm, Green Color Name:Green   Our bathroom stool are ergonomically designed with a rounded edge surface to ensure comfort and a sturdy body to ensure stability."
Household,3,MBTC Three Seater Airport Visitor Waiting Chair With Cushion Dimensions & Shipping Max. Overall Height (cm) 108 cm Min. Overall Height (cm) 77 cm Overall Width (cm) 175 cm Overall Depth (cm) 65 cm Weight (kg) 29 kg Shipped In 2 Parts Assembly Type Knock down
Electronics,2,"DMG Matte Screen Scratch Guard Screen Protector for Apple iPad Air 2 The matte anti-glare screen protector is made according to the dimensions of the apple iPad air 2. Perfect fit and relatively easy to apply, the screen protector leaves no bubbles behind. Surface prevents finger prints on the screen. Product features screen protector prevents your screen from getting scratched - no haziness - no bubbles - less glare."
Books,0,Ballet and Modern Dance Third Edition: Revised And Updated By James Rutter (World of Art) Review Will be of benefit to all dance lovers. — Backstage 				    	 					 About the Author Susan Au is a freelance writer and dance historian. She is a contributor to The International Encyclopedia of Dance and was the American consultant for The Concise Oxford Dictionary of Ballet.
Clothing & Accessories,1,"ahhaaaa Boy's Blended Waistcoat, Shirt and Trouser Set ahhaaaa brings exclusive festive range for little infants. The range has been carefully crafed keeping the comfort of your delicate baby. So, grab this set of shirt, jacket and jeans and make you little baby centre of attraction this festive season."
Household,3,"RajRang Vintage Soft and Warm Decorative Patchwork Cotton Throw Blanket (51 x 67 inches, Multicolour) Size:130x170   Our superior quality patchwork quilted throw in cotton is finely stitched with beautiful paisely print. It's exceptionally woven from the finest materials for a sumptuously plush feel. It measures 51""x67"" and is a great gift for yourself or a friend.Drape our cozy throw anywhere you need a layer of texture and warmth."
Household,3,"DeckUp Cove 3-Door Wardrobe with Mirror (Dark Wenge, Matte Finish) Assembly Required: The product requires basic assembly and comes with DIY (Do-It-Yourself) assembly instructions."
Household,3,"Am Fancy Most Popular Gold Bead Cap Designs For Jewellery Making, Pack Of 250 Caps Flower caps for jewellery making. Highly used in silk thread jhumkas and bangles. For creating variety of earrings nd neckpieces. 5 different styles of flower caps in the box. Excellent quality. # Style 1= 50 caps # Style 2= 50 caps # Style 3= 50 caps # Style 4= 50 caps # Style 5 =50 caps Slight variation in design may be possible as per availablity."
Household,3,"STARVIN® Premium Fan Heater Heat Blow || Silent Fan Room Heater (White) || with 1 Season Warranty || M-05 A fan heater is a heater that works by using a fan to pass air over a heat source (e.g. a heating element). This heats up the air, which then leaves the heater, warming up the surrounding room. They can heat an enclosed space such as a room faster than a heater without fan, but, like any fan, create audible noise."
Books,0,Concise Dictionary of Proverbs: Making Use of Proverbs  To Write Attractive English 
Electronics,2,"MOSISO Polyester Fabric Multifunctional Sleeve Briefcase Handbag Case Cover Compatible 13-13.3 Inch Laptop, Notebook, MacBook Air/Pro, Pink Size name:13-13.3 Inch                                                                                 |                            Colour:Pink   Why should take this bag? This Mosiso Polyester Fabric Multifunctional Sleeve Briefcase Handbag Case Cover for Laptop, MacBook or Notebook while you are on the go. Mosiso 1 year warranty on every bag."
Books,0,Barron`s Essential Words for the GRE 
Electronics,2,ASUS X541UA-DM1187T 15.6-inch Full HD Laptop (7th Gen Ci3-7100U/4GB/1TB/Win10) Asus X541UA-DM1187T 15. 6-inch Full HD Laptop (7th Gen Ci3-7100U/ 4GB/1TB/ Win10).
Clothing & Accessories,1,Generic Women's Denim Slim Fit Jeans with 5 Button Take a more relaxed approach towards fashion wearing these colored jeans from janon. These product will keep you comfortable the entire day.
Household,3,"Vardhman Bunny Mix 4 no. (6 pc Pack) Wool Ball Hand Knitting Wool/Art Craft Soft Fingering Crochet Hook Yarn, Needle Acrylic Knitting Yarn Thread Dyed Vardhman Wool is ideal for knitting sweaters, Art & Craft, etc. Items made from this yarn may be laundered through the use of water, detergent or soap and gentle hand manipulation; No bleach product may be used"
Books,0,"The Anatomy of Exercise and Movement for the Study of Dance, Pilates, Sports, and Yoga About the Author Jo Ann Staugaard-Jones is a professor of kinesiology and dance, and has been teaching for more than 30 years. A certified Pilates and yoga instructor with a master’s degree in dance and education, she teaches interactive movement workshops across the U.S. and sponsors international holistic retreats at www.neatretreats.com. She lives in Andover, NJ."
Electronics,2,"Lenovo Tab 3 710I Tablet (7 inch, 8GB, Wi-Fi + 3G + Voice Calling), Black 2MP primary camera and 0.3MP front facing camera,17.78 centimeters (7-inch) IPS capacitive touchscreen with 1024 x 600 pixels resolution,Android v5.1 Lollipop operating system with 1.3GHz MediaTek quad core processor, 1GB RAM, 8GB internal memory and single SIM,3450mAH lithium-ion battery,1 year manufacturer warranty for device and 6 months manufacturer warranty for in-box accessories including batteries from the date of purchase"
Clothing & Accessories,1,"Hhumanmakerr Men's Cotton Team India Supporter Cricket Cap (Blue, Free Size) Made from 100% Fine material, extra wide brim for maximum protection from the sun. This cap is built for casual wear, Outdoor fashion, Baseball, Cricket, Football, Hockey, IPL, College matches. and are made up of 100% superior cotton fabric materials which provides a smooth feeling. Good-quality fabric material gives a perfect shape, one size fits all. Use as casual or wear while playing for the team in sports tournaments. Wash care instructions: 100% cotton, Wash dark colors separately, hand wash, Do not bleach."
Household,3,"Firstchoiceale Inflatable Sofa Chair For Kids 60 Kg Intex inflatable chair for all. Size 25"" x 24"" x 29"". Quality tested transparent vinyl. Portable, durable and comfortable. Easy to inflate, deflate and store. Holds weight upto 60 kgs warranty : 1 month vendor"
Books,0,"TOWARDS A THIRD CINEMA The on-screen offerings of Hollywood and Europe have colored the popular perspective of cinema- What it is and what it should be- to such a great extent that the filimic contributions of Latin American directors remain largely uncharted. This book , with its compelling insights, intends to put the stylistically groundbreaking, exceedingly true to life and aesthetically mesmerizing Latin American cinema on the map and establish it as the ""Third Cinema""."
Clothing & Accessories,1,"FabSeasons Acrylic Woolen Winter Gloves for Baby Girls, fits for 2-5 years Elastic closure Material: Acrylic wool. (Hand wash recommended). Keeps your hands warm & soft. Super Soft and doesn't feel itchy . For Baby girl 2-3-4-5 years old"
Clothing & Accessories,1,"Montu Bunty Wear New Born Baby Woollen Cardigan (Yellow, 0-6 Months) Color:Lemon Yellow   Stylish sweater is a combination of both. Made of wool this sweater has long sleeve v-neck and a regular fit. maintain. Make your baby feel warm and cozy with this beautiful knitted wool sweater."
Electronics,2,"F Gear Luxur Black 25 liter Laptop Backpack A fashionable laptop backpack. This full-featured pack makes space for everything essential with multiple zip pockets on the exterior, plus a ready-to-go interior with padded laptop compartment and other storage solutions."
Electronics,2,"Lifestyle-You™ Imported Universal Phone Tablet Aluminium Desktop Stand Mount Holder for All Tablets Including iPad Air Pro. 1.Lightweight and Solid, the durable aluminium body ensures reliability. Compatible with all devices, especially the iPad pro and other 10 inch Tablet models. 2. Made of aviation grade aluminium, higher strength, lighter weight. 3. Multi angle adjustable, supporting both vertical and horizontal viewing. 4. Silicone pads for protection against scratches to your device 5. Perfect for watching videos, viewing photos, reading, typing, video recording."
Clothing & Accessories,1,"Fastrack UV Protected Sport Men's Sunglasses - (P223GR1|66|Green) Product Description FASTRACK P223GR1 is a sports type, Full-frame Sunglasses for Men,Women of size with dimensions66-16-123 and lens height42, an comes in Black color, made from high quality Acetate The Lenses are Green in color and UV Protection made from high quality CR 39 for ultra sun protection. Sales package includes; 1Fastrack Sunglass::1 Case::1 Cleaning Cloth::1 Lens Cleaning Liquid. 				    	 					 Seller Warranty Description 1 year"
Electronics,2,Microsoft Surface Pro Pen (Silver) This is a Microsoft Surface Pro Pen (Silver). Write and draw naturally. Create without limits.
Electronics,2,Redgear Blaze 3 colour backlit gaming keyboard with full aluminium body & windows key lock 104 keys with 10 million keystroke life.
Books,0,An Introduction to Indian Philosophy 
Electronics,2,"Kindle E-reader - Black, 6"" Glare-Free Touchscreen Display, Wi-Fi"
Household,3,Mamta Decoration Sheesham Wood Dining Table Set for Living Room | with 8 Chair | Teak Finish
Electronics,2,"APC BX600CI-IN Back-UPS 600 VA, 230V Power protection and management solutions from home to data center to industrial environments. Includes: UPS Management, Special Applications, UPS Replacement Batteries, Computer and Peripheral, Data Center and Facility 3 Phase UPS and Network and Server."
Books,0,Advanced Problems in Physical Chemistry 
Household,3,"Kiddale Bedrail Baby Bedside Protector : Extra Long (6x2.2 ft) Foldable Safety Guard to Protect Baby, Kids & Senior Citizen from Side Falling- Baby and Kids Products-Pink"
Books,0,Barrons Reading Workbook for the New SAT 
Books,0,CBSE NCERT Solutions - Biology for Class 12  for 2018 - 19 
Electronics,2,Wildcraft Work Packs'18 21 Ltrs Black Laptop Backpack (Streak Plus) Fits upto 15 inch. Side mesh pocket for water bottle. Padded back system for carrying comfort. Webbing haul loop. Internal organizer.
Clothing & Accessories,1,ayushicreationa Premium Cotton Multicolored Striped Ankle Length Socks for women - Pack of 5
Clothing & Accessories,1,"Hap Boys Trunks | Pack of Five |Innerwear/Boxer /Drawer Upgrade your little Juniors underwear collection by adding this pack of 5 multicoloured trunks from HAP for Boy's. Made from stretch cotton fabric, these trunks are high on comfort and quality. Comprising attractive solid colours, these trunks are best summer choices for your little man."
Electronics,2,"Logitech MK275 Wireless Keyboard and Mouse Combo With comfortable, quiet typing, a sleek yet sturdy design and a plug-and-play USB connection, the Logitech wireless combo MK275 gives you a better typing experience that's built to last."
Electronics,2,"XP-Pen Artist16 Pro 15.6-inch Pens Display Stand with 8192 Levels of Pressure Sensitivity, 92 Percent Adobe RGB Match (Black)"
Electronics,2,"Portronics POR-717 M Port 24 USB 2.0 Aluminium HUB with 4 USB Ports for Mobile Phone and Tablets Portronics M-Port 24 once again revolutionizes the way we move data from our computer to our devices. Easily add four USB ports to any computer ensuring that all your USB needs are met. Enjoy transfer rates of up to 480Mbps allowing you to copy videos, music, photos, data files between USB devices and the computer at blazing fast speeds. No drivers are necessary as this is a simple plug and play device."
Household,3,"Outgeek 5PCS Artificial Fruit Decorative Fruit Fake Artificial Apple for Home Decor Color: Dark red, redMaterial: FoamSingle Size: Diameter 8cm(3.15in)Package Includes: 5 x Artificial fruitNote:- Please refer to the measurement. Tiny measuring error is allowable in normal range.- There might be a little color difference due to the monitor, camera or other factors, please refer to the physical item.Package Including5 x Artificial fruit"
Electronics,2,AWINNER Universal Silicone Keyboard Protector Skin for 15.6-inch Laptop Universal Silicone Keyboard Protector Keyguard Skin cover for 15.6 Inch Laptop
Electronics,2,"Cosmic Byte Hailstorm Laptop Vacuum Cooler (Black and Blue) Smart temperature control with manual and automatic settings. Less noise, small size for convenient use. FAN SIZE: 75x75x25, Product weight: 160gms. Maximum airflow: 23.5 CFM. Fan Speed: 1500-3200 RPM +- 10 percent, Input Power: 2W."
Books,0,MCQs in Pediatric Dentistry 
Books,0,"Story Books set of 10 in Tamil with 101 Moral Stories from Inikao Contails 10 (King Size 240mm x 180mm(B5)) Books of 16 pages, with total 101 Stories for kids in tamil"
Electronics,2,"Dahsha SATA Optical Bay 2nd Hard Drive Caddy, Universal for 9.5mm CD/DVD Drive Slot (for SSD and HDD)"
Books,0,Environment Revised Edition 
Books,0,Padhuka's A Ready Referencer on Advanced Management Accounting: for CA Final Old Syllabus 
Books,0,"Software Engineering: A Practitioner's Approach About the Author About the Author: Roger Pressman is a famous American author, consultant and software engineer. He completed his master's degree in the University of Bridgeport. He received his PhD from the University of Connecticut. He is also the President of R. S. Pressman And Associates. Apart from this book, Pressman has also authored Software Shock: The Danger And The Opportunity, Web Engineering: A Practitioner's Approach, Numerical Control And Computer-Aided Manufacturing and Software Engineering: A Beginner's Guide."
Electronics,2,Pantum P2200 Laserjet Printer (Grey)
Household,3,Nilkamal Novella Chair (Blue) Stackable Chairs available in Different Colors; Ideal for Long lasting usage.
Household,3,"Ashton FS100 Adjustable Footstool for Guitar Ideal for classical guitarists. It has Sturdy footrest, height adjustable.It features non-slip rubber pad and end-caps and folds flat for easy storage."
Clothing & Accessories,1,Kuchipoo Unisex Cotton Combo Of 5 Full Sleeve T-Shirts
Clothing & Accessories,1,"StoresHub Unisex Ankle Length Socks (White, Grey and Black) -Pack of 3 Storeshub Latest collection of socks consists of 80% Cotton 16 %Nylon 4 % Lycra. Soft and absorbent fabric, stylish look, Ankle Length, formal wear, sports wear and other casual wear for men, women, boys. Ultimate fit and comfort, designed to move with you on and off the court. Bring home this comfortable pack of 3 cotton socks for all your casual, athletic and daily activities in ankle length."
Household,3,Mamta Decoration Sheesham Wood Dining Table with 4 Chairs | Home and Living Room | Mahogany Finish | Brown
Household,3,Tulip Recliner Chair (Black)
Books,0,RRB JE Study Guide 2019 Stage 1 
Electronics,2,"HP AIO 20-C102IL 19.5-Inch Screen All-In-One Desktop (Celeron J3060, 4GB DDR3 RAM, 1 TB HDD, DOS, Intel HD Graphics), Black HP AIO 20-C102IL Celeron J3060, 4GB DDR3 RAM, 1 TB HDD, 19.5"" Screen, DVD RW, Wired keyboard and mouse, DOS 1 year warranty."
Clothing & Accessories,1,"Minor Mappillai Boys' Silk Clothing Set Minor Mappillai presents boys' silk clothing set which includes 1 silk shirt, 1 silk dhoti and 1 silk towel. This silk orange colour shirt is half sleeve and regular fit."
Electronics,2,XR MARKET Compatible Asus Google Nexus 7 Screen Replacement XR MARKET XR MARKET Compatible Asus Google Nexus 7 Screen Replacement
Clothing & Accessories,1,"RC. ROYAL CLASS Kids Calf Length Terry Cushion Cotton Socks (Pack of 5 Pairs) (3-48 Months) Striped terry/towel socks for kids (3-48 months) made from super soft cotton yarn and spandex for elasticity. Terry outside the socks gives extra comfort to kids, gives a feel like walking on carpet, very smooth and soft socks for kids, made from pure cotton yarn."
Household,3,"Dr. CHARCOAL Non-Electric Air Purifier, Deodorizer and Dehumidifier for Living Room, Kids Room, Bedroom, Pet Areas - 500 Grams (Classic Neel)"
Books,0,"Pathways to Greatness About the Author Dr A.P.J. Abdul Kalam was the eleventh President of India, from 2002 to 2007, and a recipient of the Bharat Ratna. As an elder and popular statesman, he was in the public eye for his role in offering counsel and building bridges across religious and social divides."
Household,3,"Fourwalls 75cm Artificial Areca Plant with 21 Leaves Fourwalls is your one stop solution for all your needs pertaining to Artificial Flowers, Artificial Plants, Vases, Planters and Artificial Trees."
Clothing & Accessories,1,ICW Girls' Scarf (Multi-Coloured Small) 22 x 72 Inch Chiffon Scarf Dimension = 28 inch x 72 inch
Electronics,2,"Asus ROG Strix GL503GE-EN169T 15.6-inch Laptop (8th Gen Intel Core i5-8300H Processor 2.3 GHz/8GB/1TB/128 GB/SSDWindows 10/GDDR5 4GB Graphics), Aluminum The all-new Strix GL503 is as sleek in appearance as it is strong in performance. Its understated, black brushed-metal cover conveys an inner focus and sophistication possessed by the most dedicated players — those who know how to keep their calm during even the most ferocious confrontations."
Household,3,Generic Hudson Mark Dressing Table with Stool (Black) The hudson's dresser is great for those who want to give a modern touch to their rooms by incorporating visually light furniture.Made from compressed woodAssembly not required1 year complimentary service warranty against manufacturing defects.
Clothing & Accessories,1,Biba Girls Skirt BIBA today is the most loved ethnic wear brand in the country. BIBA Girls products are available now.
Electronics,2,"ZOOOK Data Card 14.4Mbps ZR-144+ Want more than just a standard browsing experience? Still stuggling with a wired dial-up connection? Kiss away your internet blues with ZOOOK's Rover-Connect ZR-144+ Modem quenches your speed-thirsty tech needs. The ZR-144+ lets you catch live TV, streaming videos and music on the net at the rate of knots. Enjoy 3G connectivity they way it is supposed to be full-throttle speed of 14.4 Mbps. With the ZOOOK Soft Wi-Fi you can create your own Hotspot which built-in now,you can even share the internet connection with family and friends over PC/Notebook Wifi."
Books,0,"ISRO Previous year Question Papers with detailed solution- Civil Engineering This book is a collection of previous question papers along with its detailed solutions of exams conducted by ISRO for Civil Engineers. Questions comprises from ISRO Scientist/Engineer, Technical Assistant- Civil, Draftsman- Civil. This book will be helpful for B. Tech, Diploma holders in Civil Engineering for preparing exams from various PSU's."
Electronics,2,"HP Slimline 270-p033in 2017 Tower Desktop (7th Generation Intel Core i3-7100/4GB/1TB/Windows 10 Home/Intel HD Integrated Graphics) Conquer your day with the expanded storage, powerful processor, tested reliability and smaller footprint of this slimmer HP tower. Finding an affordable tower with the full performance you need and the name you trust just got easier."
Electronics,2,Belkin F5L055BTBLK Laptop Cooling Pad with Patented Air-flow Wing (Black) Colour:BLACK   Colour:BLACK. LAPTOP COOLING PAD. Superior cooling and quiet technology . Patented Airflow Wave Design for quiet cooling . Ergonomic and lightweight . USB-powered
Household,3,"24"" Powder Coated 5 Door Steel Shoe Rack Slim and space-saver shoe rack made of prime quality steel sheets with 100 percent powder coating. Wall mountable, this can fit in any corner of the home and also outside the house. It comes with a lock and key arrangement. The whole unit can be locked with a single key. It has air louvers for ventilation to keep your shoes smelling fresh. Includes screws for easy installation."
Clothing & Accessories,1,"HeadTurners Milky White Cricket Dress White Cricket T-Shirt and Trousers Combo Uniform Dress for Mens, Boys and Kids"
Books,0,"Official GRE Super Power Pack About the Author Educational Testing Service (ETS) is a private, nonprofit organization devoted to educational measurement and research, primarily through testing. Founded as a nonprofit in 1947, ETS develops, administers, and scores more than 50 million tests annually―including the TOEFL® and TOEIC® tests, the GRE® tests, and The Praxis Series® assessments―in more than 180 countries, at over 9,000 locations worldwide."
Books,0,The Prophet 
Clothing & Accessories,1,"Neska Moda Kids Unisex Cotton Mid-Calf Black & White 3 Pair School Socks Neska Moda Presents Boy'S & Girl'S Mid Calf Length School Uniform Socks. Made From Cotton, These Socks Are Very Soft And Comfortable For Daily Wear. These Socks Can Be Used As Regular Or Occasionelly. The Smooth Fabric Gives More Comfort To Feet. Buy Neska Moda School Unifrom Socks."
Household,3,"Royaloak Grape Bedside Table with 2 Drawers (Black and White) The visual appeal of this bedside table, from Royal Oak, lies in the contrast between the dark brown and white finish. As functional as it is beautiful, it has two spacious drawers that can be used to hold all your bedtime essentials and more. Place a sleek night lamp on top of the table to complete the setup."
Household,3,"MBTC Essilor PU 360° Height Adjustable Kitchen /Office / Bar Stool In Black Color:Black   This beautiful bar stool chair is sure to be the envy of all your friends. The chrome steel base and footrest work in harmony with a hydraulic piston for smooth adjustments which is a little reminiscent of a carousel pony pole, while the supple feeling of leather like graces the seat and back for comfort. The contemporary brown faux leather covering for years of wear and easy care. It must be a fashionable statement for your bar or conversation table."
Books,0,Gulliver's Travels 
Electronics,2,Cables Kart 2 Port Manual VGA Splitter VGA Splitter for CCTV System set up. you can switch your CCTV Screen and PC output by using this 2 way VGA Splitter Image showing 2 sides of single product. Please note you will get only single pc in this order.
Books,0,The Best of Panchatantra 
Books,0,Illustrated Traditional Stories 
Electronics,2,AmazonBasics Mini DisplayPort to HDMI Adapter - 6 Feet Style name:1 Pack                                                                                 |                            Size name:6 Feet   AmazonBasics Mini DisplayPort to HDMI Adapter - 6 Feet
Household,3,Woodkartindia Wooden Doll House Miniature Dinning Table for Kids 3+ Years This dining table chair model set is well designed and crafted for your children to have the best house-hold companion for all day long playing. Imitation big table with four chairs which each has a hollow on the back is very stylish and fashionable. This table model set is great miniature furniture for your dollhouse living room and an excellent decoration for your interior model.
Clothing & Accessories,1,Lavi Tavi Baby Thermal Inner Wear Stock up your little ones wardrobe with Lavi Tavi Thermal Set to give your kid an extra warm layer this winter. This set of Littly full sleeve thermal vest and legging are made from soft fabric which will keep your little one warm and cozy. The high quality fabric provides extra comfort and the front open thermal vest ensures fuss free dressing.
Books,0,"The Oxford Hindi English Dictionary Review `this new dictionary, a product of over twenty years labour, is an admirable achievement and a commendable addition ... any student who purchases this one will receive ample return for the investment' --Alan Entwistle 				    	 					 About the Author Ronald S. McGregor has been a lecturer in Hindi at Cambridge since 1964. He is the author of many publications on the Hindi language and its literature."
Clothing & Accessories,1,KRYPTAR Boy's Cotton Boxer (Pack Of 5) (Boxer025) Perfectly stitched pre-washed checkered pattern boxers from Inspire in attractive colors. Very soft handfeel. Can be worn at home or as sleepwear with a superior elastic for extra comfort. Mock fly in front. You can wear it up with your favourite casual tee and flip flops.
Clothing & Accessories,1,Allen Solly Boys' Plain Regular Fit Shirt Allen Solly Boys' Plain Regular Fit Shirt
Clothing & Accessories,1,"Jockey Boys' Cotton Boxer Shorts Genuine Jockey comfort, fit and quality, 100% combed cotton woven fabric, authentic Jockey USA originals design, double reinforced seams, durable and soft high tech inner waistband, back pocket, to be worn as loungewear, leisurewear and innerwear."
Books,0,10 Years CBSE Champion Chapterwise-Topicwise - Biology: Class 12 
Clothing & Accessories,1,T2F kids girls printed capri (Pack of 5) Blue-Black-Red-Purple-Rose
Electronics,2,"WD Green 120GB Internal Solid State Drive (WDS120G1G0A) Capacity:120 gb   Compatible with most desktop and laptop PCs, WD Green SSDs are available in 2.5” 7mm and M.2 2280 models for simple, worry-free upgrading.Monitor your drive’s health with the free, downloadable WD SSD Dashboard and clone drives with Acronis True Image WD Edition software.Every WD Green SSD includes a 3-year limited warranty so you can confidently trust WD for all your data needs."
Clothing & Accessories,1,"Marc Jacob Boy's Cotton Ankle Socks (2553-53-3, Assorted Colour, 7-10 Years) -Pack of 5 Marc jacob unisex cotton ankle solid socks for 7-10 years and comes in multicolour and a pack of 5."
Clothing & Accessories,1,"Kingsway kkmfmfullf00025 Balaclava/Full Face Mask for Boys and Girls (Black) Kingsway riders face mask which protects your nose and ear from cold, snow, blizzards, etc. It covers your face except your eyes and forehead. It is made up of very soft material andfortable to wear. There is a small cut-out for breathing and ventilation also."
Electronics,2,"Mind Reader 3-Shelf Printer Cart, Stand with Wheels, Drawer, Cord Management, Black Size:3 Tiers   Save valuable space and gain mobility for your printer, scanner, fax machine, and any other office machine weighing up to 75 pounds. Unit is small enough to fit under your. It will not only hold your machine, but help organize your desk as well. There are three wire friendly shelves to help store all your office essentials."
Household,3,"Forzza Krabi Folding Outdoor Recliner Chair (Blue and Black) Color:Blue and Black   Adjustable chair for lying-down and sitting. The firm welding of the steel structure makes it strong and is finished with scratch resistant and rust-resistant powder coating. The high quality all- weather fabric provides good seat support and has superior UV protection. Great thought has gone into the design for easy folding, portability and storage. Convenient and practical and easy to store."
Electronics,2,"Iball-Intel Desktop PC CPU Computer CORE i-5 Processor with 4GB RAM, 1 TB Hard Disk and WiFi This is a Desktop PC intel i5 650 processor, Ram 4gb DDR3, 1tb hard disk, LG DVD writer."
Electronics,2,Cost2Cost1 Mini Bluetooth Wireless USB 2.0 Dongle Adapter for Computer & Laptop Colour : black efficiently transmits and receives data : connect to the world of web or to other devices through wireless technology. The enter wireless usb bluetooth dongle featuring 2ghz processing speed lets you experience seamless.
Household,3,"DecorNation Meraki Engineered Wood End Table Nightstand, White Color:White   This modern style meraki end table nightstand from decornation is perfect for any room's decor and the white finish adds a warm touch to any space in your home. It will offer a simple, sturdy elegance for your living space. This end table nightstand has a top surface, one sliding drawer and an open storage area which is perfect for bedside reading. Decornation offers this meraki nightstand in multiple finishes, select your favorite color option above. Assembly required."
Household,3,"MBTC Clark Seat and Back Cushion Folding Chair The Quick-Fold Multi-utility Folding Chair provides a perfect accent chair for all outdoor areas- Garden, Patio, Balcony or Swimming pool deck. Folds flat for out-of-the-way storage, making it the perfect accessory for camping or fishing trips. Use it in tight spaces, like dorm rooms where space is at a premium. Weighing in at only 4.5 kgs , it easily supports up to 150 kgs."
Clothing & Accessories,1,"Adbucks Women's Silky Cotton Denim Stretchable Jeans Adbucks presents to you premium range of womens jeans. About us: established in 1992, we are a prominent manufacturer and trader of gents jeans, ladies jeans, readymade dress, shirts, t-shirts, ladies tops under the brand name of ""adbcuks"". Our organization works on the principles of unmatched . Our centric approach has enabled us to meet the demands of our reputed clients successfully and win their undeterred trust; thus becoming a renowned name in the industry ourselves."
Clothing & Accessories,1,Roble Party Wear Romper Baba Suit Dungree Jumpsuit Outfits For Newbron Babies Boys & Girls 6 Months -2 Years Unisex Dungree / Rumper For Newborne Baby
Household,3,Amaze (9' Tiltable Umbrella with 22 L. Capacity Hollow Plastic Stand) Garden Farm House Beach Camping Sunshade Patio Umbrella-(9') - Wine RED Push-open umbrella only after holding pipe and shaking a little to allow its fabric flapes widen to avoid bending of spokes. Every umbrella has a definite capacity to resist wind pressure.
Household,3,"iDream Home Decoration 5D Diamond Painting Rhinestone Seasons Tree DIY Mosaic Wall Decor (30cm x 40cm) 1.Find the corresponding number of the diamonds with reference to the table below the canvas. 2.Fill the point of the painting pen with right amount of painting diamond. 3.Stick the corresponding diamonds. 4.Stick the diamonds on to the corresponding canvas. 5.If you are not used to using the painting pen,you can choose to use the tweezers instead. 6.The rest of the diamonds can be put inside the valve bag. 7.Use book or your hand to press the diamonds to ensure it's stoutness."
Books,0,"My First Library: Boxset of 10 Board Books for Kids About the Author Wonder House has a dedicated team of editors and designers involved in the development of magnificent and enriching children books. The team pays special attention to develop age appropriate content and does extensive research on every topic included in the book. Our mission is to develop highly informative content which will help the children to master different skills. At Wonder House, we strive to make learning a joy."
Books,0,Postmodernism: A Very Short Introduction (Very Short Introductions) 
Electronics,2,Taslar USB LED Clock Fan with Real Time Display Function
Household,3,"Supreme Aqua Center Trolley Table,Globus Brown Supreme introduce new center trolley table which is unique and modern design.best suitable for home,office,parlour,cabin,lobby etc.supreme is the best brand in furniture making company.they have got a vast array of moulded palstic furniture,moulded plastic tables,plastic trolley etc."
Clothing & Accessories,1,"Satyam Kraft PU Leather(Pack of 1) Adjustable Buckle Belts Fashion Waist Strap BELTS For Casual and Formal - Belt For Men and Boys, color Design For Daily Use for gift diwali gift chrismas gift(BLACK) This Belt acts as the perfect accessory to complete your look and make you stand out at an affordable price. Featuring an elegant design, this men's belt is long-lasting, light weight and made of fine quality fabric. This belt is made of premium Genuine soft fabric to provide you a good accessory for everyday use. It comes with a classy white box packing that is perfect to gift to your love one."
Books,0,"Inquilab: Bhagat Singh on Religion & Revolution About the Author S Irfan Habib is an Indian historian of science, a widely published author, and a public intellectual. He was the Abul Kalam Azad Chair at the National Institute of Educational Planning and Administration (NIEPA), New Delhi. Before joining NIEPA, he was a scientist at the National Institute of Science, Technology and Development Studies (NISTADS), New Delhi."
Books,0,"CCNA Routing and Switching Portable Command Guide (ICND1 100-105, ICND2 200-105 and CCNA 200-125) "
Books,0,Human Biology 
Clothing & Accessories,1,"Kids Baby Boys and Girls Woollen Winter Body Warmer Striped Thermal Pyjama Bottom Pack of 6 A body-hugging thermal wear for icy days and chili nights Made from exceptional soft cotton, processed to draw moisture away Designed to be worn"
Electronics,2,"SteelSeries Rival 310 Gaming Mouse Rival 310 delivers true esports performance. Featuring the new custom TrueMove3 12,000 CPI, 350 IPS optical sensor and exclusive split-trigger buttons, you'll have the power of ultra-low-latency, rapid-response tracking and the performance of lightning-quick clicks. The world-renowned ergonomic Rival design gives you the same comfort and confidence the pros rely upon. Plus, Prism RGB illumination with lighting sync, six programmable buttons, on-board memory, and a light, durable construction combine to deliver the perfect esports mouse."
Household,3,Crompton  Hiflo 400mm Pedestal Fan LG Plastic body and base. Blades made of plastic for a modern look.
Household,3,"Gatsby Leather Styling Wax, Mat And Hard, 75g Style name:Mat and Hard   For trendy young men who want to create hairstyles that suit their personality.Long-lasting effect. It has a re-styling ability. Can create a voluminous Hirajuku style with rich expression. Provides volume by making hair curly with a strong styling ability. Arrrange desired hairstyle without stiffness and stickiness."
Books,0,Bank Interviews and Group Discussions This book is meant for bankers seeking promotion and those who have to face interviews occasionally.
Electronics,2,"Lenovo 310 20IAP AIO 19.5-inch All-in-One Desktop (Cel J3355/4GB/1TB/Windows 10 Home/Integrated Graphics), Black Size name:2017 Model   Ready out of the box-plug & play||Single cord PC for day to day computing||Light weight & modern design, weight only 3KG*||Integrated Web Cam, Mic, Speakers, WiFi & Bluetooth||19.5” Screen with photo frame stand design||7th Generation processor & integrated Graphics for well-rounded performances"
Electronics,2,"AverMedia Ezmaker SDK Express (C725) TV Tuner Card The AVerMedia EZMaker SDK Express (C725B) is a PCI-E video capture card equipped with composite, S-Video and stereo audio inputs for digitizing video from analog signals into uncompressed AVI format at 25/30 fps for a wide range of resolutions. It supports PAL, NTSC and SECAM video standards, and also comes with a software development kit that includes frequently used applications to allow system developers to integrate apps in various operating platforms."
Clothing & Accessories,1,"TheWhoop Round Spectacle Frame Eye Glasses For Men Women Boys Girls | Transparent Nightwear Unisex Eyeglass Crafted for Men & Women who like to celebrate unabashed styles and superior designs, these round spectacle frame eyeglasses from TheWHOOP are sure to lend them in a unique style.These stylish spectacle sunglass large frame have lenses that protect your eyes from the direct glare of the sun. Team them with a tee/top and a pair of regular-fit denims for a classy look. Note: These new pattern round eyeglass have replaceable lens , so can be used with power lens as a spectacle frame."
Clothing & Accessories,1,"SOFTONE Slim Fit Cotton Printed Legging For Girls Softone brings you high on fashion, easy on pocket, cotton rich leggings for kids and girls. Suitable for all weather climate, Eco-friendly and skin friendly dyes used, as your skin. Made of cotton lycra blend and the waist band being elasticated, Softone leggings will give you comfort and fit."
Household,3,eerafashionicing Jute Flowers Hobby Craft Decor for Event Dresses This product is Jute hessian burlap flowers decor event dresses designing.
Electronics,2,Saco Comfort Travel Pouch Bag for Mobile/Power Bank/Cables/USB Pen Drives/Memory Cards/Sim Cards/Small Electronics Accessories (Grey)
Household,3,"Segolike Ethnic Style Flower Lace Embroidered Floral Patches Fabric Applique Sewing on Clothes Dress 55cm Description:Fine workmanship, beautiful and in delicacy.Can be used for sewing on cheongsam or dance clothes decoration.Great for sewing as embellishments, suitable for DIY dress, clothes, costume, scrapbooking, bag, etc.Material: PolyesterLength: Approx. 55cm/21.65inchPackage Includes:1 Piece Sewing Applique"
Clothing & Accessories,1,"Kingsway Premium Full Face Mask/Balaclava for Boys and Girls (Size : S, Color : Black) Kingsway riders face mask which protects your nose and ear from cold, snow, blizzards, etc. It covers your face except your eyes and forehead. It is made up of very soft material andfortable to wear. There is a small cut-out for breathing and ventilation also"
Books,0,General Science for Competitive Exams - SSC/Banking/Railways/Defense/Insurance 
Books,0,My Thailand Travel Journal 
Books,0,"Freedom Rice Bran Oil, 1L (South) Freedom sunflower oil is clear, light and low absorbing."
Clothing & Accessories,1,"Kuchipoo Unisex Kids Hoodies Sweater Jacket Zipper Dark Grey This product is made from fleece and finished in an attractive dark grey color. It features long sleeve, hooded, zip closure and is targeted towards both boys and girls. Furthermore, it is recommended to be kept away from extreme heat, fire and corrosive liquids to avoid any form of damage."
Books,0,"Control Systems DRILL (200 plus New Questions with Meticulous Solutions) for GATE/ESE-2018 Mechasoft Publishers feel pleasure to facilitate GATE/ ESE Aspirants, Engineering Students and Engineering Professionals, with an accelerated pace of learning, GATE/ESE aspirants of EE/EC/IN with a set of 200 plus new questions together with meticulous solutions. The key idea is to bring the concepts of CONTROL SYSTEMS within the grasp of students and put them at natural ease to take competitive exams. 200 Plus New problems with solution strictly for GATE/ESE. Recommended for EE/EC/IN/CS"
Clothing & Accessories,1,"PINKIT Women's Ultrathin Cat Ankle High Low Cut Invisible Silk Cotton Soft Crystal Lace Elastic Socks - Pack of 4 (Multicolour, Free Size) Lace trim invisible crystal socks make you light and feel cool. Material:90%acrylic and 10% cotton,elastic,breathable. Size:one size fits all. Length: 7.87inch in bottom length and 3.94inch in tube length. Quantity: 4 pairs, four different colours as shown in image. Suitable for women, a perfect gift to yourself or friends."
Household,3,feathers Baby Boy's And Girl's Cotton Mattress With Plastic Sheet It is a baby mattress with a plastic sheet on one side. You can use this mattress on the bed or in the crib to protect the sheets from getting wet. It is very easy to wash and dry. you can easily remove the foam as there is a zipper on the side and can dry the mattress.
Clothing & Accessories,1,"BIS Creations Men's Cotton Boxers (Pack of 3) BIS Creations presents extra comfort boxers. Multi-colour men's cotton boxers. Superior combed cotton fabric for softness and lustre. Convenient side pocket and longer leg styling. Can be worn at home or as sleepwear with a superior elastic for extra comfort. Actual colours might vary for the image shown on the website. Fitting type: Regular fit and available in 4 sizes - medium(30 inches), large(32 inches), XL (34 inches) and Free size (31 inches) Wash: Hand and machine wash cold."
Books,0,Code Of The Woosters
Electronics,2,"Wellona Biotin Maximum Strength Capsules For Hair, Skin & Nails - 10,000 Mcg (60 Capsules) Flavour:60 Capsules   Biotin, The Wonder Element for Hair and Beauty - Rejuvenates The Health of Hair, Radiance of Skin and Strength of Your Nails. It Is A Vital B Vitamin, Traditionally Known To Boost Health of Hair, Skin and Nails."
Household,3,"KIDOMATE Kids Height Adjustable Study Table with Auto Height Lock and Tiltable Desk - Maintains Posture & Comfort"" 3-14 Years - Blue"
Clothing & Accessories,1,BODYCARE Tom & Jerry Printed Boy's Brief Pack of 6 from Bodycare brings collection of Tom & Jerry Printed Boys Brief with 100% fine comfort super combed cotton. Soft feel finished as the tender touch of a mother.Friendly cuddly prints take you to fantasy land even while sleeping. All round non-binding fit for a 24 hours comfort.
Books,0,Family Law Family Law
Books,0,An Introduction to Hindustani Classical Music 
Books,0,Modern Operating Systems 
Clothing & Accessories,1,JACKJO Boy's 4-Pcs Coat Suit Set Royal Blue This Boy's 4-pcs Coat Suit Set of JACKJO is Festive and Party wear for all special occasions and enhances your looks even better.The fabric of this piece is a perfect choice that has both the breathability and durability. The fabric is of this shirt is of premium quality and it ensures a skin friendly feel. Brand JACKJO is dedicated to provide Best Quality Product and Good Customer Services.
Household,3,"Plastic Embroidery Stitching Hoop 4.75""""- Plastic Embroidery Stitching Hoop 4.75""""-"
Clothing & Accessories,1,"Elk Kids Baby Girls and Boys Soft Cotton Printed Drawer Brief Innerwear 10 Piece Combo Trendy Inner wear brought to you from the fashion brand Elk- An after-dark delight, this inner combo entices in soft Cotton fabrics to perfectly show off the silhouette and make it the perfect addition for your Kids Nightwear and wardrobe. Live up your fantasies and Shop with Confidence !"
Clothing & Accessories,1,"Adbucks Boy's Rich Cotton Full Sleeves Zipper Jacket with Hoodies Adbucks sweat shirt winter wear hood with zipper cotton jacket. Look effortlessly stylish this winter without compromising on comfort in this full-sleeved fleece jacket from Adbucks. Tailored to excellence, this zipped hoodie will keep you in sync with these fashion trends. The jacket boasts of enduring elegance and can be paired with almost all jeans and trousers which makes it suitable for both work and leisure. It is made for both formal and informal occasions, it is a must have in your wardrobe."
Clothing & Accessories,1,Eccellente Fedora Hat- 1 Design Great Indian Sale Diwali Offer (4-8Oct)
Household,3,"Ashiyanadecors Artificial Bud Plant Yellow Natural Looking for Home & Garden D©cor Color:Yellow   Lifelike,indoor and outdoor use: it looks real enough and adds a touch of nature to your space, artificial potted plants are a perfect addition to your home or office decor,suitable for both indoor or outdoor use."
Books,0,General Training Student's Book with Answers with Audio 
Household,3,"Fancy Mart Artificial Bamboo Leaves Plant (Size 7.5 Inchs/ 20 Cms) With Wood Hexagun Pot-0235-888 Color Name:Green   The ""Fancy Mart"" Decor your home with Artificial Flowers attached to a wonderful pot, a name known for making good-quality and stylish products. The flowers are printed with perfection that guarantees its shine and beauty. Made from best quality material and fabrics to your surroundings to bring change and dynamism to the environment. So, get these beautiful flowers and give your home or office a welcoming ambience."
Books,0,Kiran’s Bank Clerical Solved Papers for IBPS Bank Clerk CWE 2017 - 1885 
Books,0,SSC English Revised & Updated Previous Papers (2013 - 2017) 155 set Ajay Singh MB Publication Latest Edition 2018 - 2019
Books,0,Vardhan Comprehensive Guide for NURSING Competitive Examinations (3rd Revised edition 2017) priti
Electronics,2,Camcorder Video Tape Camcorder Video Tape
Household,3,ENCORE DECOR Solid Sheesham Wood Bar Cabinet for Home Bar Furniture - Honey Oak Finish Contemporary Furniture Reflects Designs That Are Current Or En Vogue. It Does Not Necessarily Reference Historical Design Styles And Often Provides A Feeling Of Everything In Its Place. Furniture Bought Is Shipped For Free And Comes With A 1 Year Warranty Against Any Manufacturing Defects.
Household,3,Homely High Quality 2Pcs Round Square Kumihimo Beading Cord Disc/Disk Braiding Braided Plate DIY: As Show
Household,3,"Arsh Portable And Collapsible Wardrobe Metal Frame 6 Racks Closet, Aw06, Blue With High Capacity Up To 70Kgs ARSH wardrobes brings the perfect solution for the storage of your daily usage and consumables, This portable wardrobe is a great storage unit to keep your bedroom neat and tidy with high capacity of 70-75kgs can be stored portable wardrobe comes along with 6 racks. Along with 2 years warranty, MADE IN INDIA."
Clothing & Accessories,1,ANNI DESIGNER Women's Sarees Cotton Silk Saree with Blouse Piece Art Décor Multicolor Cotton Silk Festive wear Saree with Blouse..
Household,3,Skyline VTL-5056 Halogen Room Heater 500/1000W A perfect blower or fan heater for your room to make you feel warm throughout winters.
Household,3,Maxxlite 5 in 1 Inflatable Sofa Air Bed Couch with Free Electric Pump & Carry Bag
Clothing & Accessories,1,"tirupur fashion biz Girls and Kids Solid Cotton Cycling Shorts Knee Long (Pack of 5) This product is made from cotton and finished in a attractive set of colors.girls Brings you cycling shorts, these shorts gives your kids a stylish comfort, Good for walking, working out, and can use as Under wear for school Uniforms"
Books,0,Think and Grow Rich 
Household,3,"aerofresh Compatible HEPA Filter for Xiaomi Mi Air Purifier COMPATIBLE REPLACEMENT FILTER FOR Xiaomi air purifiers, This is not a Xiaomi OEM product and is not covered under any Xiaomi manufacturer’s warranty. The Xiaomi brand names and logos are the registered trademarks of their respective owners. This is a high-quality replacement part. This filter is absolutely essential for allergy sufferers designed to filter PM 2.5 smoke, dust, pet dander, pollen, mold pores, fabric and other allergen airborne elements."
Books,0,"Town Planner- Job (DDA Planning Assistant and Town Planner post for State Public Service Commission) The book Town Planner job will be helpful for those preparing for Planning Assistant in DDA exam. It will also be helpful for those preparing for Asst/ Deputy Planner in DDA. It will help in all competition of Town Planner organized by State Public Service Commission. It has past questions of Punjab, Rajasthan, Maharashtra, Tamil Nadu, Kerala, Andhra Pradesh, Gujarat and also questions of DMRC."
Electronics,2,QuantumZERO External Powered USB 3.0 Hub (4 Ports 24W)
Clothing & Accessories,1,Gini & Jony Boys' Shirt
Books,0,Black Holes: The Reith Lectures (Lead Title)
Electronics,2,"Lenovo Ideapad 320 Intel Core i3 6th Gen 14-inch Laptop (4GB/1TB HDD/Windows 10 Home/MS Office/Denim Blue/ 2.2kg), 80XG008NIN Intel i3-6006u processor, 4GB DDR4 RAM, 1TB hard drive, 14.0 HD TN AG(slim)-inch screen, integrated graphics and Windows 10 home operating system."
Electronics,2,"Apple iPad(6th Gen) Tablet (9.7 inch, 32GB, Wi-Fi + 4G LTE), Gold Size name:32GB                                                                                 |                            Style name:Wi-Fi + 4G LTE                                                                                 |                            Colour:Gold   Apple iPad(6th Gen) Tablet (9.7 inch, 32GB, Wi-Fi + 4G LTE), Gold"
Clothing & Accessories,1,"IndiWeaves Girl's Cotton Leggings - Pack of 5 IndiWeaves provides you high on fashion, easy on pocket, cotton rich leggings for kids and girls. Suitable for all weather climate, eco-friendly and skin friendly dyes used, as your skin. Made of cotton lycra blend and the waist band being elasticated, IndiWeaves leggings will give you the best of comfort and fit."
Electronics,2,PAffy Foldable Laptop Table with Two Cooling Fans (Beige) This wooden laptop table will protect both the laptop from overheating and the user from suffering heat related discomfort. The 2 cooling fans cool your laptop and a small drawer keeps accessories. The angle of the table top can be adjusted with 5 pre-set angle position grooves. It is made of premium quality wood.
Books,0,Objective Marketing Aptitude 
Household,3,"Asian Hobby Crafts Wooden Embroidery Hoop Ring Frame (5 Pieces) Style Name:Assorted B   Asian Hobby Crafts embroidery collection comprises of embroidery frames (in various sizes), cross stitch fabric, embroidery tools, embroidery wool. This embroidery hoop frame is made of well finished wood with a easy-to-adjust screw mounted on the frame to tighten the fabric. Cross stitch art is a phenomenal art form which involves intricate stitching techniques to form beautiful designs on fabric."
Books,0,Problems in Inorganic Chemistry for NEET/AIIMS (2018-2019) Session 
Electronics,2,"Ikall N1 Tablet (8 inch, 8GB, WiFi + 4G LTE + Voice Calling), Gold If you are looking for a Volte enabled tablet, then take a look at this Ikall N1. Powered by a quad-core processor, it will ensure a smooth performance."
Clothing & Accessories,1,"Leriya Fashion Women's Long Sleeve Casual Shirt Trendy and appealing, this shirt from Leriya Fashion's exclusive collection will surely impress fashionable women. This shirt will surely add unique charm to your casual as well as party look. Made from soft fabric, this top will help you stay relaxed all day long. 100% Satisfaction is guaranteed. We Also manufacture shirts, t-shirts,tops for women Western, Casual, Formal, Stylish, latest tops for Women."
Clothing & Accessories,1,Sangsi Enterprises Boy's Printed Cotton Shorts Sangsi Enterprises shorts is made of 100% cotton and is suitable for boys with the age group of 2 Years to 12 years. As the shorts are used as daily wear for the kids we have assorted in soft and comfort feel.
Household,3,Airifi Compatible HEPA and Activated Carbon Filter Set for Philips Air Purifier models AC4014 and AC4072 The Airifi CF4014 is a filter set for the Philips Air purifier AC4014. Contains 1 set each of HEPA filter and Activated Carbon Filter. Uncompromising materials and construction. Protect your loved ones.
Clothing & Accessories,1,"CHILDZONE Kids Brief/Boys Brief 100% Cotton, Outer Elastic, Pack of 6 It's a Multicoloured Cotton Briefs for Boys. Each pack contains 6 pieces. Note:The product Image colours might change depending on the stock."
Books,0,Modern Approach to Chemical Calculations 
Household,3,Sattva Premium Beans Refill Pack 2 Kg for Bean Bags Want to make your bean bag fuller? Have an existing bean bag cover but don't have the pellets/fillers? Have an inexplicable desire to possess millions of pellets?
Books,0,General Anthropology 
Clothing & Accessories,1,"SimpleLife4U Funny Universe Decorative Contact Paper Removable Shelf Drawer Liner for Boys Girls Bedroom 17x118 Inch by SimpleLife4U You can tailor it in your own way (Scene pictures are just for reference.);Material: PVC ; Adhesive-backing, easy to peel off & stick to dry flat surface;Measures 17.7 inch wide x 118 inch long (45cmx3M), send as ONE roll.;Because of different batch's tiny color difference, Please buy enough rolls at a time.;Can be used as wallpaper, wall decorative sticker, shelf liner,kitchen cabinet cover and so on"
Clothing & Accessories,1,"Forberesten Mens Women Hats BTS Printed Fashion Cap Hats Adjustable Baseball Cap - High Quality Material.- Perfect For Outdoor Activities/sports/hip-pop/golf/sun Protection.- Durable, Comfortable And Lightweight Baseball Cap For Women And Men.NOTE:1. FBA delivery time is about 1 to 3 days, and the standard delivery time is about 15 working days, please check carefully before place an order.2. If you have any question, please feel free to contact us, we will give you a satisfied solution.Thanks for your understanding!"
Household,3,"Palio CJ8000 BIOTECH (H36-38, 2-Side Loop Type) Pips-in Table Tennis (Ping Pong) Rubber with Sponge (Black, 1.8mm)"
Books,0,"Raising Positive Kids in a Negative World From the Inside Flap ing motivational author reveals his simple prescription for success with children, step by positive step. Drawing on his experiences as teacher and parent, Zig Ziglar offers sensible guidelines on praise and encouragement, drugs, discipline, sex and romance, and much more."
Electronics,2,Kadence Orchestral Music Stand - Black Tripod Stand Can hold Tablets ABS leghousing ABS connector clamps Colour: black.
Household,3,"YADAV HANDICRAFTS Stainless steel Dinner Set of 50 Glass Curry Bowl Desert bowl Spoon Quater Plate and Full Plate Dinnerware Dinner set The 50 pcs Stainless steel Dinner plate set. It is for multipurpose use for in home, offices and restaurants. It is the basic plate which is required everywhere. It is very economical in range, made of food grade stainless steel. It is non breakable, durable, sturdy, rust free and long lasting."
Books,0,"The Atlas of Beauty Review Stunning . . . aims to challenge the ideals of beauty dictated by the women's fashion magazine industry (Independent)A startling and revealing project (Daily Mail)Scrolling through 'The Atlas of Beauty', beauty becomes not a universal standard, but a complicated tapestry (Huffington Post) 				    	 					 About the Author Over three years ago, Mihaela Noroc left her life in Romania and set off around the world with her camera. She has been travelling ever since and her photo blog now attracts over one million followers. The Atlas of Beauty is her first book."
Books,0,"Clerical to Officer Promotion Study Material Study Material for Promotion from Clerical to Officer grade is based on IBPS pattern and covers all the important conventional and modern banking concepts. Consisting all RBI/SEBI and other regulatory updates and all important financial and economic events, it prepares you for ultimate success."
Clothing & Accessories,1,DIGIMART Boy's Regular Fit Dhoti Kurta with Dupatta Set (Size:30) DIGIMART brings to you this Stylish yet Comfortable Boy's Solid Kurta and Dhoti with Dupatta Set. Adorn it for a perfect Classy & Trendy look. Pair it with a juti or a mojari for the Royal feel.
Household,3,Santosha Decor Pre- Assemble Solid Sheesham Wood Set of 2 Multipurpose Chair with Mahogany Finish Color:mahogany finish   A simple dinning chair that goes with any decor. The simple seat shows off the rich grain of the wood and has great utility and comfort. Pair it with any glass top dining table to give it a complete look. No assembly required and it is for indoor use only. Specification: Brand: Santosha Decor Chair's Dimensions: H 90 x W 40 x D 40; Seating Height - 45 in CM Weight: 9 KG Colour: Honey Assembly: No Assembly Required Primary Material: Sheesham Wood
Clothing & Accessories,1,"EIO® Women's Socks Nurse, School or Uniform Socks. A very good multi utility Stocking socks 24x7 made for female.The socks are shaped and made with a double yarn cuff weave that ensure a secure stable fit around the ankle and toe,lets not forget they kept inside of your shoes new and your feet clean and happy.Highly preferred choice for Nurses Thigh Length socks with comfort."
Clothing & Accessories,1,Mysilk Saree Boy's Pure Cotton Half Pants - Pack of 5 This cotton half pant set for your boy will be comfortable easy to wear lightweight and gives you an ultimate look on this summer.
Books,0,The Earth 
Household,3,TCLPVC Economy 4/7ft Bamboo Chick Window Curtains/Protective Screens for Balcony/Windows/Outdoors/Door/Kitchen/Home/Office (White) TCLPVC office - hotel - resorts - blinds - shades - screens - patio umbrellas - canopies - shade - sunscreen fabric - screens - protection - balcony privacy - protective screens - window blind curtain - verandas - public areas - door curtain - fly screen - divider room us - 1005.
Electronics,2,"HP Pick Up Roller 1010 1020 3015 3020 1015 1018 LBP2900 Compatibility: pick up roller for hip 1010,1020,3015,3020,1015,1018 lbp2900 part no: rc1-2030-000 rollers tend to wear out at the same rate, often before the fuser needs replacing. Pick up rollers wear out will often give repeated paper jams."
Clothing & Accessories,1,"Naughty Ninos Girls Red Melange Fleece Front Open Jackets for 2 to 12 Years Stylize your little girls winter wardrobe with these fleece jackets from the house of Naughty Ninos. Attractive in design, this Mid thigh length jackets are made from super soft fleece thus ensuring extreme comfort. Pair it with black leggings and winter boots for a perfect day out."
Books,0,PMT-00207 Nozzle BIB Cock BIS Approved IS 9763 marked PTMT Nozzle Bib Cock
Clothing & Accessories,1,"Mickey & Friends Kids Boys Royal Blue Color Full Sleeve T-Shirt Mickey & Friends Kids Boys Full Sleeve T-shirt . Made of 60 % Cotton & 40% Poly . Pair it with character Shorts, Joggers or denims"
Clothing & Accessories,1,"Probiker Synthetic Leather Motorcycle Gloves (Black, L) Size name:L   Pro Biker Fire Roller Bike Gloves is special ergonomic design with hard shell protection, taking into account aesthetics and security. 3D-dimensional breathable mesh fabric. Ergonomic, hand-dimensional drop resistance protective hard shell, shock-absorbing foam has a better than general protective effect. Palm of your hand the entire piece bucharest slip resistant seamless design particles and reduce the effect of strengthening the non-slip fall car torn off cause the seams."
Clothing & Accessories,1,"Gkidz Boys Hooded Sleeveless Embroidered Sweatshirt(WWB-014-PNK_ Pink) In this winter, opt for this simple yet trendy Hooded Full sleeve sweatshirt from Gkidz. Made up of fleece this Base ball Embroidered Sweatshirt with Doctor sleeve is a blend of comfort and style."
Books,0,Group Discussions and Interviews 
Clothing & Accessories,1,"RC. ROYAL CLASS Men's Ankle Length Solid Terry Towel Cotton Khaki Multicolored Socks (Pack of 3 Pairs) Royal Class brings one of the most premium quality ankle length terry/towel police khaki socks for Men, made from the softest cotton yarn and elastane for stretch and comfort. The socks are designed in special way to suit your feet and give maximum grip and stretch."
Electronics,2,"Samsung T5 250GB Portable Solid State Drive (Blue) Storage made new with Samsung T5 which comes with 540mbps transfer speed, sleek and solid AES 256-bit hardware encryption and shock resistance from falls up to 2m."
Clothing & Accessories,1,WEECARE LOGO SHORTS PACK OF 3 WEECARE LOGO SHORTS PACK OF 3
Electronics,2,Trishago Head Cable with CR Sensor for Epson Printer L210 Compatible for Epson L210/L220/L360/L365/L380/L385/L110/L130/L310/M200/M100/M205/M105/L455/L355. White Colour with accurate fitting. 100% Certified Epson Product.
Household,3,"White Westing House Dehumidifiers 18 Ltr/Day upto 3700 cu.ft (370 sq.ft. x 10ft.ht.) White Westing House Presents 3 In 1 - Dehumidifier, Air -Purifier And Dryer, Moisture Removal, Power Controls : Lcd Display/ Touch Control,Air - Purifying Filter, Power Rotary Compressor,Automatic Humidistat Control, Easier Mobility With Convenient Wheels, Recyclable Materials Of Environmental Conservation"
Household,3,"Eureka Forbes Aeroguard Fresh Car Air Purifier(Black) The air quality inside your car can be up to 5 times more polluted than outside air due to micro-particles dust, pollen, harmful gases, viruses and bacteria. Most air-conditioning systems are ineffective in keeping these pollutants out. Equipped with active shield the patented advanced multi-layered purification process eliminates sub - micron respirable particles, dust, fumes, VOCs, pollen and infection-carrying microbes (virus and bacteria) in the air making the air 99.9 percent pure and healthy always."
Clothing & Accessories,1,"Zoylink Baby's Warm Cartoon Anti-Slip Crew Socks (Multicolour, One Size) -Set of 6 Pairs Color: MulticolorMaterial: CottonSingle Size: Bottom length: 12cm(4.72in), Height: 10cm(3.94in), suitable for 2-4 year-old kidsPackage Includes: 6 (pairs) x SocksNote:- Except socks, other things on picture are not included.- Please refer to the measurement. Tiny measuring error is allowable in normal range. - There might be a little color difference due to the monitor, camera or other factors, please refer to the physical item.Package Including6 (pairs) x Socks"
Clothing & Accessories,1,"Light Gear Baby Boy's and Girl's Hosiery Cotton Socks - Set of 6 Pairs These are beautiful design socks for your little angels, Pack of 6 pairs of different colors , anti skid with soft feel."
Books,0,IAS Mains Compulsory English: Solved Papers 2001-18 
Clothing & Accessories,1,Flying Machine Boys' Trousers
Household,3,"@home by Nilkamal Fern 6 Seater Dining Table Set (Erin Brown) @home presents a wide showcase of modern furniture that's designed to seamlessly blend with your interiors. Crafted for compact homes, the range is clean and convenient. All the collections have an understated design aesthetic that adapt to any space. The designs represent the ideals of cutting excess, practicality and an absence of decoration."
Books,0,"My First Learning Library: Boxset of 20 Board Books for kids About the Author Wonder House has a dedicated team of editors and designers involved in the development of magnificent and enriching children books. The team pays special attention to develop age appropriate content and does extensive research on every topic included in the book. Our mission is to develop highly informative content which will help the children to master different skills. At Wonder House, we strive to make learning a joy."
Electronics,2,"Datawind Ubislate- 7"" Inch Tablet Flip Cover with Qwerty Keyboard Very simple-just plug in and start typing (any text message, mail, watsapp, facebook, notepad etc) compatible with all phones, black leather cover with stand and with magnet lock, soft keys."
Household,3,Royaloak Henley Single Seater Recliner (Beige) This Henley recliner comes with German recliner mechanism. Pocket spring gives extra comfort. This recliner is made out of rich suede fabric and it has the soft touch. Its a luxury retreat at valued price for you and your family.
Clothing & Accessories,1,"VOGARD Men's Belt (Tan, Free Size) It's A Tan Color Belt With Glossy Finish And 3.5 Cms In Width. The Styling And Colour Of This Belt Reflect The Latest Season's Trends. It Is Suitable For Casual, Formal Or Party Wear And Goes Well With Formal Pants, Khakis, Chinos And Denims. It Has Multi Holes With A Brass Pin-Hole Buckle."
Books,0,Legal and Regulatory Aspects of Banking - JAIIB (3rd Edition) 
Clothing & Accessories,1,"Supersox Girl's Combed Cotton Tights These soft, comfy Tights for girls are easily washable for everyday wear. They are made of premium quality combed cotton which is a stretchy fabric with soft gripping elastic that make kids feel cared for through the day. These leggings will keep your child warm and protected."
Books,0,History of the Conflict Between Religion and Science 
Electronics,2,"Sony SRS-XB10 EXTRA BASS Portable Splash-proof Wireless Speaker with Bluetooth and NFC (Black) Colour:Black   Wherever you go, take some big beats with you. The SRS-XB10 is easy to carry and brings out the bass in your music. Its splash-proof features let you to enjoy your music anywhere indoor/outdoor. You can match it to your style quotient by choosing from 4 attractive colour options. The 16 Hours battery time lets you enjoy your favorite music for long hours.For any query please contact_us on: [ 1800 103 7799 ]"
Clothing & Accessories,1,Cherokee by Unlimited Boys' Jumpsuit
Electronics,2,Lifestyle-You Tablet Sleeve Case Cover for Tablets & Ultrabooks Upto 10.6 Inch Diagonal Screen Size. Fits ipad & Other Tablets Perfectly (Blue) High quality sleeve with additional external zippered pocket for charger and other accessories. Padded inside for extra protection. Factory direct genuine price you are unlikely to get anywhere else for this quality. Please check the dimensions as mentioned to know whether it will fit your device. External Dimension – 11.7 x 9.5 Inches (L x B) Compatible with devices upto – 10.7 x 8 Inches (L x B) Width compatibility is upto 1 Inch Wide Devices.
Books,0,"Victorian Age in Literature This book was digitized and reprinted from the collections of the University of California Libraries. Together, the more than one hundred UC Libraries comprise the largest university research library in the world, with over thirty-five million volumes in their holdings. This book and hundreds of thousands of others can be found online in the HathiTrust Digital Library.HP's patented BookPrep technology was used to clean artifacts resulting from use and digitization, improving your reading experience."
Electronics,2,"Intel Compute Stick Stick PC (Atom BOXSTK1AW32SCL/2GB/32GB/Windows 10/Integrated Graphics), Black Size name:Mini   A new way to plug into home entertainment, the Intel Compute Stick lets you transform any HDMI display into a full computer. Loaded with Windows 10 and ready to go out-of-the-box, the newly redesigned Intel Compute Stick has a quad-core Intel Atom x5 processor for the performance, quality, and value you expect from Intel."
Household,3,Mamta Decoration Sheesham Wood Smart and Stylish 3 Drawer Storage Bed Side End Table | Dark Brown Color:Design 1   Sheer Pleasure of the Mamta Decoration design and the stylish finish give this a pure look and soothing to the eyes. This look will surely make your home look luxurious and gracefully elegant.
Books,0,"The Atlas of Beauty About the Author Mihaela Noroc lives in Bucharest, Romania and has travelled almost continuously for the last four years, visiting over fifty countries and working on her project the Atlas of Beauty. Communicating in five languages, she met and photographed women in every type of environment, from all corners of the world, never imagining that her project would gain such international acclaim. The Atlas of Beauty is her first book."
Clothing & Accessories,1,"Selfcare Girl's Boy Short Panties Selfcare brings you boy shorts styled panty, this panty gives you a stylish edge looks great and a comfortable fit both day and night."
Books,0,CLAT & AILET Chapterwise Solved Papers (2008-2018) 2019 
Books,0,"Indra Nooyi A Biography About the Book: Indra Nooyi: A Biography Indira Nooyi's meteoric rise and success has been charted by every newspaper and business journal in the world but how many of us know the person behind the image? The Secret of Success: the Story of Indira Nooyi gives us a rare insight into Nooyi's life, her childhood, the choices she made, the struggles she faced and the lessons she learnt on her way to the top."
Clothing & Accessories,1,"10 Full Sleeve Cotton Tshirts for Baby Boys and Girls 6 Months to All Ages Refresh your babies clothing with the awesome collection of round neck tees from ISAKAA. These tee-shirts are made of cotton and suitable for both boy and girl babies. The feel of the fabric keeps your baby comfortable in all the seasons. This product is made from cotton and finished in an attractive set of colors. It features a cap sleeve, round neck, and is targeted towards both Boys and Girls. Normal hand wash or machine wash for best results."
Household,3,"Beadsnfashion German Silver Tortoise Beads Golden 13x12 mm for DIY Jewellery Making and Crafts, Pack of 25 Pcs Available in a pack of 25 Pcs."
Electronics,2,"HP 20-C011IN 19.5-inch All-in-One Desktop (Pentium J3710/4GB/1TB/Windows 10 Home/Integrated Graphics) Redesigned, reliable, ready for you. Whether your family is looking to surf, stream or tackle that next big assignment, this budget friendly All-in-One has been redesigned to give everyone what they need. A splash of color and reliable, trusted performance make this the perfect living room go-to."
Electronics,2,BAFO Technologies USB To Serial Adapter Cable Type USB 1. 1 Specification USB Full-Speed (12Mbps) Bus Powered True Bidirectional. Fast file transfer.
Electronics,2,AmazonBasics 3-Feet DVI to DVI Cable AmazonBasics DVI to DVI Cable - 3 Feet (.9 Meters)
Electronics,2,LG Ultra Slim Portable Black DVD Writer (GP65NB60) It supports only latest smart Tv's It is not supported to blu-ray disc. It is compatible withUSB 2.0 also USB 3.0
Electronics,2,"SKIN Dr London NUTRASKIN Multi-Vitamin Skin Tablets | for MEN & WOMEN | Natural Skin Supplement for Heathly & Beautiful Skin. | 30 Tablets SKIN Dr London NUTRASKIN Multivtamin SKIN Tablets is a NATURAL & COMPLETE SKIN Supplement enriched with VITAMINS, MINERALS & ANTI-OXIDANTS,VITAMINS & MINERALS. DIRECTIONS FOR USE : TAKE 1 TABLET ,TWO TIMES DAILY , WITH A MEAL . FOR BEST RESULTS TAKE NUTRASKIN FOR 3- 6 MONTHS. FOR MAINTAINCE TAKE 1 TABLET , ONCE DAILY , WITH A MEAL ."
Books,0,Great Horror Stories by various authors Great Horror Stories is a comprhensive collection of horror stories by well known writers.
Books,0,"My First 4-in-1 Alphabet Numbers Colours Shapes: Padded Board Books About the Author Wonder House has a dedicated team of editors and designers involved in the development of magnificent and enriching children books. The team pays special attention to develop age appropriate content and does extensive research on every topic included in the book. Our mission is to develop highly informative content which will help the children to master different skills. At Wonder House, we strive to make learning a joy."
Electronics,2,"HP 15 Intel Core-i3 7th Gen 15.6-inch Full HD Laptop (8GB DDR4/1 TB HDD/Windows 10/Integrated Graphics/Sparkling Black/2.04 kg), 15q-ds0026tu Size name:Win10/8GB/1TB/m2 Slot   Designed for long-lasting performance, this stylishly designed HP laptop has a long-lasting battery that keeps you connected, entertained, and productive all day. Speed through tasks, or sit back and socialize - with the latest processors and a rich Full HD display. Do it all, all day."
Books,0,"My First 4-in-1 One Wild Animals, Pet and Farm Animals, Birds, Sea Animals: Padded Board Books About the Author Wonder House has a dedicated team of editors and designers involved in the development of magnificent and enriching children books. The team pays special attention to develop age appropriate content and does extensive research on every topic included in the book. Our mission is to develop highly informative content which will help the children to master different skills. At Wonder House, we strive to make learning a joy."
Household,3,"Urban Ladder Latt Sheesham Wood Bench (Mahogany) Living room, entry way or bed-room, the Latt bench is utilitarian with style. The high sturdy side-rests are good to lean back on if you want to. The assembly will be done by the Urban Ladder Team during delivery. Made of high-grade sheesham wood."
Clothing & Accessories,1,"BODYCARE Pure Cotton Plain Black Cycling Shorts for Girls & Kids (73B-Packof3) This product is made from cotton and finished in a attractive beige color. Furthermore, it is recommended to be kept away from extreme heat, fire and corrosive liquids to avoid any form of damage."
Clothing & Accessories,1,"KGB Multicoloured Cotton t Shirts for Boys Pack of 5 KGB presents short sleeved, round neck, bright printed multi coloured t-shirt pack for boys. These t-shirt for boys have kids' favourite cartoons printed on them that adds to its fun and cool look. Manufactured from pure, quality and light cotton, these packs of multi coloured tshirts are modern and fashionable. These t-shirts can be paired with fade out jeans and sneakers for a cool casual look or with your favourite bottoms. For kids aged from 2 years to 10 years."
Books,0,Word Power Made Easy: The Complete Handbook for Building a Superior Vocabulary 
Household,3,"nufurn Eames Style Designer Black Dining/Living Room Chair -Set of 2 Its Designed to provide support for your back,perfect height and radian will make you comfortable when you to talk with your guests. It contains 2 Chairs, Easy Assembly Required"
Electronics,2,Samsung 4GB RAM DDR4 PC4-2133P (PC4 17000) Laptop Notebook Memory M471A5143EB0-CPB - OEM one stick of samsung 4gb ram ddr4 pc4-2133p laptop notebook memory m471a5143eb0-cpb
Books,0,"M.Ed. Entrance Exam 2019 About the Author An editorial team of highly skilled professionals at Arihant, works hand in glove to ensure that the students receive the best and accurate content through our books. From inception till the book comes out from print, the whole team comprising of authors."
Household,3,"Casa Decor Ceramic Decorative Filigree Wall Hook Cabinet, Bathroom Towel, Hat, Key, Clothes Hanging Holder Saga Green with Silver Accent These Decorative Ceramic and Metal wall hooks are used to add a vintage charm to any hallway, bathroom, den, kitchen, dining room, or bedroom. The hook can be used for hanging towels, coats, clothes, robe, dried flowers, photo frames, keys and much more."
Household,3,SEECO SE-2001C Rear Footrest for Royal Bullet Classic SEECO SE-2001C Rear Footrest for Royal Bullet Classic.
Clothing & Accessories,1,Krystle Unisex Woollen Reversible Balaclava/Monkey Cap (Free Size) Krystle brings to you this reversible balaclava (monkey) cap. It has been manufactured to keep you both warm and comfortable.
Books,0,The Official LSAT Handbook 
Books,0,"The Complete Book of Scales, Chords, Arpeggios and Cadences "
Books,0,Conceptual Problems in Organic Chemistry: For Engineering and Medical Entrance Examinations 
Clothing & Accessories,1,DELHITRADERSS® Stylish Girls/Ladies/Women Slim Fit Zipper Design Winter Jacket(Code-Red)(Size-XL) DELHITRADERSS Stylish Girls/Ladies/Women Slim Fit Zipper Design Winter Jacket
Household,3,"Megha Enterprises Rajasthani Handicraft Wooden Elephant Stool This hand carved elephant stool is made of mango wood and displaying your artefacts. Pretty and practical, this piece is made using solid reclaimed wood. The gift piece has been prepared by the master artisans of jaipur. Product usage: this utility item can be used as a show-piece in your drawing room. It is also an ideal gift for your friends and relatives. Specifications product dimensions: lxbxh: 7x5x9.5 inches item type: handicraft color: brown material: wood finish: matte specialty: hand carved elephant wooden stool ."
Electronics,2,"Taslar( Shell Protective PU Leather Magnet Lock Flip Case for All-New Kindle E-reader,6"" 8th Generation 2016 Launch,Black"
Electronics,2,"LG 24 inch Borderless Monitor - Full HD, IPS Panel with VGA, HDMI, Audio in/Out Ports and in-Built Speakers - 24MP88HV (Silver/White) Full HD IPS display with narrow borders and inbuilt speaker, color calibrated and sRGB 99 percent."
Books,0,"Abraham Lincoln: A Complete Biography (DELUXE EDITION) About the Author Lord Charnwood, a British by birth, was a man of many affairs and much learning. He had training in historical research and his work exhibits evidences of industrious and careful investigation. He made close examination of American newspapers of the period covered and has had access to original manuscript archives in the State and Navy departments at Washington."
Books,0,General English for GATE & PSUs 2019 - Theory and Previous Year Solved Questions 
Clothing & Accessories,1,VIMAL Men's Cotton Blend Track Pants
Books,0,Kiran’s SSC Reasoning Chapterwise & Typewise Solved Papers 1999 March 2018 - 2278 
Household,3,"Cloth Fusion Fruton Cooling Gel Memory Foam Mattress, 78X60X6-inch (White)"
Clothing & Accessories,1,"Claesen's Holland Boys' Regular Fit Tie-Dye Boxers (Pack of 2) Boys pack of 2 colored boxers for your naughty angel. Hand wash suggested, machine wash under 30 degrees and do not tumble dry. Boxers tie-dye"
Household,3,"Invezo Impression Iron Portable Foldable Reusable Gazebo Canopy Display Advertising Tent (Blue,10x10 Ft, 3 x 3M, 15kg) This is a 10 x 10 feet gazebo tent( 18 kgs tent ) .no tool required for installation. Installation manual provided inside the packaging. This product is manufactured by adapt affairs and marketed by Invezo Impression."
Electronics,2,"Mmf Cash Drawer MMF-VL1616E-04 MMF Val-U Line Electronic Cash Drawer, 5 BILL/8 Coin Till, PRINTER-Driven, 16. 2 W x 16. 4 D x 4 H, 24 V, black"
Clothing & Accessories,1,Orange and Orchid Unisex Plain Regular Fit T-Shirt (Pack of 5) These shirts are made of cotton and has a warm and comfortable feel. These T-Shirts are ideal for casual occasions.
Clothing & Accessories,1,"IndiWeaves Boys Cotton Black Printed Trackpants This Lower is designed to elevate your look.Pair it with a sporty T Shirt to get a perfect look. Package Content- 1 Lower. Slip into this pair of lounge pants for an absolutely comfortable feel. Cut from Premium cotton they ensure an all-day good feel. The two side Pocket open - with elasticated waist band with a drawstring ensures ultimate functionality. Lounge about, go on a run or take a nap in this trendy pair. Wear yours with a casual tee and flip flops."
Household,3,"Kuber Industries Plastic Bathroom Stool (CTKTC58) Made of plastic material so this has a sturdy body and this is very durable. This patla gives and provides a very comfortable seating for all age’s persons in bathroom or kitchen. Its wide seating are gives enough space to sit and stand on it. This is portable and light weight so you can carry it anywhere. This is easy to clean and can be wiped down with a cloth. This is ideal for home, kitchen, bathroom, washroom etc."
Books,0,Bank PO Quantitative Aptitude Chapterwise Solved Papers 1999-Till Date 6900+ Objective Question - 1969 
Clothing & Accessories,1,"Mothercare Boys' Pyjama Top After a long day of acting like a little wild thing, it's important for babies to have something cosy to rest in. Made from soft and stretchy cotton rich fabrics, these pajamas have bright, colorful designs in print and embroidery and longs arms and legs to keep little limbs warm. With envelope necklines that stretch easily over tiny heads, they have elasticated waists and cuffs to give even the wriggliest little monkeys a comfy fit for a great night's sleep."
Household,3,"Krevia New Product Portable Folding Camping Chair Folding Camping Chair. Ideal for Camping, Festivals, Beach days, BBQ's and more! So lightweight, that it's easily carried in the colour coded carry case. Super strong and sturdy tubular steel frame with durable canvas-style material. This really is a fantastically well made product."
Clothing & Accessories,1,"Glamio Girl's PU Leather Belts Combo of 4 (Black,Brown,White & Pink)(GLA/WOMENBELTS/BKBRWHPI) Glamio is the most trusted brand for belts. these belts are more reliable with a classic smooth designed,Stylish in every sense. Adjustable to waist size 26, 28,30, 32, 34, 36,38 ."
Electronics,2,Taslar Protective Slim Fit Premium PU Leather Protective Flip Cover For All New Kindle Oasis 2016 - Oasis 2 2017 - 7 inch (Black)
Household,3,Saingace 1 Pcs Artificial Flower Vine Hanging Garland Plant for Home Living Room Bedroom Wedding Party Garden Decor (A) Color:A   Feature:  1PCS Flower Vine
Household,3,Crompton ACGIH-IHL102 1000-Watt Immersion Water Heater (Black) Style:1000 watts   Crompton greaves immersion water heater 1000watts indicator lamp water level indicator isi cg-ihl 102
Electronics,2,"DAHSHA 5 Feet Super Speed USB Male to Male,USB 2.0 Cable Type A Male to Type A Male - Black"
Clothing & Accessories,1,"Aadi Men's Synthetic Boots The product is durable built and has a detailed design, it is comfortable to wear and provides better grip."
Books,0,"10 Actual, Official LSAT PrepTests (LSAT Series) "
Electronics,2,"Razer Black Widow Ultimate Gaming Keyboard The Razer Black Widow mechanical gaming keyboard was first launched in 2010 and quickly became the most popular and highest selling gaming keyboard worldwide, making its mark as the primary choice for eSports athletes."
Books,0,"ESSAYS for Civil Services and Other Competitive Examinations About the Author The Author is IAS Topper (Rank 5, Civil Services Examination: 2010). He did his B.E. from the prestigious Delhi College of Engineering. His earlier selections in this examination led him to join Indian Revenue Service - Customs and Central Excise and Indian Police Service. His interests include reading, swimming and playing synthesizer. He is the author of various articles in national magazines and newspapers."
Electronics,2,"Proffisy 303 Replacement for Canon 303/703/103 Toner Cartridge Compatible Canon LBP 2900, LBP 2900B,LBP 3000 (1 pcs)"
Books,0,"How To Win Friends And Influence People About the Author Dale Carnegie (1888-1955) described himself as a ""simple country boy"" from Missouri but was also a pioneer of the self-improvement genre. Since the 1936 publication of his first book, How to Win Friends and Influence People, he has touched millions of readers and his classic works continue to impact lives to this day."
Electronics,2,Gods Ghost 22 Litre Anti-Theft 15.6 inch Laptop Backpack (Daring Texture)
Books,0,The Animal Book: A Visual Encyclopedia of Life on Earth (Reference) 
Books,0,41 Years (1978-2018) JEE Advanced (IIT-JEE) + 17 yrs JEE Main (2002-2018) Topic-wise Solved Paper Mathematics 
Books,0,Finding Gobi: A Little Dog With a Very Big Heart 
Electronics,2,"Acer Aspire ES 15 15.6-inch Laptop (E1-7010/4GB/1TB/Linux/Integrated Graphics), Midnight Black Aspire ES series notebooks inject a fresh blast of color1 and style into everyday computing. Along with a number of useful enhancements, you'll work and play comfortably, efficiently, and with flair."
Electronics,2,"HP 15 BW096AU 2018 15.6-inch Laptop (7th Gen A6-9220/4GB/1TB/DOS/Integrated Graphics), Jet Black Designed for long-lasting performance, this stylishly designed HP 15-inch laptop has a long-lasting battery that keeps you connected, entertained, and productive all day. Speed through tasks, or sit back and socialize - with the latest processors and a rich HD 1 or FHD 2 display. Do it all, all day [1] High-defintion (HD) content required to view HD images. [2] Full high-defintion (FHD) content required to view FHD images."
Household,3,Nilkamal Toy Rocker Kids Chair Nilkamal Toy Rocker Kids Chair
Electronics,2,"SCHARF Monte Berlin- The Whole Nine Fence Genuine Leather 15.6"" Expandable Laptop CarryCase AMB53BR"
Electronics,2,"Asus C302CA-DHM4 12.5-inch Chromebook (Intel Core M3/4 GB/64 GB), Silver Work on the go in style with this laptop that comes with a touchscreen and is equipped with an Intel m3 processor."
Books,0,"Beyond Time: The Ageless Music of Jagjit Singh; A Collector's Eddition Coffee Table Book and a set of two exclusively curated CDs of Jagjit Singh's famous World Tours Product contains a collector’e edition coffee table book, dawning light into the personal life and musical career of famous Ghazal maestro Jagjit Singh, alongwith a Collectible Set of 2 CDs from his famous World Tours (Exclusive and never seen before photographs from Bharat Sikka & Jagjit & Chitra Singh’s Personal Collections)"
Household,3,Planters Artificial Bamboo Plants & White Pearl Pot Premium Quality Soft Plastic Plant With High Quality Plastic Pot Can Be Used For Indoor Purpose Ideal For Home DÃ©Cor & Garden DÃ©Cor Ideal For Side Corners Ideal For Centre Table.
Electronics,2,"iBall Slide Dazzle i7 Tablet (7 inch, 8GB, Wi-Fi + 3G + Voice Calling), Midnight Blue A 7 inch frame in a dazzlingly beautiful shade of Midnight Blue, this Tablet PC will impress you visually at first sight. Powered by a Quad-core processor on the latest Android 7.0 Nougat Operating System –the iBall Slide Dazzle i7 is the apt choice to be your perfect Companion."
Books,0,"Treasure Island (BBC Children's Classics) Review  • ""It is a breathless journey and the closest thing to a real pirate adventure without an eye patch and a time machine... It is a unique work of genius."" --Eoin Colfer, author of Artemis Fowl • ""Who can think of a pirate without conjuring up the image of Long John Silver?"" --Daily Mail  Book Description Jack Shepherd and Iain Cuthbertson star in a BBC Radio 4 full-cast dramatisation. 				    	 					              See all Product description"
Books,0,"ECE, EEE, IN - A Text Book on Analog Electronics for GATE, PSUs & UPSC Exams "
Books,0,Chemistry Topic-wise & Chapter-wise Daily Practice Problem (DPP) Sheets for NEET/AIIMS/JIPMER 
Clothing & Accessories,1,Mothercare Boys' Shorts
Books,0,The Monk Who Sold His Ferrari 
Books,0,"Students' Guide to Income Tax Including GST (60th Edition 2019-20) For CA Intermediate May / November 2019, CMA June/December 2019, CS (Executive) June/December 2019 and B.Com., M.Com., MBA, & Other Professional Examinations"
Household,3,"Saral Home Microfiber Kids Mat - Red, 45x70cm Color Name:RED   Saral Home's very soft microfiber kids mat for regular use. Size is 45 x70 cm."
Household,3,"HOMIES INTERNATIONAL, 1 Piece Decorative Food Storage Glass Mason Sealed airtight Jars Container with White Ceramic Bird Lid for Home Kitchen and Commercial Use (Size: 11 * 11 * 17cm) This is a lovely clear ribbed glass jar that has a beautiful white ceramic air tight lid with a small bird detail.This would sit perfectly in any room, filled with sweets, soaps or other items. WITH OUR NEW BATCH OF STOCK THE BIRD IS SLIGHTLY SMALLER AND FACES FORWARD RATHER THAN SIDEWAYS Product Measurements Width:11cmHeight:17cmDepth:11cm"
Books,0,"Getting Granny's Glasses About the Author Ruskin Bond's first novel, The Room on the Roof, written when he was seventeen, won the John Llewellyn Rhys Memorial Prize in 1957. Since then he has written several novels (including Vagrants in the Valley, A Flight of Pigeons and Delhi Is Not Far), essays, poems and children's books, many of which have been published by Penguin India. He has also written over 500 short stories and articles that have appeared in a number of magazines and anthologies.  He received the Sahitya Akademi Award in 1993 and the Padma Shri in 1999."
Household,3,"House of Quirk Plastic DIY Shelf Bookcase Media Storage Standing Cabinet without Doors, Black Color Name:Black   Fun, Magical And Full Of Possibilities, The 6-Cube Organizer Is More Than Just A Piece Of Furniture, It is Also A Game For Family Bonding. Together With Your Kids, You Can Build A Closet, A Room Divider, Even A Mini Fort!"
Household,3,Surya Warmth Heat Convector Portable Instant heat Turbo blower Indicator light Thermal cutout Adjustable height Dual heat setting 1000/2000 W Temperature control knob to save energy
Electronics,2,"CHAMPION UPS 800VA (Home, Shop & Office) | Line Interactive | 15-20 mins backup The Champion Line Interactive 800VA UPS provides comprehensive protection for PC equipment. The UPS is more compact and offers greater comprehensive power protection against surges and spikes. This UPS will continue providing stable power to connected equipment and enable to shutdown PC safely during power failure. It is a perfect choice for any home or small office application."
Household,3,"Bajaj New Shakti GL 25-Litre Vertical Storage Water Heater (White) The water heater is available in 10L, 15L and 25L variants. 2000 watts model. Suitable for high-rise buildings (8 bars). Powder coated metal body. Adjustable thermostat. Magnesium anode for extra protection from corrosion and leakage. Unique temperature indicator dial."
Books,0,Essays in Literature & History 
Books,0,Macmillan's Legal & Regulatory Aspects Of Banking Lattest Edition Macmillan's Legal & Regulatory Aspects Of Banking Lattest Edition (2018)
Household,3,"Supreme Set of 4 Chairs (Black) Supreme is the largest plastic processing company having an annual turnover of more than 3000 crore and strongest modern moulded plastic furniture brand in India, having the widest range of moulded plastic furniture"
Books,0,RPSC AEn Hindi
Household,3,"Segolike Pack of 100 3RL Disposable Professional Tattoo Needels Microblading Eyebrow Embroidery Needles for Body Art Design Description: - Individually packed, disposable, for single use only. - Made of high quality metal can make the tatto pattern more beautiful. - You can choose assorted Tattoo Needles. - Tatto needles also suit for liner and shader. - Needles are sharp and elastic, make the eyebrow line natural. Specification: - Material: Metal - Color: Silver Package Includes: 100 Pieces tattoo needles"
Books,0,"It: Film Tie-In Review One of the greatest storytellers of our timeA writer of excellence . . . King is one of the most fertile storytellers of the modern novel. 				    	 					 Book Description Film tie-in for the new 2017 film, which will be in theatres from September 8th. 				    	 					              See all Product description"
Household,3,Artesia Handcrafted 3 Panel Wooden Room Partition/Divider (Brown)
Household,3,YD Designs Embroidery Thread Shade Card for Designers (Design 1) Style:Design 1   Embroidery thread yarns shade card which is available in multicolour .
Clothing & Accessories,1,"VIMAL JONNEY Winter King Blended Thermal Lower for Boys Vimal Jonney Kids Thermals Are Made With Speical Soft Fabric , Keeping In Mind The Soft Skin Of Kids . As Known By The Name Vimal Jonney Thermals Act As A Saviour In The Chilly Weathers Of Winters . By Manufacturing These Thermals Vimal Jonney Has Added One More Feather To Its 40 Years History Of Serving People."
Electronics,2,Casio MJ-12VCB-RG Desktop Calculator (White and Orange)
Electronics,2,"Nourish Vitals Pure Aloe Vera Drinking Gel Juice 500ml (No Added Sugar) Flavor:1 Bottle - Aloevera Gel Juice   Nourishvitals Aloe Vera Drinking Gel (Juice) is pure Aloe Vera Gel derived from fresh Aloe Vera leaves, Naturally enriched with Vitamins, Minerals, Amino Acids, Polysaccharides, Enzymes and Trace elements. It normalizes the functions of entire body by flushing out toxins and nourishing all body organs. Its strong antibacterial, anti-inflammatory, antioxidant and anti ageing properties make it a safe and effective daily health tonic"
Clothing & Accessories,1,"GAP Girls' Cardigan A very special collaboration between GAP and Disney two timeless, iconic American brands led us to create a collection that celebrates Mickey Mouse and Minnie Mouse.Soft knit.Dropped shoulders, long sleeves with banded cuffs.Ribbing at crewneck.Sequin graphic at front.Banded hem.All-over dots."
Electronics,2,HP 32GB Class 10 MicroSD Memory Card (U1 TF Card 32GB)
Electronics,2,CASE U 13-14 Inch Black Laptop Sleeve Bag
Clothing & Accessories,1,Vaenait Baby 024M Baby Girls Rashguard Swimwear One Piece Lauren Pink Baby L Vaenait Baby 0-24M Baby Girls Rashguard Swimwear One Piece Lauren Pink Baby L
Electronics,2,INVERSE Wireless 19 Keys Numeric Keypad Mini Keyboard for Mac & Laptop PC Number Pad Specifications: Number of Keys: 19Keys Interface:Wireless 2.4G Voltage: DC1.5V Color: Black Key Life: More than 10 million times OperationRange: 10M (Without signal disturbance and no direction limit) Power: 1*AAABattery (Not Included) Package: 1pcs *Wireless Numeric Keypad 1pcs * USB Receiver(*PackageWithout Battery)
Books,0,Agriculture Field Officer IBPS The book is useful for IBPS Agriculture Field Officer exam. It contains previous years papers and study material of Agriculture Knowledge section.
Clothing & Accessories,1,"Guchu Boys Jeans Combo, Pack of 2(A5-LB-DB-B-P) Guchu designer jeans is a highly comfortable outfit. Strechable, Dobe Cotton fabric which is soft to skin, comes with latest trendy design. Slim fit style & best suited for casual wear. Made out of premium quality of denim material which is soft & durable. Pack of 2 Jeans"
Electronics,2,"Amigozz Natural Wooden Ice Cream Sticks Popsicle Sticks & Spoon : 50 Pcs Amigozz Ice Cream Sticks is made with finest grade of wood material. The material is made hygienically to avoid any health issues to customers. Suitable for creating beautiful huts , houses , boundaries and many School crafts and Hobby Activities. And of course, making ice cream."
Electronics,2,Shopystore 1Pc One Set Collets 635Mm 8Mm 6Mm Collet Chuck Engraving Trimming Mac Material high speed steel type chamfer end mills brand name jgzui unit type piece package weight package size
Clothing & Accessories,1,"Pencil Cosmetic Pouch case jewelryholder Travel Pen Pencil Marker Storage School … (High On Happiness) Colourful balloons floating in a dark sky are quilted, satin stitched and adorned with shimmering sequins. Lurex thread and glass beads add a dazzling new wave of style."
Clothing & Accessories,1,"Mothercare Girls' Cardigan Ideal for everyday layering, this pretty red cardigan is ideal for popping over your little one's outfits for a little extra warmth on cooler days this season. Crafted from soft and breathable cotton fabric will help keep your child comfortable all day long."
Household,3,Kkriya Home Decor Fabric Jumbo Hammock Swing (Kingsize) Size:King                                                                                 |                            Color:BLACK   An whole new range of hammock N Swing that is made up of premium quality cotton.It can used both indoor n outdoor as per the climate. It can weight upto 120kg. It is easy to handle n transfer from one place to another.
Clothing & Accessories,1,PalmTree Girl's Loose Fit Skirt Indigo knit flare skirt discharge and color discharged print ditsy floral placement print at hem.
Clothing & Accessories,1,"Maniac Fleece Men's T-Shirt Step out with friends on a chilly evening, make sure you look your stylish best wearing this navy coloured sweatshirt from Maniac. Besides being visually appealing, this slim-fit sweatshirt is comfortable and warm too, courtesy its cotton fabric."
Books,0,AIIMS Explorer 
Books,0,English English Dictionary  (Hb): English Word - Its Meaning In English Along with Sentence 
Books,0,"Difficulty Of Being Good Key Features/Quotes About the Book: Difficulty of Being Good About the Author: Gurcharan Das, Manohar Nothani, Anil Singh"
Clothing & Accessories,1,"Hashtag Solid Ny White Hip Hop Cap Boy's Cotton Snapback Baseball (Black & White) BIZZARE introduces a new range of beanie caps this season!! BIZZARE wrinkled slouchy Beanie is made from the highest quality and softest material .This slouch style cap is perfect for both men and women this fall and winter. It is Large enough to wear over ears. One of our most popular beanie caps Will keep you warm, perfect for stylish look in winters. Pair it with your favorite pair of skinnies and a simple jacket. Must have for all fashionistas!!!"
Clothing & Accessories,1,US Polo Assn. Boys' Shorts
Books,0,GRE Master Wordlist: 1535 Words for Verbal Mastery: Volume 18 (Test Prep) 
Clothing & Accessories,1,Younky Unisex Combo Of Uv Protected Aviator Stylish Mercury Sunglasses For Men Women Boys & Girls ( Gm-Sm-Bm|55|Silver ) - 3 Sunglass Case
Books,0,Marvel's The Avengers Storybook Collection About the Author MARVEL
Household,3,Artesia Handcrafted 2 Panel Brown Wooden Room Partition/Divider
Books,0,"National Geographic: The Photographs (National Geographic Collectors Series) About the Author Leah Bendavid-Val , Director of Photography Publishing for National Geographic Books, is the author of Propaganda & Dreams; Changing Reality; National Geographic: The Photographs; Stories on Paper & Glass,  and most recently Song Without Words: The Photographs and Diaries of Countess Sophia Tolstoy.  She has curated photography exhibitions for museums worldwide."
Electronics,2,Global Tech Accessories 1 to 4 Female Splitter RGB Extension Cable with 4 pin Connector for LED Strip (2 Pcs) Global Tech Accessories 1 to 4 Female Splitter RGB extension Cable with 4 pin connector for LED Strip (2 Pcs)
Electronics,2,"Outgeek Indoor Radio Antenna Universal FM Radio Antenna for Audio Radio Stereo Receiver Description:Resistance: 75 OhmFrequency: 85-112 mhzEarnings: 5dbConnector: IEC PAL female connectorColor: BlackMaterial: Plastic, metalSize: Wire length 3.2m(10.5ft)Type: ANT108SE, ANT108Package Includes: 1 x FM antennaNote:- Please refer to the measurement. Tiny measuring error is allowable in normal range.- There might be a little color difference due to the monitor, camera or other factors, please refer to the physical item.Package Including1 x FM antenna"
Clothing & Accessories,1,"Aditii's Mantra Stylish Blue & White Off Shoulder Cotton Top for Women Trendy and appealing, this top from Aditii Mantra collection will surely impress fashionable women. This Top will surely add unique charm to your casual as well as party look. Made from quality fabric, this top will help you stay relaxed all day long."
Books,0,"JAIIB 2019: Principles and Practices of Banking Question Bank (1000 Series) @1000 specially designed questions, numericals and case studies @Strictly based on JAIIB Exam Pattern @Contains many memory based questions @Book can be easily finished in two weeks @Many case studies- since emphasis of JAIIB is shifting to case studies and numericals @Cant finish the theory and feel bored while reading theory? then this book contains many theory based questions @Book is updated from time to time"
Household,3,MBTC Cadbury Cafeteria/Bar Stool in Black Set of 2 Color:Black   Add a stylish look to your kitchen or in-house bar with this MBTC Bar stool This stylish and sleek bar stool is made of fine quality metal . The fine metal provides a firm frame while the Black Seating with a natural finish gives it a glossy look. The light in weight design lets you move it around with ease. This bar stool comes with height adjustment facility at the base that allows you to lift it according to your preference
Household,3,"Homyl 100pcs 17x9mm Screw Safety Eyes Noses with Washers for DIY Craft Bear Animal Dolls Making (Black) Description: - Safety eyes and noses with screw are made of good quality , solid and durable, looks glossy and smooth - Washers can prevent the eyes from falling out - These safety eyes are suitable for many kinds of puppets, like doll, teddy bear, plush animals, etc; a good selection for DIY crafts - Great for kids, children and hobbyist dolls makingSpecification: - Material: - Size: Approx. 17 x 9 mm / 0.67 x 0.35 inchPackage Includes:100 Pieces Safety Eyes Noses"
Clothing & Accessories,1,"IndiWeaves Boys Wollen Warm High Neck Full Sleeves T-Shirt/Inner/Skivvy for Winter (Pack of 3) Look stylish this winter with this trendy pullover top. It will keep you feeling warm and comfortable, and leave you smiling all day. With full sleeves and High neck, designed to fit any body type, it can be paired with your favourite jeans or skirt to give you a chic look. Wear your boots too and up your style quotient effortlessly!"
Books,0,"Copy Colouring Books for Early Learning by InIkao (6 Books) A perfect gift for the one who starts their journey of education. Mix coloring with writing practice will make the little busy body to learn basics with fun. Contains 6 A4 Size Multi color Copy Colouring Books of 16 Pages each. Titles Includes Basic Strokes, Alphabets, Numbers, Colors and Shapes, Rhymes and Toys. Comes with beautiful pictures , Color Preview, Writing Practice guidelines for respective activity. Printed on 67GSM West Coast Paper with Imported Ink. A Total of 90+ Images available for colouring practice."
Household,3,"YUTIRITI 10 Layer Shoe Rack with Cover Space Saver Storage Organiser A Stylish Way To Keep Your Fashionable Heels and Groovy Sneakers Organized.This Spacious and Durable Four Layer Shoe Rack Can Hold Your Many Shoes, Sneakers, Slippers, Heels. Its Also Lightweight and Easy-To-Assemble."
Books,0,IIT Foundation Chemistry Practice Book 8 
Household,3,"SHAFIRE Metal Handle Switch Durable Recliner Chair Sofa Couch Release Lever Replacement Black Description:  material: aluminum alloy  size: 11x6. 5x3cm color: black  features: -it fits for most reclining sofas and chairs and easy to install. -the chair handle is made from plastic,  wire drawing is gloss aluminium alloy metal. -it has two screw holes and easy to fit. Package included: 1 x metal sofa handle"
Books,0,War and Peace
Household,3,"Bharat Lifestyle Desy Fabric 3 Seater Sofa (Color-Orange) Bharat Lifestyle brings to you modern and comfortable sofa for your living room. Bharat Lifestyle Desy Orange & Black Fabric 3 Seater Sofa is made of Acacia wood. It has an elegant design which enhances the interior decor of your living room. Designed in such a way, the sofa is comfortable to sit. The best part it, it comes with good price without compromising on quality. Buy this sofa today!"
Electronics,2,"CraftDev Plain Wooden Ice Cream Sticks Popsicle Sticks & Spoon : Approx 240 Pcs (Plain) Colour:Plain   Set of 240 Plain Wooden color and Attractive Art and Craft Sticks. Use Them For Building Art and Craft Projects with Your Children. Fun for All, These Sticks Can Be Used To Make Things Like Houses, Pen Stands, Boxes for Keeping Things and Many Other DIY (Do-It-Yourself) Projects. Stick Them On To Things Like Flower-Pots and Give Them a Personal Touch. Size: - 11.5 x 1 cm (approx.); Approx. 240 Sticks, Material: Wooden Sticks; Color: plain wood color"
Clothing & Accessories,1,"Simandra Fashion Girl's Satin Silk & Net Semi-Stiched Lehenga Choli (Kids_7-12 Year_Free Size) Type - semi-stiched product, fabric wash : hand wash. Blouse fabric : silk, lehenga fabric : printed satin + net, dpatta fabric : net."
Books,0,French Made Easy 
Books,0,"Freakonomics: A Rogue Economist Explores the Hidden Side of Everything About the Author Steven Levitt is a tenured professor in the University of Chicago's Economics Department and editor of The Journal of Political Economy. This will be his first book. Stephen J. Dubner is the best-selling author of Turbulent Souls: A Catholic Son's Return to His Jewish Family and, most recently, of Confessions of a Hero Worshiper"
Books,0,Barron`s IELTS Practice Exams 
Household,3,Global Corporation D12 set 4 chair and 1 table with glass Outdoor furniture for terrace
Books,0,Python: The Complete Reference 
Books,0,The Art of War (Pocket Classics) 
Household,3,Anchor Fly with Me Stitch Kit A range of over 300 d-i-y kits with easy to make embroidery designs on canvas. Anchor stitch kits contain everything you need to help you make your own special embroidery creation. Happy crafting.
Clothing & Accessories,1,"Vastraa Fusion"" Cotton Flex Short Kurti Top for Girls/Women and Size Options (Up to 5XL)"
Electronics,2,CYGNUS HP Laserjet Pro For Model Number:HP Laserjet M1132 M1136 M1212 1214 1216 1217NFW 1213 Name:Input Paper Tray Package Includes: 1 x OutPut Paper Tray
Household,3,"Artificial Fruits This is made of Thermocol. This Fruits are made of Thermocol. This are durable. Content:- The combo of 6 Mix artificial fruits. If you are thinking about Home & Living room decor. Featuring a Artificial fruits , this can enhance the look of any space. Its distinct structure will make it a great choice for any home. It gives you a beautiful and attractive look to your interior or exterior landscape. Suitable for Dining table,Floor-center table,side table or Gifting Purpose.Product height vary to 20 to 6 cm."
Clothing & Accessories,1,"VIMAL JONNEY Winter Cover Blended Thermal Top & Pyjama Set for Boys Black Vimal Jonney Kids Thermals Are Made With Speical Soft Fabric , Keeping In Mind The Soft Skin Of Kids . As Known By The Name Vimal Jonney Thermals Act As A Saviour In The Chilly Weathers Of Winters . By Manufacturing These Thermals Vimal Jonney Has Added One More Feather To Its 40 Years History Of Serving People."
Electronics,2,"DICOTA Code Backpack for MacBook with integrated rain cover (Black) Simplicity. Functionality. Inspired, contemporary design. These are the guiding principles that define the Code collection. The Backpack of the collection is the perfect choice for anyone wanting to comfortably transport their notebook without renouncing on style. The bags of the Code collection are made of polyester canvas fabric and have real leather details. Code Backpack is designed to fit MacBook but also other notebooks will fit."
Electronics,2,"TP-Link TL-PS110U Single USB2.0 Port Fast Ethernet Print Server (White) Style name:TL-PS110U   The TP-LINK TL-PS110U print server allows you to take the computer out of the loop while setting up a printing network. All that is needed is to connect the TL-PS110U to a printer via the USB port, connect the print server to your LAN, and you will be able to access your printer from any computer on the LAN."
Books,0,"Wiley's Physical Chemistry For JEE (Main & Advanced), 2019Ed "
Electronics,2,"HP DeskJet 2138 All-in-One Ink Advantage Colour Printer HP Photo and document All-in-One printers deliver the versatility to print everything from documents, email and web pages to lab-quality photos. With copy and scan capabilities too, these printers are perfect for home, school or work projects."
Clothing & Accessories,1,Simandra Fashion Girl's Tapeta Silk Semi-Stiched Lehenga Choli (Free Size_8 To 12 Years Age)
Household,3,"Gudwell King Size Foam Mattress (78x72x4 inch) (4-inch) Sleep light on a gudwell Foam Mattress. HR foam ensures the mattress is soft and light. A top layer of fabric ensures a smooth, rich feel. The mattresses provides better stability and flexibility which gives rise to the demand of the product globally for bedding products."
Clothing & Accessories,1,"Girl's Skin friendly Plain Cotton tights Keep your Girl's legs warm & cozy in even the coldest of weather. Made with a mix soft brushed cotton and lycra , these tights offer plenty of warmth without being too bulky. Treated with a special antimicrobial treatment, these tights offer bacteria-free warmth. Pair up this leggings with T-shirt & tops to enhance the look. This will give a comfort and ease all day long. A perfect choice for girl's leg during this season"
Electronics,2,"Micromax Canvas Tab P702 Tablet (WiFi, 4G, Voice Calling), Champagne Colour:Champagne   Quad core 1.3GHz MTK MT 8735 Lollipop, IPS HD capacitive touchscreen (1280 x 720), 17.78 centimeters (7-inch) display, 3000mAH lithium-polymer."
Electronics,2,"Drive Time                                                                                                                                                                                                                                                                Import A swinging alto-saxophonist with a beautiful tone, Mike Dubaniewicz is thus far best known for his playing with the late Maynard Ferguson's Big Bop Nouveau Band. Drive Time is his highly enjoyable debut recording as a leader and shows off his improvising skills in several styles with the foundation being straightahead jazz."
Electronics,2,"Micromax 54.61 cm (21.5) MM215FH76 Monitor Upgrade your computing experience with the Micromax 2156 MM215FH76 Monitor. This efficient monitor has a massive screen that provides you wide viewing angles. It comes equipped with a 1920 x 1080 HD resolution that delivers sharp picture quality and excellent visuals. The anti glare display provides your eyes the optimal comfort for viewing. Featuring a stand, the monitor can be tilted in any direction to suit your preferences."
Household,3,"Ikea Gunde Folding Chair, White Made of durable product, Ikea Gunde Folding Chair, comes in White colour."
Electronics,2,MONCI 15.6inch Laptop Backpack The classy bag is very comfortable to carry and is highly durable for all college goers.Designed from the inside out to provide reliable protection.It has two compartments and two side pocket.
Electronics,2,AmazonBasics 10-Feet VGA to VGA Cable An Amazon Brand.
Books,0,Ramayana 
Books,0,SSC Mathematics (1999-2017) Typewise Questions 7300 Objective Questions (Bilingual) Rakesh Yadav Readers Publication Pvt. Ltd.
Clothing & Accessories,1,"RC. ROYAL CLASS Women's Woolen Ankle Length Multicolored Socks (Pack of 5 Pairs) This winter gives your feet a soothing touch with royal class woolen ankle thumb socks for women, made from soft woolen blend yarn and spandex for elasticity. Do not iron or bleach. Hand wash only."
Electronics,2,"KharidiyeBasic Zebronics Motherboard Kit with 3.06Ghz Intel Core2 Duo CPU, 2GB DDR2 RAM and Intel CPU Fan Zebronics Zeb-945 Motherboard Kit with 3.06Ghz Intel Core2 Duo CPU, 2GB DDR2 RAM & CPU FAN for Intel"
Household,3,"Caspian Brick Textured 3 Door Wardrobe With Mirror, Wood 3 door Brick textured wardrobe in brown/black colour with 2+1 drawers with locks extra removable shelves attached. An attached mirror of 4 ft. The ply used is termite free."
Electronics,2,"Dinosaurs: The Bare Bones (Basher Basics) About the Author Simon Basher is the creator and illustrator of more than a dozen internationally best-selling books for children including the critically acclaimed Basher Science series (Physics, Chemistry, Astronomy and more), the Go! Go! Bobo books and Basher's ABC. Based in London, Basher specialises in ""graphic surrealism"" and his original artwork is regularly exhibited and sold in the UK, Europe, USA and Asia."
Clothing & Accessories,1,US Polo Kids Boys' Checkered Regular Fit Shirt Shirts-fs check shirt-ecru fashion woven fsfull100% cotton
Electronics,2,Casio LC-160LV Portable Calculator (Black)
Books,0,"JAIIB 2019: Legal And Regulatory Aspects Of Banking Question Bank (1000 Series) @1000 specially designed questions, numericals and case studies @Strictly based on JAIIB Exam Pattern @Contains many memory based questions @Book can be easily finished in two weeks @Many case studies- since emphasis of JAIIB is shifting to case studies and numericals @Cant finish the theory and feel bored while reading theory? then this book contains many theory based questions @Book is updated from time to time"
Clothing & Accessories,1,"BODYCARE Pure Cotton Multi-Coloured Military Trunk for Boys & Kids (315-Packof4) Bodycare Brings a new collection of Boys Brief Pack of 4, 100% cotton fabric with attractive design and stylish trendy look."
Books,0,"Rich Dad, Poor Dad: What the Rich Teach Their Kids About Money--That the Poor and the Middle Class Do Not! About the Author Robert T. Kiyosaki is an investor, teacher, entrepreneur, and bestselling author. His books include Cashflow Quadrant, Rich Dad's Guide to Investing, Rich Dad Poor Dad for Teens, Rich Dad's Retire Young Retire Rich, and Increase Your Financial IQ. Robert lives in Phoenix, Arizona."
Books,0,An Introduction To Social Anthropology An Introduction To Social Anthropology
Household,3,"Lord's Multi Color Garden Umbrella 8 Ft Dia Heavy Duty With Thick Water Proof Fabric Garden Umbrella Garden Umbrella Multi Color 8 Feet Dia Heavy Duty With Thick Water Proof Fabric No Umbrella Stand. Easy To Carry Easy To Install Top Most Utility Item Durable Good For Sun Protection Ideal For Rain Protection Attract Clients From Far Extremely Eye Catcher Material : Thick Nylon Taffeta Color : Multi Color Size : 8 Feet Dia Round. Height 84"" Style : Multi Color Weight: 2.8.00 Kg Net. 3 Kg Gross Packing: In Poly Gunny Type Bag. Compactly Wrapped Usage : Garden- Beach- Resort-Sun Protection"
Clothing & Accessories,1,"KGB Multicoloured Embroidered t Shirts for Boys KGB presents short sleeved, round neck, bright printed multi coloured t-shirt pack for boys. These t-shirt for boys have kids' favourite cartoons printed on them that adds to its fun and cool look. Manufactured from pure, quality and light cotton, these packs of multi coloured tshirts are modern and fashionable. These t-shirts can be paired with fade out jeans and sneakers for a cool casual look or with your favourite bottoms. For kids aged from 2 years to 9 years."
Clothing & Accessories,1,Skudgear 20 Pack Cute Baby Series Hair Clips for Baby Girls and Little Girls Kids Cartoon Ribbon Hair Bows Hairpin Unicorn Bows Kid Girls Hair Accessories  It is a beautiful and great gift to your friend or family.
Household,3,Aprodz Benger Bar Cabinet (Sheesham Wood) Color:Brown   Aprodz Benger Bar Cabinet is crafted in Sheesham Wood with teak Finish.
Electronics,2,Casio SX-100-W Portable Calculator (Black) 8 digits Large Display Dual Leaf - folding type Dual Power - Solar/Battery Handy - Loving 3 yrs Warranty by Casio India - copy of Invoice with serial number is a must.
Books,0,The Republic: Cassettes (Non Fiction) 
Clothing & Accessories,1,"Eazy Trendz - Girls Lycra 4 Way Stretchable Cycling,Yoga,Jogging Shorts/Tights,190 GSM Pack of 5 (Pink, Black,Navy,Purple,Grey) Eazy Trendz Exclusive Girls Lycra 4 Way Strechable Cycling,Yoga,Walking,Joging,Workout, Sports Shorts/Tights Sepcialy Designed for Play Free."
Books,0,"Ancient and Medieval India About the Author Poonam Dalal Dahiya obtained her Bachelor's Degree in Arts from University of Delhi. A certified teacher, she possesses the rich and varied administrative experience garnered from different professional fields and has cleared many reputed competitive examinations ranging from SBI P.O, SSC Graduate Level, State Civil Services and UPSC. After working as Assistant Commissioner of Police for five years, she has now joined Indian Revenue Service (Income Tax) and is presently undergoing training at the National Academy of Direct Taxes, Nagpur"
Electronics,2,"Blufury 15.6"" Screen Computer 4 in 1 Dust Cover combo Heavy Duty [15.6""screen protector + CPU Cover + Keyboard Cover + Heavy Mouse Pad] Blufury 15.6"" Screen LED/LCD Computer 4 in 1 Dust Cover combo [15.6""screen protector + CPU Cover + Keyboard Cover + Heavy Mouse Pad] Product Description Protect Your Full Desktop From Dust & Pollution. Dust Cover For 1. 15.6"" Screen 2. CPU 3. Key Board. with Free Heavy mouse Pad"
Electronics,2,"Rapoo 8000 Wireless Keyboard and Mouse Combo (Black) Rapoo 8000 keyboard, wireless and mouse combo with black color. Compact and reliable."
Books,0,Science and Technology for UPSC and State Civil Services Examinations About the Author PrepMate.
Electronics,2,"Dell 5575 AMD Ryzen 5 15.6-inch FHD Laptop (8GB/1TB HDD/Windows 10 Home/MS Office/Vega 8 Graphics/Silver/2.5kg) Dell Inspiron 15 5575 15 inch FHD laptop with AMD Ryzen 5 2500U with Vega8 Graphics, 8GB RAM, 1TB Hard disc, Windows 10 with preloaded Ms Office H&S."
Household,3,RRG Ottoman Pouffe Stool Footstool for Living Room Drawing Room Balcony Bedroom Home Office(60 cm X 60 cm X 40cm) - Handwoven Jute
Electronics,2,"AmazonBasics RJ45 Cat7 Network Ethernet Patch/LAN Cable - 25 Feet,White"
Household,3,"@home by Nilkamal Fern  6 Seater Dining Table Set (Erin Brown) @home presents a wide showcase of modern furniture that's designed to seamlessly blend with your interiors. Crafted for compact homes, the range is clean and convenient. All the collections have an understated design aesthetic that adapt to any space. The designs represent the ideals of cutting excess, practicality and an absence of decoration."
Clothing & Accessories,1,T2F Girl's Cotton Printed Capri - Pack of 5
Clothing & Accessories,1,"Sio™ Women School or Uniform Thigh High Stocking Length Socks (Pack Of 3) A very good multi utility Stocking socks 24x7 made for female.The socks are shaped and made with a double yarn cuff weave that ensure a secure stable fit around the ankle and toe,lets not forget they kept inside of your shoes new and your feet clean and happy.Highly preferred choice for Nurses Thigh Length socks with comfort."
Household,3,"Abzorb-It Moisture Absorber, Green, 300g - Pack of 3 Abzorb-It Moisture Absorber comes in pack of 3. This disposable moisture absorber are available at a reasonable range. It absorbs excess moisture which causes unpleasant odours, respiratory diseases and allergy."
Clothing & Accessories,1,"Elk Kids Baby Girls Printed Trouser Bloomer Innerwear 10 Piece Combo Trendy Inner wear brought to you from the fashion brand Elk- An after-dark delight, this inner combo entices in soft Cotton fabrics to perfectly show off the silhouette and make it the perfect addition for your Kids Nightwear and wardrobe. Live up your fantasies and Shop with Confidence !"
Household,3,"Pindia Handcraft Adhesive Roll Set - Pack of 6 (Multicolor) Set of 6 pieces lace tape. Random colour and design. Width: 2 cm Ideal for decorations of gift packaging's, albums, books, notes, glass bottles and other office supplies etc. Get a lot of DIY pleasure and a good mood with these apparent cute lace tape A variety of colours, a variety of patterns, can well decorated the items you want to decorate, such as your mobile phone, your wallet, your book and so on Use them as fun for the kids, for organizing any journal, diary, logbook, daytime calendar, for decorating photo frames, notebooks."
Books,0,Success Through a Positive Mental Attitude About the Author Napoleon Hill was the world-renowned bestselling author of Think and Grow Rich.W. Clement Stone built a multimillion-dollar insurance company using the principles of Napoleon Hill's Think and Grow Rich.
Electronics,2,"Emerson Liebert iTON CX 600 VA Line Interactive UPS Emerson Liebert iTON CX 600VA is an outstanding UPS from the prestigious Emerson brand. This is a pure sine wave UPS designed to be used at homes and offices. The inverter gives an uninterrupted performance to the appliances which are connected to it such as the LED, LCD, personal computers, printers etc. The model has a long battery back-up."
Books,0,"Dow Corning GP_AC Silicone, 280 ml Cartridge, Clear The Dow Corning GP Silicone, 280 ml Cartridge, is a suitable sealant for gap filling, it requires a caulkin gun for dispense. This is perfect for glass and aluminium joints. It is also U.V resistant for both interior and exterior applications. However its not fit for Masonary and concrete joints."
Clothing & Accessories,1,"Amicraft Ladies Belt Combo - LBC 08 (BLUE-RED) ""AMICRAFT"" ladies synthetic leather belt is made by fine grain soft material with excellent workmanship, We design this belt according to your use and personality, Amicraft belt for women is mad by imported PU . This 44-inch belt has a fine quality buckle; you CAN adjust the size of belt by open the buckle easily."
Electronics,2,"Lenovo L-Series LI2264d 21.5-inch FHD IPS Monitor with VGA/HDMI (Black) Lenovo 21.5 IPS FHD borderless VGA + HDMI, sleek and stylish. Dramatic display. The Lenovo li2264d monitor features a stunning 21.5-inch wide screen, yet a compact v-stand that fits the narrowest of desktop spaces. This stunning display delivers vivid images in full hd resolution, with dynamic contrast and an anti-glare screen for superb visual clarity from every angle. Form meets function in these superb displays with VGA and HDMI 1.4 connectivity and convenient cable management for clutter-free desk."
Electronics,2,"AmazonBasics RJ45 Cat-6 Ethernet Patch/LAN Cable -3Feet (0.9Meters),Black Size name:3 Feet                                                                                 |                            Style name:Pack of 1   AmazonBasics RJ45 Cat-6 Ethernet Patch/LAN Cable -3Feet (0.9Meters)"
Electronics,2,Hagibis External Sound Card Converter Splitter USB Adapter 3 Port Converter Headphone Microphone for PC Laptop Audio Adapter Hagibis External Sound Card Converter Splitter USB Adapter 3 Port Converter Headphone Microphone for PC Laptop Audio adapter
Household,3,"Generic D& D New DIY Leather Beading Cord for Clothes Shoes Jewelry Bracelet Necklace Accessories 20m Product type: cords, material: leather, use: home textile, bags, shoes, garment, diameter: 3mm, model number: ds17030602, finishing: waxed, shape: flat, feature: eco-friendly, high tenacity, waterproof, length: 20m, technics: twisted, item nmae: leather beading cord, size: white 10m&black 10m, packing: 1pc/pack, unit type: piece, package weight: , package size:"
Household,3,"Couchette Kids Football Bean Bag, Small Bean Bag for Kids, Red and Orange Score a goal! Tough, and waterproof artificial leather. Can be easily cleaned with damp cloth. These beanbags are the updated design of proven winners, whether you love football, soccer, basketball or baseball. All of them are made from cut panels, NOT PRINTED, so you get the professional look of your favorite sports ball in different fun colors."
Household,3,Nikavi NKVMAT002 Natural Bamboo Wood Chair Mats (Brown)
Household,3,"Life Before Toilets, Tables, Dressers, Doors, Toilet Paper, Houses, Blankets, and Shoes: Volume 1 (Invention Stories for Kids) "
Household,3,"Woa Fashions Lovable Acrylic Hand Knitting Yarn - Pack Of 4 (Turquoise Blue) (200Gms) Size:200gms   Good quality knitting yarn ball perfect for craft projects, hand knitting, toy making, clothing, socks and a variety of other requirements.It is suitable for stitching woolen apparels and outfits. Recommended for Baby clothing also."
Books,0,GRE Analytical Writing: Solutions to the Real Essay Topics - Book 1 Edition 2018: Volume 19 (Test Prep) 
Electronics,2,"XP-PEN Graphics Drawing Digital Pen Tablet (10x 6-inches, Battery-Free Stylus, Express Keys, Black)"
Household,3,"Havells Sprint LED 400mm Pedestal Fan (Wine Red) Color Name:Red   Havells Sprint 400mm 55-Watt Pedestal Fan (Wine Red) Strong motor for better air delivery, Smooth oscillation ,Superior low voltage performance, Heavy base for stability, Power: 55 watts."
Books,0,"Lexicon for Ethics, Integrity & Aptitude for IAS General Studies - 5th Paper Edition 2019 "
Books,0,Stephen Hawking: A Biography 
Electronics,2,"TP-Link TL-WR820N 300Mbps Wireless N Speed Router (White) Style name:N300-Ideal   300Mbps wireless transmission rate ideal for both bandwidth sensitive tasks and basic work. IPTV supports IGMP Proxy/Snooping, Bridge and Tag VLAN to optimize IPTV streaming. Compatible with IPv6 (Internet Protocol version 6). Guest Network provides separate access for guests while securing the host network. Parental Controls manage when and how connected devices can access the internet. Security protocols protect your home network with firewalls and wireless encryption."
Household,3,"Sky Trends Plastic Basket with Artificial Flower and Plant (Violet and Multicolour, 22x10x12cm) A fantastic gift to say you care, for a Birthday present or Anniversary gift, a special gift that will create a talking point.This eye catching decorative miniature rickshaw fabricated Vase with high quality materials. It is replica of the original rickshaw.These beautiful vase from the house of Sky Trends that will instantly enhance the visual appeal of your room.This is crafted by skilled craftsmen and it is designed for providing elegant and traditional look for home decor."
Electronics,2,"Generic 600Mbps USB Wifi Dongle 600Mbps Wireless Adapter 802.11N/G/B With Antenna This 600M Portable Mini Wireless USB Adapter Allows You To Connect PC To A Wireless Network And Access High-Speed Internet Connection. It'S Ideal For Internet Surfing And On-Line Gaming. Wireless N Speed Up To 150Mbps, Ideal For Internet Surfing And On-Line Gaming. Complies With Ieee 802.11N (Draft 2.0), Ieee 802.11G, Ieee 802.11B Standards.Support Operating Systemwindows 2000, Xp, Vista, Win7, Linux, Mac"
Clothing & Accessories,1,"Royal Men's Festive Art Silk Blend Dhoti Kurta Set_Brown Accompanying the royal heritage.Royal Kurta Being india's largest and fast growing brand in men's ethnic wear brings out the most unique collections of dhoti &kurta sets .In almost 100 designs and 100 unique colours.Being the popular brand we assure the best price ,comfort and unmatchable stich and size customization in every product delivered.Kurta's are worn loose we recommened consider your shirt size while buying our products."
Clothing & Accessories,1,"Voberry Voberry Baby-Girl's Socks, Kid's Princess Lace Floral Boot Socks Winter Warm Knee High Socks Package content:1 Pair baby socks"
Clothing & Accessories,1,"Miss Wow Women's Denim Casual Jeans Accentuated with a rinse wash effect and complemented by ankle length design, this pair of jeans proves to be a reliable addition to a fashionista's wardrobe .Up your weekend style quotient by slipping on this fashionable bell bottom jeans from miss wow. It sports a rinse wash pattern and these full length jeans are suitable for any occasion."
Clothing & Accessories,1,"Hap Boys Trunks | Pack of Five |Innerwear/Boxer /Drawer/Outer Elastic Upgrade your little Juniors underwear collection by adding this pack of 5 multicoloured trunks from HAP for Boy's. Made from stretch cotton fabric, these trunks are high on comfort and quality. Comprising attractive solid colours, these trunks are best summer choices for your little man."
Household,3,"UdaipurCraft Indian Sheesham Wood Set of 3 Nesting Table for Living Room/Wooden Table/Beside Table. Decorate your floor with these well designed and ergonomic Stools - available in a variety of styles and designs, you can use them to organize your essentials or display decorative items."
Books,0,"RHCSA/RHCE Red Hat Linux Certification Study Guide Exams EX200 & EX300 About the Author Michael Jang, Senior Technical Writer, ForgeRock. Alessandro Orsaria, Red Hat RHCE and RHCA certified IT Professional."
Clothing & Accessories,1,Skudgear Baby Knotted Headbands with Dotted Pattern - Pack of 4 (Multicolour) Baby HeadBands
Clothing & Accessories,1,"Bold N Elegant I Love Papa Mom Set Little Boy Girl Two Piece Set Full Length Set Tshirt Pant Pyjama Set for Small Baby Kids Give your little master an ultra-cool look in this I Love Papa and i Love Mom full-length set from Bold N Elegant. Made from 100% cotton for a soft feel, this set features a top and bottom with cool printed graphics that will appeal to your young one. This t-shirt pant twin set will be a perfect option for any casual or special occasion like birthday or wedding party dress."
Books,0,ESE 2018 Prelims: Electronics & Telecommunication Engg - Topicwise Objective Solved Papers - Vol. I 
Electronics,2,Trishago Capping Head Assembly for Epson L210 Trishago Capping Head Assembly. Compatible for Epson printer L210/ L220/ L360/ L365/ L380/ L130/ L110/ M100 / M200/ M105/ M205/L385/L355.
Household,3,"Cello Image Series Vinca Set of 4 Chairs (Blue) Color:Blue   Elegant design, stylish, modern and sturdy for lasting durability. If you are looking for a weatherproof multipurpose modern chair, think no more."
Household,3,Kids Sofa Elephant Seat Babyjoys presents this cuddly soft toy chair Keep your kids entertained for hours of outdoor or indoor fun with this Children Seat that can be set up in your home or garden. It has been constructed from Soft Cotton .This soft toy in kids bedroom will give them endless hours of fun-filled playtime .
Electronics,2,"AmazonBasics Micro USB Charging Cable for Android Phones (3 Feet, Black) Size name:3 Feet                                                                                 |                            Style name:Pack of 1   AmazonBasics Micro USB Charging Cable for Android Phones (3 Feet, Black)"
Books,0,Harappa: Curse of the Blood River 
Household,3,Kuchipoo Unisex Regular Fit Cotton Dungaree
Household,3,"Roman Living Hastings 3+1+1 Seater Fabric Sofa Pack (Grey) It has an elegant design which enhances the interior decor of your living room. Designed in such a way, the sofa is comfortable to sit."
Household,3,"Embroiderymaterial Aari Embroidery Needles for Beading and Embroidery Work Purpose (Pack of 4 Needles) These needles are particularly used for doing aari embroidery work with beads, sequins, french wire and thread. These needles have an iron handle which is wrapped with thread to provide a nice grip. This is the festive collection of the needle and would be perfect for doing effortless embroidery work"
Clothing & Accessories,1,"ALOFT Boys' Vests COMBO PACK OF 5PCS This vests from the house of ALOFT is made of cotton and comes white in colors. This is comfortable to wear all day long and easy to maintain, it can be hand washed."
Household,3,"Varmora Designer Chair Set of 4 (Club Handle - Brown) Contemporary & modern,heavy duty with arm chair with web design,solid,attractive colors,outdoor & cafeteria, seating,comfortable and handle are dis-connectable"
Clothing & Accessories,1,"mitushi products Boy's Swim Shorts Shark SWIM SHORT FOR BOYS,DIGITALLY PRINTED ,QUICK DRY MATERIAL,NETTED LINING ATTACHED INSIDE ELASTICATED WAISTBAND & STRING CLOSURE ,BLACK BACK ,BEST FOR WATER PARKS AS WELL AS BEACHES. MADE IN INDIA,MANUFACTURED BY BEST IN CLASS FINISHING & STITCHING MACHINES,TO GIVE IT LONG LIFE"
Clothing & Accessories,1,"Mandhania Men's 100% Cotton Lungi Assorted Color and Checks Pack of 2 (2 Mtr.) Stay relaxed wearing this cotton lungi by Mandhania, it is pure cotton, very soft and skin friendly. It is very durable and long lasting. The color stays intact for years and the performance is always the best. Furthermore, it is recommended to be kept away from extreme heat, fire and corrosive liquids to avoid any form of damage. Disclaimer: wash dark color fabric separately."
Household,3,"Kudoz Enterprises Sunshine Crafts Ceramic Large Dinning Bowls (Set of 4) When it comes to food, it is not just about good taste but also about good presentation. Kudoz is here to assist you with the presentation of your dishes. Use our bowls for the same or for mid-meal snacking. It comes in a set of 6 pieces. Kudoz Enterprises makes special crockery for your kitchen and dining table, taking the level of its beauty a notch higher."
Books,0,Bhagvad gita as it is english new edition Bhagvad gita as it is english new edition
Clothing & Accessories,1,"Krystle Boy's and Girl's Cotton Socks (2-3 Years) -Pack of 6 Gorgeous printed socks in the colored tone and crafted in cotton material, it comes in a pack of attractive prints. The kids are definitely going to adore it much we bet."
Household,3,"Paper Plane Design Posters (Paper, 45 cm X 0.5 cm X 30 cm, Multicolour, 117Poster_406) Beautify, inspire, motivate, lighten up, liven up and exhilarate your surroundings with huge and super interesting range of wall posters line up. Quotes for home, office, kitchen, bedroom, dining, dorm room, hostel, on your cupboard or anywhere you like."
Books,0,Mein Kampf: The Stalag Edition: The Only Complete and Officially Authorised English Translation Ever Issued 
Books,0,Towards a Third cinema
Household,3,Varshine Boom Table Chair Set for Growing Kids || Study Table || 2 to 6 Years Old Kids || F-62 Sturdy and stylish table which can be used for studying. The strong body frame also makes it durable and long-lasting. You can also enjoy your dinner in this comfortable table. This table looks appealing and can be used for various purposes
Electronics,2,Lapmate Laptop Keyboard for HP Pavilion G4 G4-1000 G6 G6-1000 Series 633183-031 643263-031 LAPTOP KEYBOARD HP Pavilion G4 G4-1000 G6 G6-1000 Series 633183-031 643263-031
Clothing & Accessories,1,Eccellente Bow Tie & Pocket Square SetFor Men and Boys -Click for More Options and Variety Great Indian Sale Diwali Offer (4-8Oct) Eccellente Bow Tie & Pocket Square SetFor Men and Boys -Click for More Options and Variety
Clothing & Accessories,1,"MINNOW Girls White Tshirt and Solid Capri Clothing Set(Pack of 1 Set) White printed Tshirt and solid colour capri are made of 100% combed cotton yarn.It is a 160 gsm single jersey fabric.Fabric is biowashed ,so that pilling effect and Fabric dust will not occur even after multiple washes.Fabric is processed with softner ,so that it gives maximum softness to garment when touch and feel.Side piping in the capri gives a sportive look for your kid.Minnow concentrates much on quality and hence it would be a genuine product by the brand.Proudly Made in beautiful India."
Books,0,Kiran’s LIC AAO (Assistant Administrative Officer) Online Exam Mock Test - 2284 
Household,3,Usha Mist Air Duos Table Fan (Blue) Aerodynamic pp blades for better air delivery with low noise dual colour design with attractive and decorative style jerk-free & uniform oscillation soft hand tilting mechanism with dual options - knob & ratchet type mechanisms fuse to auto-protect motor during thermal overloading 2 years standard warranty
Household,3,Happy2Buy Hammock Easy to Disassemble Footrest (Orange)
Electronics,2,"Apple MU8F2ZM/A 2nd Generation Pencil (White) The new Apple Pencil delivers pixel-perfect precision and industry-leading low latency, making it great for drawing, sketching, coloring, taking notes, marking up email, and more. And it’s as easy and natural to use as a pencil. The new Apple Pencil also features an intuitive touch surface that supports double-tapping. So now you can change tools without setting it down. Made specifically for the 11-inch iPad Pro and 12.9-inch iPad Pro (3rd generation), it features a flat edge that attaches magnetically for automatic charging and pairing."
Electronics,2,Cosmic Byte Over the Ear Headsets with Mic & LED - G4000 Edition (Blue) Color Name:Blue   G4000
Electronics,2,Asus COMPUTER INTL PH-GTX1050TI-4G PCIe Graphics Card Size name:GTX 1050 TI                                                                                 |                            Style name:PHOENIX GTX 1050 Ti 4GB (Single fan)   The graphic card with a 4GB RAM size is sure to take your gaming experience to a whole new level.
Electronics,2,"HP 245 G6 14.1'' Laptop ( 7th GEN AMD A9-9420  / 4GB / 1TB / DOS PART NO 2UE06PA#SVJ PROCESSOR: 7TH GEN AMD A9-9420 3.0GHz PORT : 2USB 3.1 ,1USB 2.0 HDMI RJ45 ,VGA,CARD READER RAM :4GB RAM DDR4/ HDD :1TB SATA 5400RPM"
Books,0,Review of Pathology and Genetics (PGMEE) 
Books,0,Anthropology - The Study of Man 
Electronics,2,AmazonBasics RJ45 Cat7 Network Ethernet Patch/LAN Cable - 15 Feet (White)
Clothing & Accessories,1,"Voberry Voberry Baby-Girl's Tights,Dance Tights,Ballet Elastic Pantyhose Size:M(24M-3T)                                                                                 |                            Color:Black   Package content:1 PC Pantyhose"
Electronics,2,"Tech-X Female to female Network LAN Cable Coupler Adapter Connector -Pack of 10 (Beige) This RJ45 Female To Female (LAN) Network Cable Coupler, Adapter, Connector, Joiner, Extender Plug is perfect to join the LAN Cables together."
Electronics,2,"boAt BassHeads 100 in-Ear Headphones with Mic (White) Colour:White   boAt BassHeads 100 stereo in-ear earphones are designed to give you an experience which no other product can match. As the headphones feature 10mm drivers, they give you clear sound with that enhanced bass. In-Built noise isolation mic ensures you don't miss those important calls. With two exciting Colors that match your style in your day, the boAt earphones are the ideal choice for anyone who can carry the ""Hawk Attitude"". Just plug them in and plug into nirvana."
Household,3,Unique360 Wix Outdoor Garden Patio Seating Set 1+2 2 Chairs And Table Set Size:Standard                                                                                 |                            Color:Brown   -Its A unique Out door set With 2 chairs one Table -Material: Frame Of Wrought Iron And Rattan Weave -Care:Resistant To Both Sun And Rain -Color: Brown -Durability:Non- Breakable and Easy to handle Lightweight and durable Long Life and Eco-Friendly for En
Household,3,"eshoppee 6/0, 4mm Glass Seed Beads for Art and Craft Making DIY kit 300 gm. (Multi-Color 1) beads size- 4mm or 6/0. total weight- 300gm. number of beads -5500 approx.for necklace bracelet earring making.for art and craft making.Ideal as a gift for jewellery maker or creative minds looking for a new hobby products.search ""eshoppee"" to view our all products."
Household,3,"Pindia Miniature Artificial Small Green Leaf Shrub Grass Persian Leaves Plant Indoor/Outdoor, Home Décor With Square Pot (size 9 inchs/ 23 cms) The ""Pindia"" Decor your home with artificial Green Plant attached to a wonderful pot, a name known for making good-quality and stylish products. The Leaves are printed with perfection that guarantees its shine and beauty. Made from best quality material and fabrics to your surroundings to bring change and dynamism to the environment. So, get these beautiful Green plants and give your home or office a welcoming ambience."
Books,0,Cambridge Preparation for the Toefl Test Book with 1 CD-ROM and 8 Audio CD 
Electronics,2,HP Multimedia Slim Wireless Keyboard & Mouse Combo (4SC12PA) Interact seamlessly with a full keyboard layout and a mouse that’s designed for either hand. Feel free to move around the desk or table with a keyboard and mouse that keep working up to 30 ft (10 m) away from your PC through a single USB dongle that has 2.4 GHz wireless connectivity. Work without worry with a keyboard that has up to an 11-month battery life. Avoid surprises with convenient software notifications that warn you when you need to swap out. Get the reassurance of a one-year warranty by HP India
Books,0,The Secret of Secrets: The Secret of the Golden Flower
Electronics,2,"Creative Sound Blaster Omni 5.1 (SB-OMN-51) Creative sound blaster omni 5.1 sound blaster audio, with usb simplicity featuring a built-in dual microphone array for crystal-clear voice communication and sbx pro studio audio technologies, and a studio-grade 600ohm headphone amplifier, the sound blaster omni surround 5.1 is for anyone looking to seriously upgrade their pc or mac audio experience."
Books,0,CAT (Common Admission Test) 2019 - 29 Topic-Wise & Year-Wise Solved Papers (1990-2018) 
Books,0,UGC/NET/JRF/SET English Literature (Paper-II And III) UGC Pol Sci useful for DSSB KVS JNU etc
Clothing & Accessories,1,Kesari KAEZRI Men's Leather Belt KAEZRI leather belt for men. This product comes in black colour.
Electronics,2,Bambalio BL800 12 Digits Portable Calculator
Books,0,The Little Book of Gardening Tips 
Clothing & Accessories,1,Littly Unisex Cotton Pyjama Bottom (Pack of 5) Littly presents soft and comfortable baby pyjamas for your little ones. These are made from 100% cotton and are gentle for your baby's skin. Good quality elastic is used for comfort of baby. Cute print and soothing colour gives it a stylish and casual look. These are easy to fold and carry. Note: Actual product may slightly vary in terms of colour /design and will be shipped based on availability.
Clothing & Accessories,1,Y&S Uv Protected Non Polarized Wayfarer Boy's Girl's Men's & Women's Sunglasses Combo(Cm-Blk-Gldn-Stk+Blkblkwayf| 55| Black Blue) Y&S Sunglasses For Boys Stylish Combo For Mens Womens Girls Uv Protected Non Polarized Sun Glasses Goggle Set (Cm-Blk-Gldn-Stk+Blkblkwayf|55|Wayfarer).
Electronics,2,Lite-On 24X SATA Internal DVD+/-RW Drive Optical Drive IHAS124-14 internal dvd+/-rw drive / sata interface/ color: black
Household,3,"Isomars Sewing Set of 5 Isomars Fashion Designing Set of 5 includes Armhole Curve, Tracing Wheel, Thread Cutter, Seam Ripper and Single Curve"
Household,3,Better & Brighter Homecare 500ml Thermoelectric Energy Efficient Dehumidifier Air Purifier with Auto Shut-off (White) A 500 ml quiet and convenient dehumidifer from Better & Brighter Homecare that remove moistures from rooms of up to 150 square ft. It has a feature of shutting off automatically and triggering LED indicator light when the tank is full and water is ready for removal.
Clothing & Accessories,1,"LEWEL Men's Stylish Full Sleeve Grey, White, Black Hooded T-Shirt (100% Cotton, Bio-Washed) Made from Red Label 100% cotton fabric, this trendy full sleeve hooded T-Shirt will be one of your smartest and worthiest picks till date from LEWEL. Team it over a pair of blue jeans or LEWEL joggers complemented by sneakers to attain a stylish out look."
Books,0,Success Through a Positive Mental Attitude
Electronics,2,HP 15.6 Value Top Load Laptop Shoulder Strap Bag (Grey) All products are imported from the USA. All electronic products must be used with a step down/up converter for Indian voltage compatibility.
Books,0,Colour with Crayons - Part 1 
Books,0,"Prayas GST, For CA, CS, CMA (Final) 2019 Examination Prayas GST, For CA, CS, CMA (Final) 2019 Examination with Chapterwise Summary Chart"
Books,0,101 Panchatantra Stories 
Electronics,2,"JOAAO iPad Mini Hard Case Protective Heavy Duty Cover Compatible for Apple iPad Mini 3/2/1, Shockproof Drop Resistance Anti-Slip Cover (ipadmini123, LightBlue) Size name:ipadmini123                                                                                 |                            Colour:LightBlue   Best complete protection for your iPad mini tablet"
Electronics,2,LAPKIT Laptop Battery for HP COMPAQ CQ32 CQ42 CQ43 CQ430 CQ62 CQ630 CQ72 G62 G72 DM4 Laptop Battery 6 Cell LAPKIT Laptop battery for the above model is made from high quality parts and LAPKIT confirms the specifications similar to your laptop requirements.
Books,0,FST1-Foundation course in science and technology-Guide & Question Bank by Expert panel of neeraj Publications-2018 edition (English Medium) FST1-Foundation course in science and technology-Guide & Question Bank by Expert panel of neeraj Publications-2018 edition (English Medium)
Clothing & Accessories,1,SINIMINI Girls Printed Cute Capri (Pack of 2) SINIMINI GIRLS PRINTED CUTE CAPRI (PACK OF 2)
Electronics,2,TP-Link EAP110 300Mbps Wireless and Ceiling Mount Access Point (White) Style name:EAP110   Wireless router that connects your home virtually. High bandwidth and portable. The EAP’s “ceiling lamp” appearance and easy mounting design with chassis make it easy to be integrated seamlessly into any wall or ceiling surface to blend in with most interior decorations. EAP110 support Passive PoE to make deployment effortless and flexible.
Electronics,2,"Realme 1 (Solar Red, 6GB RAM, 128GB Storage) Colour:Solar Red                                                                                 |                            Style name:6+128 GB   The Realme 1 comes with stunning unique designs - Diamond Black and Solar Red - packing a beautiful 6-inches FHD+ 18:9 screen and a powerful AI enabled Helio P60 processor."
Clothing & Accessories,1,Cherokee by Unlimited Girls' Regular Fit Skirt Cherokee kids white skirt made of 100% cotton georgette having cf-16
Books,0,Objective Type Questions & Answers in Metallurgical Engineering 
Electronics,2,"HP 15 Core i5 8th gen 15.6-inch FHD Laptop (8GB/1TB HDD/DOS/Sparkling Black /2.04 kg), 15q-ds0009TU Size name:Free Dos   Designed for long-lasting performance, this stylishly designed HP 15"" laptop has a long-lasting battery that keeps you connected, entertained, and productive all day. Speed through tasks, or sit back and socialize – with the latest processors and a rich HD display. Do it all, all day."
Electronics,2,"Gadgetbucket Un-Tech Foldable Wireless Bluetooth Keyboard with Kickstand F18 for iPhone, iPad, Andriod Cellphone and Windows Tablet (Space Grey)"
Electronics,2,Laptop Repairing Course Very Good Books
Electronics,2,10 Verbatim Bluray Bd-re Dl 50 Gb Rewritable Blueray Original Spindle 10 Verbatim rewritable blank bluray discs (region Free) printable version. Verbatim's Hard CoatTM technology is similar to the surface coating technology used on touch panels and scratch-resistant e
Electronics,2,"Storite Slim Portable Optical USB 3.0 CD DVD-RW Drive, External Writer Burner Drive for Laptop and PC, Black"
Household,3,Venetian Design Mirrored Dressing Table Protective Packaging: VENETIAN DESIGN developed packaging that helps ensure safe.
Electronics,2,Lap Gadgets Replacement Keyboard with Frame for HP Laptops (Black) Description: Layout: US Letter: English Color: Black Condition: Brand New Warranty: 6 months Unit:1 pcs laptop keyboard packing: Bulk pack Remark: Tested to be 100% working properly. Compatible Models: HP Pavilion 15 15-n 15-e 15-g 15-r 15-r000 15-r030wm 15-r035TX 15-r036 15-r011dx 15-r110dx 15-r052nr 15-r053cl 15-r015dx 15-r017dx 15-r018dx 15-r024nr 15-r058no15-r059no 15-r063nr 15-r104ng 15-r102ng 15-R273ng 15-R179ng 15-r102ng 15-R134cl 15-R136wm 15-R137wm Series
Electronics,2,Casio MJ-12VCB-WE Desktop Calculator (White)
Clothing & Accessories,1,Maniac Boy's Cotton Printed Sweatshirt Lend both style and warmth to your son by letting him wear this sweatshirt from Maniac. This hoodie comes up with printed pattern work for added visual appeal and convenient to wear all day long.team this 100% cotton winter sweatshirt with denims and sneakers to complete his look.
Household,3,Urban Ladder Edo Fold Out Three Seater Fabric Sofa Cum Bed (Blue) Color:Blue   Warranty Information: The warranty does not cover damages due to usage of the product beyond its intended use and wear and tear in the natural course of product usage
Electronics,2,SanDisk 128GB Class 10 microSDXC Memory Card with Adapter (SDSQUAR-128G-GN6MA) Size name:128 GB   Water proof
Books,0,RRB (Railway Recruitment Board) 2019 - Junior Engineer CBT -I & II - Computer Science & Information Technology 
Electronics,2,"Asus TUF FX504 Laptop FX504GE-E4411T Asus TUF FX504 (i7-8th Gen/ 8 GB/ 1 TB + 128 GB SSD/ 15.6"" FHD/ Windows 10/ 4 GB graphics) Gaming Laptop FX504GE-E4411T (Gunmetal, 2.3 Kg)"
Clothing & Accessories,1,"White Tree Black Colour Leather Formal And Causal  Belt For Boys And Men Belt is a lighthearted way to add interest to your day to day-dresses and denim. The very medium-slim design has a burnished self textured shade that gives it a unprecedented look itself , so wear the formal semi formal belts like this  to the front and buckle to the back for a quirky-chic way to create the waist. Choose from smart  black or summery brown  shades then head out for your morning coffee."
Household,3,"Fourwalls Artificial Synthetic Gerbera Flower Bunch (10 Flowers, Yellow, 46 cm) Color:Yellow   Fourwalls is your one stop solution for all your needs pertaining to artificial flowers, artificial plants, vases, planters and artificial trees."
Household,3,"Sewn Golden Colour Seed Beads For Embroidery/Superior Quality/Size seed beads used for design dress materials ,like churidhar saree, dhuppatta.and all type of dresses.Also used for art and craft work.it give a speccial attraction for the resses and craft works,its high quality material."
Clothing & Accessories,1,"BODYCARE Pure Cotton Plain White Cycling Shorts for Girls & Kids (73W-Packof6) Bodycare brings a new collection of girls shorty with 100% cotton fabric. Easy to comfort, highly streachable."
Electronics,2,"Apple MacBook Air Core i5 8th Gen 13.3 inch Laptop (8GB/128GB SSD/MacOS Mojave/Gold/1.25 kgs), MREE2HN/A Size name:128GB   Available in silver, space gray, and gold, the new thinner and lighter MacBook Air features a stunning Retina display, Touch ID, the latest Apple-designed keyboard, and a Force Touch trackpad—all housed in an iconic wedge design made from 100 percent recycled aluminum.2 And with all-day battery life, MacBook Air is your perfectly portable, do-it-all notebook."
Electronics,2,"AmazonBasics USB 2.0 Cable - A-Male to B-Male - 6 Feet (1.8 Meters),Black Size name:6 Feet   The AmazonBasics USB 2.0 A-Male to B-Male Cable with Gold-Plated Connectors gives you full performance with many USB devices."
Household,3,"Evok Della Solidwood Six Seater Dining Set in Brown Colour Make every meal an occasion, with this stylish and practical dining table from Evok. This dining set includes a dining table and six exquisitely designed dining chairs. Made with the durable and strong Sheesham wood, this dining set has inner brackets for the chair and table to make it stable. This dining table set will add class and elegance to your dining room."
Household,3,"Samsung 59 cm (24 Inches) HD Ready LED TV 24K4100 (Black) (2017 model) 59cm (24) HD Flat TV K4100 Series 4 (UA24K4100ARLXL), Display Screen Size 24 Inches, Resolution 1,366 x 768, Picture Engine HyperReal, DTS Codec DTS Premium sound 5.1, Speaker Type 2 CH (Down Firing + Base Reflex), Sound Output (RMS) 10 W, HDMI 2 USB 2 Component In (Y/Pb/Pr) 1 Composite In (AV) 1 Audio Out (Mini Jack) 1 RF In (Terrestrial / Cable input) 1."
Books,0,"Organic Shastra White Sonamasuri Rice 1 KG Cultivated mostly in the regions of Andhra Pradesh and Karnataka. The grain is medium-sized, light weight, aromatic and is low in starch. Considered to be a healthier type of rice, Sona Masoori rice is mostly used to make dishes like sweet pongal, idlis, biryani, fried rice etc."
Electronics,2,eReader Charger 9W 1.8A USB Adapter eReader Charger 9W 1.8A USB Adapter
Electronics,2,"Logitech M557 Bluetooth Optical Mouse This is the one mouse you can rely on to work with whichever platform you work on. Connect to any Bluetooth-enabled PC or Mac computer or Windows 8 tablet. Whether you’re a righty or a lefty, whether you use a fingertip or palm grip, its slim, ambidextrous design is always a perfect fit. It offers up to 12 months of battery life*, so you can work for up to a full year between battery changes. Battery life may vary based on user and computing conditions."
Clothing & Accessories,1,"LealDealz Men's and Women's Cotton Ankle Socks (Assorted, Free Size) - Pack of 5 LealDealz cotton ankle socks are made of cotton and elastic material which gives maximum comfort."
Books,0,Barrons TOEFL Strategies and Tips (With CD) 
Household,3,"Rozi Decoration Happy Birthday Foil Toy Balloon, Blue (Pack of 13 Letters) Color:Blue   Add a little extra shine to your gold birthday decorations with air-filled. These gold foil balloon banners inflate to read ""happy"" and ""b-day."" Mix and match them with other silver letter or number balloons to add to the message. Tape these gold letter balloon banners to the wall or use them as unique photo props. There's no need for helium - just inflate these balloon banners with the included straw for an easy party decoration."
Electronics,2,ZOTAC GeForce GT 710 2GB DDR3 PCI-E Graphics Card Enjoy high definition graphics with the help of this graphics card from the house of Zotac.
Books,0,ESE 2019 Prelims Exam: Civil Engineering - Topicwise Objective Solved Paper - Vol. II 
Books,0,"History of medieval india & History of Modern India & india""s ancient past three book set Set of History of modern India, Medieval India & Ancient past"
Clothing & Accessories,1,ISAKAA Baby 5 Full Cotton Pants for Baby Boys and Girls - Pipe Design Refresh your babies clothing with the awesome collection of Colorful Pajamas from ISAKAA. These Pajamas are made of cotton and suitable for both boy and girl babies. The feel of the fabric keeps your baby comfortable in all the seasons. This product is made from cotton and finished in an attractive set of colors. It features a Capri Round Bottom. Normal hand wash or machine wash for best results.
Electronics,2,"Apple MacBook Air Core i5 8th Gen 13.3 inch Laptop (8GB/256GB SSD/MacOS Mojave/Space Grey/1.25 kgs), MRE92HN/A Size name:256GB   Available in silver, space gray, and gold, the new thinner and lighter MacBook Air features a stunning Retina display, Touch ID, the latest Apple-designed keyboard, and a Force Touch trackpad—all housed in an iconic wedge design made from 100 percent recycled aluminum.2 And with all-day battery life, MacBook Air is your perfectly portable, do-it-all notebook."
Electronics,2,"Amkette Wi-Key Plus 2.4 GHz USB wireless keyboard & mouse combo for PC, Laptop and Devices with USB Support (Black)"
Books,0,Official GRE  Verbal Reasoning Practice Questions 
Household,3,"tecmac MTW154Q Travel Footrest For Airplane, Portable Adjustable Footrest Flight, Footrest Hammock Feet Rest For Plane, Desk, Bus, Office (Black) Leg and lower back support: enjoy a hammock like experience as your legs gently sway with the motion of the plane. Helps prevent lower back pain, stiffness and leg swelling suffered during long flights. Arrive feeling refreshed, energized and ready to go."
Books,0,Investment Banking for Dummies 
Household,3,"Da URBAN Multi Colour DISC Multi Purpose Stool (Set of 5) ISO and BIFMA Certified Da URBAN Presents Portable stack stools, Portable seating has light weight design that makes for a great choice for the classroom, home, bar, restaurant and office. Stack stool great for crowded classrooms. Plastic seat is super easy to keep clean. 11-inch seat dimension and 17 inch height is compatible with most standard size activity tables and desks. Stack-able up to 10 high for easy storage. Made of super fine quality metal. Available in Attractive colors. 5 stools per set.."
Books,0,Society Tea - 500g Jar Bestselling everyday essential.
Household,3,"Amaze Folding Aluminium Picnic Garden, Outdoor, Farm House, Restaurant, Food Parlor, Ice Cream Parlor Compact Table with Separate Chairs (Aluminium) Set-White Height can be adjusted to 2 levels - 53 Cm and 70 Cm, Can be used as a Tea Table, Center Table and Dining Table, Independent chairs provides more level of comfort to the people with obesity and heavy weight."
Electronics,2,"REO (Intel Core I5 650 3.2GHZ/8 GB DDR3 RAM/ Nvidia 710 Graphics 2 GB/ 1.0 TB Hard Disk/ DVD RW) Slimtype Desktop REO Slimtype Desktop Intel Core i5 650 3.2Ghz Computer with 8 GB DDR3 RAM, Nvidia 710 Graphics with 2 GB RAM, 1.0 TB Hard Disk, DVD RW, Integrated Wifi (2 Years warranty from ROM Info-Tech)"
Household,3,"Bucilla Stamped Embroidery Kit (8-Inch), 46238 Be Your Own Kind Three delightful birds are accented in shades of blue on bucilla's be your own kind stamped embroidery kit. Featuring the uplifting message ""be your own kind of beautiful"", this simple 8 inch embroidery kit includes stamped white poplin, die-cut felt shapes, cotton embroidery floss, needle, Chart, and easy-to-follow instructions. With its whimsical design, this DIY activity is perfect for all ages and skill levels. Bucilla's stamped embroidery kit continues its legacy of handmade keepsakes. Size 8 inch round."
Books,0,Clinician's Guide to Laboratory Medicine: 0 (Clinicians Guide Series) 
Books,0,Camlin Kokuyo Cadet Engineering Instruments
Household,3,"Panasonic 80 cm (32 Inches) HD Ready LED TV TH- 32F204DX (Black) (2018 model) Everything you watch is clearer, sharper and more entertaining on Panasonic 32 inches Led TV. Adaptive Backlight Dimming delivers both deep blacks in dark scenes and plenty of punch in bright Scenes and Panasonic’s unique picture engine identifies and Reduces Random pictures noise to make images look cleaner and crisper. Media players gives you an opportunity to play back all multimedia content on the TV screen be it photos or movies"
Books,0,"The Delhi Walla - Food + Drink About the Author Mayank Austen Soofi is primarily a book lover, but also holds a day job with the Hindustan Times. He tries to make sense of the world through reading, writing and photography. He also runs five blogs including the extremely popular 'The Delhi Walla'. While he considers the sufi shrine of Hazrat Nizamuddin Auliya his home, he sleeps at a library in Delhi."
Electronics,2,Trishago Tank Side Pipe/Ink Tube Set for Epson Printers Compatible for Epson Printer L210 L110 L310 L360 L130 L220 L455 L365 L380 L385 L550 L555 L560 L565.This product is a must have for many around the world. As it gives it's users the experience they truly desire for.
Electronics,2,"Iball-Intel Desktop PC - Intel Core i5 Processor 3.20GHz / 8GB RAM / 1TB Hard Disk/DVD / WiFi This is desktop pc (only cpu) so please check the all connection like led monitor connection, power cable etc."
Clothing & Accessories,1,Chhota Bheem Boy's Plain Regular Fit T-Shirt Dress up in you favourite super hero Super Bheem t-shirt with fashion and passion.
Clothing & Accessories,1,"Bonjour Boys' Calf Socks (Pack of 2) Cute, cosy and above all, comfortable for delicate baby feet, these pastel shade Bonjour Kids Softy Comfy Socks , with anti-slip fabric in the socks, terry loop cushioned linings and Standard toes for smooth seams that cosset and care for those sensitive little toes.These sweet, socks with their little shoe top design in different colours look fancy , reinforced at stress areas, properly shaped for tiny feet."
Books,0,"OCP Java SE 6 Programmer Practice Exams (Exam 310-065) (Certification Press) About the Author Bert Bates, SCJP, was a lead developer of the SCJP and SCWCD exams for Sun. He is the coauthor, with Kathy Sierra, of SCJP Sun Certified Programmer for Java 6 Study Guide. Kathy Sierra, SCJP, was a lead developer of the SCJP exam and the SCWCD exam. She was also a certified Sun Java instructor and is the founder of the world's largest Java certification website, javaranch.com."
Electronics,2,"Samsung Galaxy Tab A 7.0 Tablet (7 inch, 8GB, Wi-Fi + 4G LTE + Voice Calling), White"
Household,3,JDTraders Metal Inverter Trolly (Black) Inverter trolly movable with four wheels material: metal load capacity: 55kg
Clothing & Accessories,1,Superman Boys' Long Sleeve Top SUPERMAN Boys SHORT S/L WOVEN SHIRTS made of 100 % Cotton
Clothing & Accessories,1,"Sapper Girls Printed Cotton Regular Shorts SAPPER printed shorts, featuring mid thigh length and regular fit pattern. made from cotton fabric for maximum comfort."
Household,3,"TCLPVC Economy Bamboo Chick Window Closer (Brown, 5/7 ft) TCLPVC economy 5/7 feet bamboo chick window closer - curtains for balcony - windows - outdoors - door - kitchen - home - office - hotel - resorts - blinds - shades - screens - patio umbrellas - canopies - shade - sunscreen fabric - screens - protection - balcony privacy - protective screens - window blind curtain - verandas - public areas - door curtain - fly screen - divider room us - 1012."
Clothing & Accessories,1,"T2F Boys' Track Pant (Pack of 5, Multicolour)"
Clothing & Accessories,1,Generic Baby Boys and Baby Girls 10 Toon Design Pants Pajamas Refresh your babies clothing with the awesome collection of Colorful Pajamas from ISAKAA. These Pajamas are made of cotton and suitable for both boy and girl babies. The feel of the fabric keeps your baby comfortable in all the seasons. This product is made from cotton and finished in an attractive set of colors. It features a Capri Round Bottom. Normal hand wash or machine wash for best results.
Books,0,Flatland: A Romance of Many Dimensions (by a Square) 
Books,0,Guide To JAIIB Legal Aspects Principles Of Banking & Accounting: Set Of 3 Books Paperback (English) 2017 EDITION Product Condition: No Defects.
Clothing & Accessories,1,"URFIT Men's Calf Length Terry/Towel Cotton Socks(Pack of 5_Multi-Coloured_Free Size) Socks made of fine cotton by URFIT for regular wear. Keeping your feet cool and fresh throughout the day. The Elastic is comfortable and does not feel tight. Spandex/Lycra helps socks to retain their shape and strechability. These socks will add Colour to your Look, Compliment your Personality & Modernize your wardrobe . These will surely be a good addition to your wardrobe & will ensure fresh feel all day."
Household,3,"DIY Crafts 76Yards Nylon Cord String Jewelry Beading Thread (Crystal ) DIY Crafts 76 yards crystal nylon cord string jewelry beading thread fishing line DIY Crafts this roll of multifunctional crystal nylon thread is great for stringing beads, stones, charms, pendants to make necklace, bracelet, anklets."
Electronics,2,Live Tech Advance 2750 DPI Sensor Vulcan Programmable RGB Gaming Mouse for PC/Laptop/Desktop
Electronics,2,"Asus F560 F560UD-BQ237T 15.6-inch Laptop (8th Gen i5-8250U/8GB/1TB/Windows 10/4 Graphics), Black Whether you want to work or play, ASUS F560 delivers. This high-performance laptop uses the latest-generation processors and gaming-grade graphics for fast, responsive computing with exceptional visuals. Its thin-bezel Nano Edge display gives you an immersive viewing experience. And with its fresh styling, F560 not only performs great, it looks great too!"
Electronics,2,"AmazonBasics 12-Sheet Cross Cut Paper with CD and Credit Card Shredder Cross-cut paper shredder with 12-sheet capacity, destroys credit cards, cds and dvds (one at a time)."
Clothing & Accessories,1,"Naughty Ninos Girls Brown Fleece Front Open Jacket for 3 to 12 Years Its time to snuggle up for your little ones and get cozy in this jacket from the House of Naughty Ninos. Made of polyester, the jacket is fillled with polyfill to insulate and keep your naughty one warm. Team it up with a denim or warm trouser and match it with tan boots to complete the look."
Household,3,"Valtos Apex Engineered Wood Bedside Table (Matte Finish, Wenge) A simple designed wenge color side table which blends perfectly with decor styles. A drawer storage added to the bed room."
Books,0,"The Travel Book (Lonely Planet Kids) Review Chock full of colorful maps, photos and infographics designed to engage little ones with the world before taking a big trip overseas or just over the border.--KidventurousThe Travel Book takes kids on a fantastic journey to every country in the world. Kids age 6 and up will enjoy reading all about food, wildlife, and cool trivia.--The Travelling Mom"
Clothing & Accessories,1,"DIGIMART Synthetic Saree Your Little angel will look classy when you dress her up in this beautiful dress from DIGIMART. It has soft Crape fabric. Ideal for all party occasions, birthday, festive and gifting. DIGIMART has an excellent collection of Baby Girls and boy Party wear dresses."
Clothing & Accessories,1,"Kuchipoo Unisex Regular Fit Cotton Pyjama Bottom (Pack of 3) Kuchipoo presents this pack of 3 pajamas in which your little one will look cool. Made from cotton material, these pajamas are light in weight and skin friendly."
Household,3,"Hyperboles Set of 2 Mini Cute Artificial Plants Bonsai Potted Plastic Faux Green Grass Fake Topiaries Shrubs for Home Decor, Washroom and Office Decor Color:Green Grass Featuring a lush and vibrant faux green grass in a cute pot, this piece of décor is perfect for your home or office. We cannot guarantee that we can keep this sale price for long. If you're interested with these artificial plants, click “Add to Cart” please. And help us to share your experience with the plants for other shoppers if you've got the time. Thank you."
Household,3,"Daedal Dream Catchers Rose Door Set, (Pink) Daedal Crafters is a brand which deals with the handmade products. The raw materials used are handpicked to meet the quality control and are exquisite. Personal care is given to the production of each product. Daedal Crafters aim to deliver products that are aesthetically appealing and are guaranteed to add colour and brighten any room they are showcased in. Daedal Crafters employ women who aren't financially well off and they are the only source of livelihood. The products are handcrafted these women meticulously."
Books,0,"Learn Tamil in 30 Days Through English About the Author About the Author: The author of Learn Tamil in 30 Days Through English is Krishna Gopal Vikal, who has authored several other books on learning new languages. These include Learn Malayalam in 30 Days Through English, Learn Marathi in 30 Days Through Hindi and Learn Hindi in 30 Days Through Malayalam."
Household,3,"Bluewud Walten Bookshelf (Wenge) Color:Wenge   Bluewud designs, manufactures and markets range of innovative and contemporary furniture and home decor products. Our designs complement and connect with our consumers' lifestyle, imagination and aspirations. Our manufacturing facility in India is located in Noida, Delhi NCR which is completely equipped with state of the art machinery."
Electronics,2,"WD My Passport 4TB Portable External Hard Drive (Yellow) The My Passport portable drive is trusted to store the massive amounts of photos, videos and music you love. Available in an array of vibrant, fun colors, the sleek style fits comfortably in the palm of your hand, so you can easily take your treasured content everywhere you go."
Books,0,21 Lessons for 21st Cent Exp
Clothing & Accessories,1,AWG - All Weather Gear Men's Melange Cotton Blended Grindle Sweatshirt with Zip
Clothing & Accessories,1,"Baby Grow Baby Boy' & Girl's Winter Cardigan Fleece Sweater Suit Baby Grow Presents Warm Winter Sweater Cardigan Ideal For Cold Days In The Winter. Designed For ‚Â Versatile Wear, With matching Pant"
Household,3,Sunshine Creations Character Shaped Sofa for Baby Boys and Baby Girls (Blue) Color:Blue   Sunshine Creations Character Shaped Sofa. Comes in blue colour.
Electronics,2,"HP S700 120GB 2.5-inch Internal Solid State Drive - 4YH55PA HP SSD S700 series will help to protect and transfer your data files. The power consumption is less than 5mW under device sleep mode, which significantly saves system power consumption in standby status and achieves both speed and endurance. HP S700 series can help your laptop battery last longer. No moving parts within the SSD can keep your computer operating at a lower temperature and achieve nearly noiseless operation."
Household,3,"Pureus Plastic Collapsible Shoe Stand (Black, 4 Shelves) This shoe storage solution offers a 4 tier stackable design capable of storing 12 pairs of shoes. Capable to store up to 12 pairs 4 Tier stack-able design Adjustable, non slip shelves Light weight and durable design and made SPECIFICATION Product Size : 66 x 19 x 64 CM Material : Plastic Stand with tube Colour : Black and white Shoe Capacity : 12 Pairs Weight : 1.10 Kg Weight capacity : 3.50 Kg (Approx) Best Use : Home / Office PACKING DETAIL 1 x Shoe Rack"
Books,0,Integral Calculus for JEE Main and Advanced 
Electronics,2,"LG Electronics 8X USB 2.0 Super Multi Ultra Slim Portable DVD Writer Drive +/-RW External Drive with M-DISC Support (Black) GP65NB60 LG GP65NB60 8X USB 2.0 Ultra Slim Portable DVDRW External Drive w/ M-DISC, Retail (Black) 14mm Height Ultra Slim Portable DVD Writer Drive USB 2.0 interface (up to 480Mbits/s, USB 3.0 Compatible) Max 8x DVDR Write Speed Max 24x CD Write Speed Slim Design with Cyberlink Software M-Disc"
Clothing & Accessories,1,"Voberry Baby-Boys aby Boy Toddler Stripes Beret Cabbie Flat Peaked Hat Feature:  100% new and high quality  Quantity: 1  Style: Beret Cap  Material: Cotton Blend  Hat Circumference: 46-50cm  General suitable for 6 monthes-3 years old  Wonderful gift for a your baby  It features elegant / chic design and great texture  Retro Style yet classical and stylish, hot and popular now  A very delicate and soft one-it is comfortable to wear and keep stylish  Color: Dark Blue,Light Blue,Red, Beige,Coffee  Package Included:  1PC Beret Cap (without retail package)"
Electronics,2,"Armor' Radiation Shielding Laptop Pad - Latte Beige, Medium"
Electronics,2,"Lenovo Tab 3 710I Tablet (7 inch, 8GB, Wi-Fi + 3G + Voice Calling), Black 2Mp primary camera and 0.3Mp front facing camera,17.78 Centimeters (7-inch) ips capacitive touchscreen with 1024 x 600 pixels resolution,android v5.1 Lollipop operating system with 1.3Ghz mediatek quad core processor, 1gb ram, 8gb internal memory and single sim,3450mah lithium-ion battery,1 year manufacturer warranty for device and 6 months manufacturer warranty for in-box accessories including batteries from the date of purchase"
Books,0,The Economics Book (Big Ideas) 
Electronics,2,"Zebronics CPU Cooling Fan For Socket LGA 775 Cooler (Black) Desktop CPU Fan for socket LGA 775 motherboard. Can be usable on Pentium D, Intel Dual Core, Intel Core2 Duo"
Electronics,2,"Samsung DP710A4M-L01US All in One 23.8"" Touch Computer, Titan Gray Samsung DP710A4M-L01US All in One 23.8 Touch Computer, Titan Gray"
Clothing & Accessories,1,"IndiWeaves Girls Cotton Leggings Pack of 9 IndiWeaves offers you high on fashion, easy on pocket, cotton rich leggings for kids and girls. Suitable for all weather climate, Eco-friendly and skin friendly dyes used, as your skin. Made of Cotton Lycra BLend and the waist band being elasticated, IndiWeaves Leggings will give you the best of comfort and fit."
Clothing & Accessories,1,AAKRITHI Girls Formal Blazer Aakrithi comes with its trendy dynamic fitting women Blazer with its unmatchable comfort level and unique colour combination which provide the feel of uniqueness and comfortness to its owner. Aakrithi have designed this women Blazer taking care the needs of its customer in mind. Aakrithi never compromises with the quality of products. Aakrithi is one of the biggest women Blazer Brand in India that provide high quality women Blazer at very Reasonable And affordable Cost.
Household,3,"Eveready Immersion Rod IH403-1000W Featuring a shock proof body, taking a bath comes with peace of mind with IH403.Key Features:1kW, 230V50HzWater resistant shock proof bodyCopper tube Heating ElementHanger Loop Cord ProtectorMax and Min Water level IndicationISI Safety approved."
Household,3,"Sheel Stainless Steel Master Lock Key Box,/Small Key Lock Box/Safe Lock Key Cabinet with Wall Mount (20 Hooks) KEY STORAGE BOX: Keep keys secure and organized with this small key lock box complete with 24 key hangers; ideal for rental properties, valet parking, and more KEY LOCK: Key storage safe has a privacy key lock to ensure keys remain protected against theft MOUNTING: Security safe features pre-drilled mounting holes to place box in a convenient spot to access frequently needed keys DURABLE DESIGN: Steel construction provides durable protection to withstand fequent use"
Household,3,"Generic Knitting Crochet Hook Tools Accessories Supplies With Case Knit Kit Basic tools for knitting are included in a compact case great selection of very useful knitting accessories,make your handwork more convenient."
Household,3,Ozoy Double Sided Water Proof Baby Mat Carpet for Kids (Assorted Colors and Design)
Electronics,2,"NISUN Optical 2nd Bay Hard Drive Caddy, Universal for 12.7mm CD/DVD ROM Drive Slot (for SSD and HDD)"
Clothing & Accessories,1,Electomania Baby Girl's Crochet Cutwork Flower Headband (Multicolour)-Pack of 6 Material : Lace fabric  Size:  Head circumference width: Approx 29cm  Flowers long and wide: Approx 10 x 10 cm Shape: Flower Color：Multicolor Package Includes: 6 pieces Headband Note：Product colour may slightly vary due to photographic lighting sources or your monitor settings also allow for 2 to 3 cms difference in the size due to different measuring methods.
Household,3,"POLE STAR ""TREK 44 Lt Blue grey Rucksack I Hiking backpack This product is made from polyester on the inside and outside and is finished in a attractive blue & grey color. It features 2 compartments, soft shell, extendable handle, drawstring closure, adjustable strap and is targeted towards both the genders. Furthermore, it is recommended to be kept away from extreme heat, fire and corrosive liquids to avoid any form of damage."
Household,3,"MBTC Airtel Kitchen Cafeteria Bar Stool Chair in White Color:White   This beautiful bar stool chair is sure to be the envy of all your friends. The chrome steel base and footrest work in harmony with a hydraulic piston for smooth adjustments which is a little reminiscent of a carousel pony pole, while the supple feeling of leather like graces the seat and back for comfort. The contemporary White faux leather covering for years of wear and easy care. It must be a fashionable statement for your bar or conversation table."
Clothing & Accessories,1,"RC. ROYAL CLASS Boys and Girls Calf Length Cotton Elegant Multicolored Socks (Pack of 5 Pairs) Royal Class brings one of the most premium socks for Boys & Girls, made from super soft combed cotton yarn and spandex for elasticity. These socks are designed in such a way to keep your kids warm in winters and cool in summers."
Clothing & Accessories,1,The Children's Place Boys' Jeans The Children's Place Boys' Jeans
Books,0,Kiran?s IBPS Bank Clerk CWE-VII Preliminary Exam Self Study Guide-cum-Practice Work Book with CD - 2015 (Old Edition) 
Clothing & Accessories,1,"Bold N Elegant Attractive White n Red Mickey Mouse Cute Cartoon Tshirt Pyjama Set Little Baby Boy Girl Clothing Two Piece Full Length Tee n Pant for Kids Give your little master an ultra-cool look in this red and white full-length set from Bold N Elegant. Made from fine cotton for a soft feel, this set features a top and bottom with cool printed Mickey Mouse graphics that will appeal to your young one. This t-shirt pant twin set will be a perfect option for any casual or special occasion like birthday or wedding party dress."
Clothing & Accessories,1,Athlero Born to Play Sweatshirts for Kids Navy blue colour hooded sweatshirts for kids with sports quotes
Household,3,@home by Nilkamal Sutlej Four Seater Dining Table Set (Beige) Perfect style for customers who prefer and appreciate a beautiful modern look.
Clothing & Accessories,1,"RC. ROYAL CLASS Full Length Soft Cotton Unisex Socks - Pack of 5 Pairs RC. ROYAL CLASS pure cotton socks for boys and girls in assorted colors, made from soft cotton yarn and spandex for stretch and elasticity. Very soft cotton socks for kids, from age group 1- 8 years. Do not iron or bleach. Hand wash only."
Books,0,"Fujifilm Instax Minion Instant Film (Multi-Color, 10 Sheets) Fujifilm Instax Mini Instant Film (10 sheets, Minions 2017 Edition )"
Clothing & Accessories,1,"Samgami baby Baby Boys White Animal Print Attached Bow and Suspender Pant Set It's time to update your little ones wardrobe with something stylish this season. Specially designed for a perfect fit, this trendy outfit provides utmost comfort which will keep your baby looking super adorable."
Books,0,"Samanya Nursing Avum Midwifery Pravesh Pariksha 2019 About the Author An editorial team of highly skilled professionals at Arihant, works hand in glove to ensure that the students receive the best and accurate content through our books. From inception till the book comes out from print, the whole team comprising of authors."
Electronics,2,"AmazonBasics Gaming Mouse Pad,Black"
Electronics,2,Cables Kart Computer / Printer / Desktop / Pc / Smps Power Cable Cord Black / Pc Cable (1.5 Meter) Size name:1.5 Meter    Brand : Cables Kart  Color :Black   Product Description   High Quality Fully Moulded 3 pin India 13 amp plug to IEC socket.  This is used for powering a monitor or PC and a whole host of other PC Equipment like printer. The plug comes fully tested and is supplied with a fitted 5 amp fuse. This plug is ROHS compliant ensuring the highest material standards in India 10 m long black color .   Warranty    2 Year Warranty with Cables Kart
Household,3,Furlay Recliner Chair Coffee Bean
Books,0,CAIIB Exam Study Material for Retail Banking -Hardcopy (1 Book) CAIIB Material Detail : Retail Banking- Objective (including 800 Qus. Ans.)
Household,3,"Generic Multi-ply Hudson's Dressing Table with Stool (Black) This dressing table from hudson mark, is stylishly designed and has a gorgeous finish that complements most decor styles. It has sufficient storage space to keep your cosmetics and other essentials, and the dressing table also comes with an elegant stool & light that provides comfort and convenience."
Books,0,SAT Essay Writing Guide with Sample Prompts: Volume 30 (Test Prep) 
Clothing & Accessories,1,"Ziory Red 1 Pc fashion leaves printing long georgette silk scarf for Girls and Women Highlights: Fashion georgette scarf women Autumn and Winter oblong scarf leaves print shawl, Material: georgette, Size: 160CM in length; 50CM in width and weight is about 45g. The scarf is really attractive and beautiful."
Household,3,"Artikle Leather White Dressing Table in Leather Upholstery Dressing table in leather upholstery Wave from the manufacturer Artikle leather, the collection Boutique. Complemented with a chair from the same collection. The frame is natural wood, leather upholstery. Offers a wide range of colors."
Books,0,The Power of Now: Unabridged: A Guide to Spiritual Enlightenment 
Household,3,"Faces Long Wear Eye Pencil, Solid Black 02, 1.2g Colour:Solid Black 02   Change your color, transform your look. Get an intense, high shine finish with this amazing eye pencil. Available in colors that will add an unforgettable hue to your look. Remember to use with Faces dual eye pencil sharpener, for best results."
Household,3,"DeckUp Siena Coffee Table (Wenge, Matte Finish) Color:Wenge   Product dimensions: length (35.4 inches), width (16 inches), height (15 inches). Assembly required: the product requires basic assembly and comes with diy (Do-It-Yourself) assembly instructions"
Electronics,2,"TP-Link TL-SG1005D 5-Port Gigabit Ethernet Unmanaged Desktop Switch (Black) Style name:5-Port Gigabit   5 port Gigabit Switch, plastic."
Electronics,2,"RADANYA Cats Digitally Printed Mouse Pad Brown Mouse Pad for Computer & Laptop Rectangular Accessories RADANYA present digitally printed high quality Mouse Pads.Mouse Pads by RADANYA are Anti-Skid, Don't worry about them slipping.These mouse pads enable you and your device a unique look which are cool, trendy & personalized.Dimension (WxH) : 7.2x8 inches.There might be slight variation in color of the product and picture due to lighting"
Electronics,2,"Blackmagic Design 4K PCIe Playback Card (6G-SDI) Decklink mini monitor 4k is a low profile playback card, featuring 6g-sdi and the hdmi 2.0a connections so you can monitor all formats up to 2160p30 from your computer, the sdi and hdmi outputs let you connect to any television or monitor."
Clothing & Accessories,1,"VIMAL JONNEY Winter King Blended Thermal Lower for Girls Vimal Jonney Kids Thermals Are Made With Speical Soft Fabric , Keeping In Mind The Soft Skin Of Kids . As Known By The Name Vimal Jonney Thermals Act As A Saviour In The Chilly Weathers Of Winters . By Manufacturing These Thermals Vimal Jonney Has Added One More Feather To Its 40 Years History Of Serving People."
Electronics,2,"Tommy Hilfiger 19.53 Ltrs Navy Laptop Backpack (TH/BIKOL08HRP) Colour:Navy   Tommy's backpacks from the house of Tommy are known for iconic American style, legendary colors and quality. Only best tested products after hundreds of curations manufactured every year."
Electronics,2,tecnuv Wireless Bluetooth Stereo Adapter Audio Receiver 3.5mm (Black) tecnuv wireless bluetooth stereo adapter audio receiver. The jack is 3. 5mm. It is black in colour.
Clothing & Accessories,1,IndiWeaves Girls Cottton Black Leggings Pack of 3 (71405-3-IW-30_Multicolor_7-8 Years) IndiWeaves are designed perfectly in Summer colours with Soft cotton Fabric. Fresh Designs will keep you on top outlook in your Team. All IndiWeaves Products are handpicked by a team of textiles engineers and fashion enthusiasts and are selected taking into consideration the latest fashions trends and customer likings. This product looks even much better in actual than it already does in the image shown here. We assure that you would simply love this product
Household,3,"Cello Orchid Center Table (Sandalwood Brown) Color:Sandalwood Brown   Cello furniture brings convenience and style to your interiors. Elegant and functional furniture, this centre table is well crafted and designed."
Electronics,2,"Thermal Transfer Ribbons - 110 x 300 meteres INCODE , most Famous & Trusted, INDIA brand for Thermal Transfer Ribbon (TTR),"
Books,0,"Mattel Pictionary Card Game Style Name:Pictionary   Pictionary card game: pictionary meets charades in the craziest card game ever, with no drawing required. Race to act out clues for your team using nothing but the simple images on each picture card-combine them, build scenes with them or use them as props. The first team to guess the correct answer in head-to-head play wins a point and the first team to score five points wins the game. For 2 teams. Ages 8 and older."
Books,0,Corporate And Economic Law For New Syllabus Applicable for May 2019 Exams
Household,3,"PHOBIS Candle Making Wick (1.5 INCH) (300 Pieces) Item Package Quantity:300   This wick is use for candle making like decorative, gel and tea light candle. Thread is fully coated by wax, it is to burn and no smoke produce. This is eco friendly wick."
Clothing & Accessories,1,"IndiWeaves Boys Wollen Warm High Neck Full Sleeves T-Shirt/Inner/Skivvy for Winter Pack of 3 Look stylish this winter with this trendy pullover top. It will keep you feeling warm and comfortable, and leave you smiling all day. With full sleeves and High neck, designed to fit any body type, it can be paired with your favourite jeans or skirt to give you a chic look. Wear your boots too and up your style quotient effortlessly!"
Clothing & Accessories,1,"Arshia Fashions Boy's Shirt and Denim Set Our little champ will look his best when wearing this handsome Shirt and Jeans set . This regular-fit set is comfortable to wear and exhibits a fine finish. This set features attractive design and looks just irresistible. Arshia Fashions a noteworthy manufacturer, exporter and supplier of a wide collection of Kids wear. Here you can find a wide range kids ethnic wear and western wear which includes kurta pyjamas, indo western, sherwani, pathani suit set and t-shirt, Jeans, trouser, shorts etc"
Clothing & Accessories,1,"Nite Flite Girls' Friendly Monsters Cotton Pyjama Set Monsters don't just live under the bed, they turn cute and show up on your lil one's sleep suit! Check out this amazing multiclored monster print top in beige with matching pair of pjs. 100% cotton knitted to keep your child comfy all night! Contrast bright pink round neck rib for that extra bit of aesthetics!"
Electronics,2,"Zotac GeForce GTX 1050 Ti OC Edition ZT-P10510B-10L 4GB PCI Express Graphics Card Style name:1050 Ti OC Edition, 4GB   Brand Zotac Series GeForce Product Dimensions 11.02 x 8.46 x 2.17 Inches Item model number ZT-P10510B-10L Processor Count 1 RAM Size 4 GB Graphics RAM Type GDDR5"
Household,3,"Satyam Kraft Plastic Orchids Artificial Flower for Home Decor Pack of 5 (Random Colour) Color:5 Pcs Orchid Lines   Satyam Kraft Orchids are classic. Individually, an orchid flower is tiny and delicate, but a cluster of orchids blooming together is a treat for sore eyes. Liven your home's ambience with this bunch of artificial orchid flowers. They are as tall as 26 inch long . The best part is, you don't have to maintain them. These flowers bloom and brighten your home throughout the year."
Clothing & Accessories,1,AD & AV Baby A-Line Midi Girls' Dress
Clothing & Accessories,1,Babymoon (SET OF 2) Baby Rabbit Designer Crochet Clothing/Best Costume/Photography Props/Best Baby shower Gift Rabbit
Clothing & Accessories,1,"Funky Boys UV Protected Round Boy's Sunglasses - (SOC-FB-4112-C4|56|Blue Color Lens) This Limited Edition range of FUNKY BOYS Sunglasses is here to re-define these words..!! With Stunning Looks & Flashy Colors, you can't but make heads turn.. with eyes wide open..!! Keep things contemporary with these uber cool sunglasses. Team them with any look for an added edge. Inspired by celebrity looks, street style and the latest catwalk trends, get this collection without burdening your wallet. So hurry up.. what are you waiting for.. go ahead & discover your Style Quotient..!!"
Clothing & Accessories,1,"Mayra Women's Denim Shirt (1705T11064) Trendy and appealing, this denim shirt from mayra's exclusive collection will surely impress fashionable women. This shirt will surely add unique charm to your casual as well as party look. Made from cotton, this top will help you stay relaxed all day long."
Clothing & Accessories,1,Devil Kids Winter White Sweater High Neck Devil presents Woollen High neck for kids.
Electronics,2,"Lenovo Tab4 8 Tablet (8 inch, 16GB, Wi-Fi + 4G LTE, Voice Calling), Slate Black Boasting a long-lasting battery, the Dolby Atmos technology and a 20.32 cm (8) HD display, there's never a dull moment with the Lenovo Tab 4 8. Powered by a Qualcomm Snapdragon 64-bit quad-core processor, along with 2 GB of RAM, this tablet offers smooth and fast multitasking. Store many videos, songs and e-books on the 16 GB of internal memory."
Clothing & Accessories,1,Gopuja Kid's Soft and Thick Cotton Pajama Pant with Rib for Boys and Girls (Multicolour) - Pack of 6 Piece Gopuja presents cotton baby rib pant in cute and trendy prints all over.Waist band of these track pants are of cotton and it has ribbed ankles to provide the flexibility for the activities of your growing child.
Household,3,"Varmora VECH02 Plastic Ergo Series Horiz Ergo Chair (Ivory) Varmora furniture brings to you class, style and luxury in this elegant piece of furniture. This chair is designed to make those homes truly beautiful. Built of rock solid plastic, this molded piece of symbolizes strength and quality. Home, lawn, porch, patio have these beauties wherever you want."
Household,3,"Orient Electric Stand-82 400mm Pedestal Fan (Crystal White/Sky Blue) Beautifully designed and developed to serve you for years to come, the Orient Electric Stand 82 fan white and blue colour combination. One can easily adjust the height of this fan by contemporary collet, courtesy of telescopic arrangement. The powder coated guard and the polymer ring ensures the longer lifespan of the Stand 82 domestic stand fan. This model is high on aesthetics and sports and attractive switch panel."
Electronics,2,"Tarkan 15.6 inch Laptop, MacBook Air/Pro Sleeve Water Resistant Shockproof Bag Case Cover with Handle & Accessories Pocket (Grey)"
Electronics,2,LSI Logic SAS 9207-8i - storage controller - SATA-600 Lsi sas 9207-8i - storage controller - 8 channel - SATA -600 / sas low profile - 600 MBPS - pci express 3. 0 x8.
Books,0,Xam Idea 20 Plus CBSE Sample Papers Chemistry Class 12 for 2019 Exam 
Household,3,"INDIAN DECOR 45907 THREE Tier Storage Trolley Cart All-Purpose Standing Wire Mesh Rolling Cart with Hooks and Adjustable Feet, Rack for Home Office Organisation Kitchen Bathroom Max Load 30kg. (Black) FUNCTIONAL CART: sleek profile and elegant black finish which easily complements almost any modern décor at home or at the office EASY MOBILITY & STABILITY: it comes with 4 casters (2 lockable) and 4 levelling feet to easily exchange them to cover different needs"
Books,0,"Communication Systems DRILL (400 plus Questions with Meticulous Solutions) Mechasoft Publishers feel pleasure to facilitate GATE/ ESE Aspirants, Engineering Students and Engineering Professionals, with an accelerated pace of learning, GATE/ESE aspirants of EE/EC/IN with a set of 400 plus questions together with meticulous solutions. The key idea is to bring the concepts of DIGITAL ELECTRONICS within the grasp of students and put them at natural ease to take competitive exams. 400 Plus problems with solution strictly for GATE/ESE. Recommended for EE/EC/IN/CS"
Electronics,2,"Lapcare ChillMate DCX-A101 Laptop Cooler One of the most versatile and elegant looking laptop cooling stand that reduces working fatigue for long hours of laptop working. Its 2 USB ports and a slick cable manager makes working on the laptop much convenient, faster and efficient. Powered by 2 robust cooling fans ChillMate helps in keeping your laptop's CPU cool enhancing its working life. It has 6 inclination angel options to suit your operation postures."
Clothing & Accessories,1,"Maniac Women's Fleece Sweatshirt Step out with friends on a chilly evening, make sure you look your stylish best wearing this blue coloured sweatshirt from Maniac. Besides being visually appealing, this slim-fit sweatshirt is comfortable and warm too, courtesy its cotton fabric."
Books,0,GATE 2019 : Civil Engineering (32 Years Solution) 
Electronics,2,TURBO Ink Cartridge Refill Kit for HP 803 (Black) Turbo Refill Kit is a cost-effective product for refilling your used inkjet printer cartridges. It is very simple and easy to refill your cartridge using Turbo refill Kit.
Electronics,2,"Paytech 3.5mm Clip Microphone For Youtube, Collar Mike For Voice Recording, Lapel Mic Mobile, Pc, Laptop, Android Smartphones, Dslr Camera Professional ferrous metal mini Lavalier Mic 3.5mm jack, for iPhone,for iPad, for some Andriod devices, computer and loudspeaker. High sensitivity, high dynamic, wide frequency response. 360¡rotary clip allows you to easily clip it to your collar, tie or pocket. A foam cap protects your mic from wind noise and spit. Portable an exquisite, the cable is about 1m. Great for audio, video recording and hands-free mic speaking."
Books,0,The Magic School Bus on the Ocean Floor
Clothing & Accessories,1,Sheomy Wayfarer Round Unisex Spectacle Frame(Transparent|55|Selfy Round Transparent Wayfarer3)
Books,0,GATE 2018: Civil Engineering - Solved Papers (27 Years) 
Household,3,"BeeMall SRP Satin Polka Dots 1/2-inches Ribbons with DIY Flower Craft Booklet and Bow Instructions Pack of 10 2 meters half inch glossy satin ribbons with polka dots for decorative binding and craft purposes. A set of 10 shining colors of ribbon with a craft booklet comprising 4 D.I.Y designs for this amazing turn. Get fine quality satin ribbons that render an elegant look for innumerable craft usages at your door step. Don't miss out this distinctive chance. Hurry while supplies last. Usage : gift wrapping; bow making; hair dressing; flower making; flower designs on handbags, shoes, robes."
Electronics,2,AMD Ryzen 5 2400G Processor with Radeon RX Vega 11 Graphics AMD YD2400C5FBBOX Ryzen 5 2400G Processor with Radeon RX Vega 11 Graphics
Books,0,Barron's SAT Subject Test Math Level 2 
Electronics,2,"Zebronics - Intel (i5 3.2ghz Desktop pc / 8GB Ram / 500GB Hard Disk/WiFi) Desktop PC Specifications:- Intel Core i5 650 3.2ghz processor Ram 8GB DDR3, 500GB Hard Disk drive, Without Dvd writer, Zebronics cabinet (Model as per availability) Wifi,"
Clothing & Accessories,1,"Cozami Casual Checkered Full Sleeves Shirts for Women If you are looking for a unique and trendy Western wear option, then you must pick this printed check shirt for women from Cozami. A must-have in your wardrobe, this regular-fit women check shirt is made from rayon that makes it easy to maintain. This Shirt for girls will be soft against the skin and will keep you at ease.The images represent actual product though color of the image and product may slightly differ."
Electronics,2,Lapkit Laptop Replacement Keyboard without Frame for HP Pavilion G6-2000 series Laptop replacement keyboard without frame for hp pavilion g6-2000 series colour black
Household,3,"Js Home Décor Wooden Bar Cabinet Liquor with Wine Glass Storage Color:Design 1   The front is designed with a unique diamond-cut chequered pattern, the back has open shelves for all your glassware, as well as wine racks and spaces to hang wine glasses and cocktail glasses from."
Clothing & Accessories,1,Kuchipoo Unisex cartoon print 100% cotton kids vest Brief - Pack of 6
Household,3,"Colorbar Waterproof Liquid Eyeliner, Black The Waterproof Liquid Eye Liner Is Long-Lasting And Does Not Smudge, Crack, Flake Or Peel. With Its High Definition Flexible Felt Tip Applicator, One Stroke Is Enough To Define A Fine Or Thick Line. Fast Drying, Waterproof Liquid Eye Liner Is Suitable For Sensitive Eyes And Those Who Wear Contact Lenses Too!"
Electronics,2,HYNIX 1gb ddr 1 1gb ddr1 ram 400mhz
Electronics,2,Orpat OT-512GT Calculator (Black) This Orpat OT 512GT Calculator (Black) is a perfect choice for students.The check and correct function enables you to recall and edit the wrongly entered data.This calculator is dual powered with a high power solar panel and back up battery to ensure continuous and long lasting usage.
Electronics,2,"Orpat OT 400T/400GT Calculator (White/Grey) Orpat brings to you this 400T/400GT Basic calculator which comes with standard keys so that you can easily type in your numbers. This basic calculator comes with a plastic casing and is also equipped with an 8 digit display to give you a clear view of all the numbers. In addition, this OT 400T/400GT Basic calculator is powered by a battery to compute all your math problems at high speeds. Add this OT 400T/400GT Basic calculator to your shopping cart and ease the process of calculating all your math problems."
Books,0,"Organic Shastra Basmati Rice White 1 KG The pride of India, this aromatic variety of rice is a sign of royalty and celebration. The thin and long grains of rice melt in the mouth and have a unique flavour. The flavour in Basmati rice is because of a naturally occurring chemical compound which is present in Basmati rice 12 times more than in any other variety of rice.  Good for dieting and maintaining healthy weight. levels"
Household,3,"Ebee 4 Shelves Shoe Rack It’s a multipurpose rack which can be use as Shoe racks, Bath and Book Racks or Kitchen & Cloth Racks etc. Its Very Steady, It’s a combination of steel and plastic, Its Durable and ready to use product.For assembling this rack please go through Fourth image of this product."
Household,3,"ECOF Long Cotton Wicks , 500 Pcs (3IN, White)- Pack of 2 Featuring Get long cotton wicks useful for bhagwan's pujas coming in a pack of 2."
Clothing & Accessories,1,"Krystle Prime Girl's Combo Set Of 2 PU leather belts Blue & White)-B0799GKL62 This Belt is surely going to be your companion for the coming years. Ladies synthetic leather belt is made by fine grain soft material with excellent workmanship, We design this belt according to your use and personality."
Clothing & Accessories,1,"Broadstar Women's Denim Dungaree Earn an all-access pass wearing dungarees by Broadstar. Made of denim, these dungarees. Team them with a white or black coloured top to complete your casual look."
Clothing & Accessories,1,Belmarsh Girls Stretchable Cycling Shorts - Pack of 4 (NVY_BLK_RED_BLK) Presenting these assorted stretch cotton Cycling Shorts & Leggings from the house of Alisha . The Cycling Shorts are made with pure cotton yarn along with Lycra/elastane inserted in each yarn to make it stretchable and thus ensuring the best comfortable for your angel. For any query please call us at 0161-4608379
Electronics,2,Sony DVD Printable Blanks with White Surface -Jar Pack of 100 This product is a must have for many around the world. As it gives it's users the experience they truly desire for.
Books,0,"Sanskrit Swyam Shikshak * Sanskrit Self Learner. * An easy guide to learning Sanskrit on your own without attending any classes or going to a teacher. * Written by the renowned Sanskrit scholar, Shripad Damodar Satvalekar, complete with self-testing exercises, the book has proved popular both with students as well as educational institutions. Bi-lingual"
Clothing & Accessories,1,Brim hugs and Cuddles Cotton Jump Suit for Baby boy/Baby Girl (Pack of 3) A super and premimum product from the house of best product that offers the best product in the baby product range and this suits the perfect product for the winter need.
Clothing & Accessories,1,Bidhan Beautifully Designed Red Girl's Frock Specially designed for a perfect fit this red colour trendy outfit provides utmost comfort which will keep your baby looking super adorable.  Bidhan is a unique brand that evokes sweetness in children. There may be slight / minor color variations because of the light and settings during photography and also the color settings of your monitor.
Electronics,2,AmazonBasics 10 Feet DisplayPort to DisplayPort Cable Size name:10 Feet   AmazonBasics DisplayPort to DisplayPort Cable - 10 Feet
Household,3,"Dimensions Baby Hugs Fairy Bibs Stamped Cross Stitch Kit-9x14"" Set Of 2 Baby Hugs: Stamped Cross Stitch: Bib 2/pkg. Cute and cuddly items for baby. Adorable designs and soft fabrics are brought to you by Dimensions Crafts. This kit contains pre-printed design on 2 pre-finished white poly/cotton quilted bibs, cotton thread, needle, easy to follow instructions. Finished size: 14"" x 9"". Design: Fairy Bibs. Designer: Wilma Sanchez."
Books,0,WHO WILL CRY WHEN YOU DIE ? who will cry when you die
Clothing & Accessories,1,Bodycare International Ltd Bodycare Boys Vest - Pack of 6 Vest designed for boys of white colour and comes in pack of 6.
Clothing & Accessories,1,"Naughty Ninos Girls Red Fleece Jacket for 2 to 12 Years Its time to snuggle up for your little ones and get cozy in this jacket from the House of Naughty Ninos. Made of polyester, the jacket is fillled with polyfill to insulate and keep your naughty one warm. Team it up with a denim or warm trouser and match it with tan boots to complete the look."
Books,0,"Alibaba: The House That Jack Ma Built About the Author Duncan Clark is chairman and founder of BDA China, a consultancy he founded in Beijing in 1994 after four years as an investment banker with Morgan Stanley in London and Hong Kong. Duncan divides his time between his home in Beijing and fresh air outposts in the San Francisco bay area and London. A British citizen who grew up in the UK, US, and France, Duncan was recently appointed OBE by Her Majesty Queen Elizabeth II, for services to British commercial interests in China."
Electronics,2,"iBall Piano 62 USB 3.0 5-Port Hub (Black) iBall Piano 62 4-Port HUB consisting of 4 USB 3.0, is the gizmo designed to keep your devices connected. Extremely useful for people always on-the-go - Piano 62 is tiny, compact and immensely handy."
Clothing & Accessories,1,US Polo Association Boys' Trousers Tend to your boy's comfort without compromising on style with this pair of trousers. The multiple belt loops add to its utility. It features contrast detailing at the pocket that makes it a trendy pick.
Household,3,amiciKart AK-SMPP-3G-18 18W Submersible Pump for Desert Air Cooler (Grey) Caution & maintenance: do not ever run the pump dry do not lift the pump by power cord operate the pump completely submerged for proper cooling dust and dirt particle can reduce the life of the pump. Use small brush or stream of water to remove debris. Regular maintenance will add to efficiency and life of the pump.
Clothing & Accessories,1,"VIMAL Premium Blended Black Thermal Top&Bottom Set for Boys(Pack of 3) Vimal Kids Thermals Are Made With Speical Soft Fabric , Keeping In Mind The Soft Skin Of Kids . As Known By The Name Vimal Thermals Act As A Saviour In The Chilly Weathers Of Winters . By Manufacturing These Thermals Vimal Has Added One More Feather To Its 40 Years History Of Serving People."
Household,3,"Kebica 48 Key Alumnium Lock Box, Key Cabinet (Silver) with Key Tags Convenient Key Cabinet for your home and office by Kebica. Keep your keys where you need them with this key cabinet. Don’t waste time searching for misplaced keys when you need them the most. Neatly organized and label keys so that they are easily accessible for employees, customers, and family members."
Electronics,2,"HP 14 Core i3 7th gen 14-inch Thin and Light Laptop (4GB /1TB HDD/Windows 10 Home/Smoke Gray /1.59 kg), 14q-cs0006TU Style name:Windows 10   Designed for long-lasting performance, this stylishly designed HP 15"" laptop has a long-lasting battery that keeps you connected, entertained, and productive all day. Speed through tasks, or sit back and socialize – with the latest processors and a rich HD display. Do it all, all day."
Household,3,"Nilkamal Gem Mirror Cabinet (Ivory) Size:Standard                                                                                 |                            Color:Ivory   The product features a clever design, where a mirror conceals a number of racks and shelves of different sizes, wherein you can keep a variety of regular use products. It comes with beautiful white finish that can complement all kinds of home dcor. The versatile mirror cabinet has been designed to take lesser space in your bathroom, comes as a single piece that can be easily taken and mounted to the wall."
Household,3,"Furny Herman Three Seater Sofa (Grey) Size:3S   Furny owns the trademarks : FabHomeDecor and Furny products are manufactured at our facility at Bhiwandi, Mumbai. Buyers are advised to purchase directly from Furny and not from other unauthorized fraud sellers who have tagged themselves on Amazon to take free advantage of our brand name."
Books,0,"Toreto Outdoor Bluetooth 10W Speaker Boombox-TBS 315 From style and design to battery life and performance, the portable Boombox bluetooth speaker is the party starter you should carry anywhere you go. Be it bluetooth, micro SD card or aux cable, this sound booming box transforms mere musical notes into feet-tapping and shoulder-bouncing beats. Its 3 inch subwoofer is another plus point that might compel you to spend on this smart technology."
Electronics,2,"WiFi Range Extender, Xiaomi WIFI Repeater 2 Amplifier Universal Wi Fi Extender 300Mbps 802.11n Wireless WIFI Extende Signal (white) BRAND : OLLIVAN, WiFi Range Extender"
Electronics,2,"GIZGA 2.5"" Hard Drive Case Self Tattoo Hard Shell (Black) Colour:Black   This durable Hard Drive case protects your portable Hard Disk drive, stores your necessary USB cords, pen-drives and so on."
Clothing & Accessories,1,US Polo Assn. Boys' T-Shirt
Clothing & Accessories,1,"Elk Kids Boys Frenchie Panty Brief Innerwear 6 Piece Combo Trendy Inner wear brought to you from the fashion brand Elk- An after-dark delight, this inner combo entices in soft Cotton fabrics to perfectly show off the silhouette and make it the perfect addition for your Kids Nightwear and wardrobe. Live up your fantasies and Shop with Confidence !"
Electronics,2,"Razer Basilisk FPS Gaming Mouse (Multicolor) The world's most advanced fps gaming mouse fast. Accurate. Deadly. Take your fps skills to the next level with the razer basilisk. Boasting the most advanced optical sensor in the world and armed with features such as a dial for customizing scroll wheel resistance and a removable dpi clutch, the razer basilisk is the ultimate fps mouse."
Clothing & Accessories,1,EIO Mini Berry Long Sleeve Cotton Sleep Suit Romper Set of 3 for Girls
Clothing & Accessories,1,"2Day Womens Multicolor Crepe TOP (Pack of 2) Don't miss this super, amazing, stunning and stylish Top from 2DAY !!!. The Top is a delight in colour which is sure to complement your ethnic wardrobe without burning a whole in your pocket. Go ahead and mix and match in style"
Electronics,2,AmazonBasics USB 3.1 Type-C to 3 Port USB Hub with Ethernet Adapter - Black
Electronics,2,"iBall Slide Elan Tablet (10.1 inch, 32GB, Wi-Fi + 4G LTE + Voice Calling), Matte Black Colour:Matte Black                                                                                 |                            Size name:3x32   Powerful quad core 1.3 GHZ arm cortex A53 64bit processor, 3 GB ram, 32 GB built-in storage, full capacitive multi-touch, 25.5cm (10.1) display, IPS HD screen resolution (1280 x 800), slim and attractive design."
Books,0,Investment Banking for Dummies
Books,0,The Eyewitness Atlas of the World (Eyewitness Reference Books) 
Books,0,Baagbani Kaise Karen best selling book
Books,0,"Students' Guide to Income Tax Including GST (59th Edition 2018-19) CA Intermediate November 2018****CMA December 2018****CS(Executive) December 2018****B.Com.,M.Com.,MBA, Other Professional Examinations"
Books,0,"Fixed Income Analysis, 3ed About the Author Barbara S. Petitt is Director, Curriculum Projects, EMEA, in the Education Division at CFA Institute. Jerald E. Pinto has been at CFA Institute since 2002 as Visiting Scholar, Vice President, and now Director, Curriculum Projects, in the Education Division for the CFA and CIPM programs. Wendy L. Pirie is Director, Curriculum Projects, in the Education Division at CFA Institute."
Electronics,2,"Syba 1 Port ATA133 IDE and 2 Port SATA II PCI Controller Card with Software RAID Component (SD-VIA-1A2S) The Sybil SD-LP-PEX2IR low profile 2 port SATA II phi-express X1 card offers simple connectivity between a host computer and SATA II devices. The controller card is backward compatible with SATA I devices, providing the versatility to use older storage, and features support for RAID 0 and 1 modes as well as port multiplier capability with command-based and FIS-based switching for connecting multiple external hard drives to a host PC through a single SATA connection."
Household,3,TcLpvc Only Wood Natural 5/7 ft Special Bamboo With Wooden Roller For All India Choice - Blind Wooden Curtains For Balcony - Windows - Indoors - Door - Home - Office - Hotel - Resorts – Blinds - Shades - Screens - Patio Umbrellas - Canopies - Shade - Sunscreen Fabric - Screens - Protection - Balcony Privacy - Protective Screens - Window Blind Curtain PRODUCT CODE - 1210 Plz Read this bamboo curtain is ready to fit no need any specialist You Only Need Drill Machine To Fix Hooks. Customizes Sizes What's Up Only 9888774040 Company Dept Of Custom Orders Brand - TCLPVC
Electronics,2,WD Elements 1TB Portable External Hard Drive (Black)
Clothing & Accessories,1,"ahhaaaa Boy's Cotton Kurta And Pants With Waistcoat ahhaaaa brings exclusive festive range for little infants. The range has been carefully crafted keeping the comfort of your delicate baby. So, grab this limited set of shirt, jacket and jeans and make you little baby center of attraction this festive season."
Books,0,"Generic Imported Authentic Standard Wooden 12 Colors Set, Multi Color (120 Pieces) A very funning toy for your kids to play. Made of environment friendly linden wood, no harm to your baby. Push one of them, it will have a chain of effect."
Clothing & Accessories,1,"PackIt Freezable Traveler Lunch Bag, Polka Dots Color Name:polka dots   Packit Traveler Lunch Bag Polka Dot 11.5""x14""x6"""
Books,0,UGC NET/JRF Exam Solved Papers Computer Science & Applications It is a book
Household,3,"SAF Framed Painting (Wood, 12 inch x 18 inch, Textured UV Reprint, SAO468) Painting made up in synthetic frame with UV textured print which gives multi-effects and attracts towards it. This is an special series of paintings which makes your wall very beautiful and gives a royal touch. A perfect gift for your special ones."
Household,3,"Supreme Vegas Table (wenge) supreme vegas table is premium and highly durable plastic table , vegas table suitable with cambridge series"
Electronics,2,"Asus Internal DVD Writer DRW-24D5MT ASUS is a leading company driven by innovation and commitment to quality for products that include notebooks, netbooks, motherboards, graphics cards, etc.Asus was founded in Taipei in 1989 by T.H. Tung, Ted Hsu, Wayne Hsieh and M.T. Liao, all four having previously worked at Acer as hardware engineers. At this time, Taiwan had yet to establish a leading position in the computer-hardware business."
Household,3,"Havells V3 Yurbo 450mm Pedestal Fan (Black) Havells India Limited is a leading Fast Moving Electrical Goods (FMEG) Company and a major power distribution equipment manufacturer with a strong global presence. Havells enjoys enviable market dominance across a wide spectrum of products, including Industrial and Domestic Circuit Protection Devices, Cables and Wires, Motors, Fans, Modular Switches, Home Appliances, Air Conditioners, Electric Water Heaters, Power Capacitors, Luminaires for Domestic, Commercial and Industrial Applications."
Household,3,"Absorbia Moisture Absorber Ultimate Non-Electric Room Dehumidifier The Ultimate Moisture Absorber For Rooms And Larger Spaces. Absorbs Upto 4 Litres Of Moisture. Spill Proof. Removes Odours From Rooms And Enclosed Spaces , Absorbs Excess Moisture ."
Household,3,"Bajaj New Shakti GL 15-Litre Vertical Storage Water Heater (white) The water heater is available in 10L, 15L and 25L variants. 2000 watts model. Suitable for high-rise buildings (8 bars). Powder coated metal body. Adjustable thermostat. Magnesium anode for extra protection from corrosion and leakage. Unique temperature indicator dial."
Household,3,"AM Seam Ripper/Stitch Opener Sewing Craft Tool with Cover, Pack of 4 Seam ripper/ Stitch opener to remove wrong stitches. Pack of 4 pc"
Clothing & Accessories,1,"ISAKAA Baby 5 and 10 Cotton Full Sleeve Tshirts Refresh your babies clothing with the awesome collection of round neck tees from ISAKAA. These tee-shirts are made of cotton and suitable for both boy and girl babies. The feel of the fabric keeps your baby comfortable in all the seasons. This product is made from cotton and finished in an attractive set of colors. It features a cap sleeve, round neck, and is targeted towards both Boys and Girls. Normal hand wash or machine wash for best results."
Clothing & Accessories,1,Quantico Inline Skates with PU Flashing Wheel & 1 Year Warranty
Books,0,JAIIB 2019 Cheat Sheet (Legal+Accounting) Summarized Notes
Electronics,2,100yellow Motivational Quotes Designer Waterproof Coating Gaming Mouse Pad
Electronics,2,"Apple iPad(6th Gen) Tablet (9.7 inch, 128GB, Wi-Fi), Silver"
Household,3,"Asian Hobby Crafts Pull Flower Ribbon for Gift Wrap and Decoration (Multicolour, Small) - Pack of 50 Pcs Perfect to use for embellishment, gift wrapping, packaging, bows, and scrapbooking Use Method: Hold one end, find and hold the two small inside ribbons from the other end and then pull them to make the flower. The two coming out small ribbons are used to tie around your gift bag or package and the beautiful flower should be on the top of your bag. Random Color"
Household,3,Mamta Decoration Solid Sheesham Wood Wooden Stool Foot Stool for Kitchen | Home | Coushning Dark Walnut Color:Design 2   Regular yet antique-ish design for your royal home. Shows all the natural grains and grace of the wood. Its an art of Indian handicraft made in hard wood. There is an royal and ethnic touch to the design.Assembly : We encourage self assembly of products to help customers better & completely understand thed product they buy. We encourage self assembly of products to help customers better & completely understand the product they buy.
Household,3,"@home by Nilkamal Edward 4 Door Wardrobe (Walnut) Enhance the look of your bedroom with this wardrobe. Designed skilfully from quality materials to combine functionality with aesthetics, this product makes the right pick for any home. Add oodles of style to your home with an exciting range of designer furniture. @home promise to deliver best quality products at best prices."
Clothing & Accessories,1,"BODYCARE Pure Cotton Multi-Coloured Barbie Panties for Girls & Kids (922-Packof6) This product is made from cotton and finished in a attractive set of colors. Furthermore, it is recommended to be kept away from extreme heat, fire and corrosive liquids to avoid any form of damage."
Books,0,General Studies - Paper II for Civil Services Preliminary Examination (2019) 
Books,0,RRB Junior Engineer JE(IT) DMS and CMA Stage 1 Exam Books in English Contents ❄ Mathematics ❄ General Intelligence & Reasoning ❄ General Awareness ❄ General Science
Household,3,MBTC Magma Bar Stool Chair In Black A nice addition to the furniture of your bar would be this MBTC cafeteria and bar chair that would help you make changes in the seating arrangement.
Electronics,2,"AMD AD740KYBJABOX 3.9GHz Socket AM3+ Processor Run your applications at 3.9 ghz clock speed on a dual core processor, which belongs to steamroller architecture. Processor is compatible with fm2+ socket and also support ddr 3 memory with multiplier unlocked."
Books,0,"Fundamentals of Software Engineering About the Author Rajib Mall, PhD, is Professor, Department of Computer Science and Engineering, IIT Kharagpur."
Electronics,2,"TP-Link Archer C60 AC1350 Wireless Dual Band Router (White, Not a Modem) Style name:AC1350-Archer C60   Contact_us on: [ 1800 2094 168 ]"
Clothing & Accessories,1,"Kuchipoo Unisex Thermal Combo Of 3 Front Open Thermal Set This product is made from fine quality thermal material and finished in attractive colors. It features long sleeve, round neck, and is targeted towards both baby boys and baby girls. Please Bear in Mind That Displayed Photo May Slightly Different From Actual Item in Terms of Color Due to the Lighting During Photo Shooting or the Monitor's Display."
Clothing & Accessories,1,"vaikunth fabrics Women's Cotton Fabric A-Line Kurta This is designed as per the latest trends to keep you in sync with high fashion and with wedding and other occasion, it will keep you comfortable all day long. The lovely design forms a substantial feature of this ethnic wear.it looks stunning every time you match it with accessories. Disclaimer: product colour may slightly vary due to photographic lighting sources or your monitor settings."
Household,3,"Ashiyanadecors Silk Bonzai Brown Natural Looking for Home & Garden Décor Versatile in your home or office: It's small size makes it versatile so you can put it pretty much anywhere -- console, desk, bookshelf, kitchens, window ledge,foyer, end table,or anywhere to add a bit of greenery without taking up a lot of space."
Household,3,"Klaxon Coffee Table (Matte Finish, Black)"
Electronics,2,"PanchalsGadget LCD Glass Screen Display/Touch Digitizer Replacement Module with Frame/Bezel for Apple iPhone SE (Black) 1. Made of high-grade material, high quality and fine workmanship 2. Never used and in a good condition 3. Designed to replace the old, broken, cracked, damaged one 4. Easy to install and simple to use 5. An important part for cell phones 6. Suitable for Apple iPhone SE OEM LCD"
Household,3,"Furny Elzada Five Seater Sofa 3+2 (Black) Size:5S                                                                                 |                            Color:Black   Pure flexibility, good comfort and economical price has given rise to a new collection of comfort sofa sets from fabhomedecor. These comfortable sofa sets are distinctively designed and manufactured using quality raw materials and experienced manpower. Exemplary seating experiences from fabhomedecor."
Household,3,"Generic Gray : 2017 Direct Selling Top Fashion Car Seat Cover Autos Child Safety Seat Pedal Rest Plate for Footstool Put A Mat Knee Guard Kit Item Type: Seat Covers & Supports, Brand Name: GJCHELIVE, Item Width: 6, Mfg Series Number: child safety seat pedal, Item Height: 20, Item Weight: 1550, Item Length: 35, Special Features: footrest, Material Type: High strength plastic, Spare parts classification: Automobile modification parts, Color classification: Dark Grey Pink, Unit Type: piece, Package Weight: , Package Size:"
Electronics,2,Torque Traders Dc 12V 0.5A Vga Card Cooling Fan For Graphics Card Asus Gtx780 Gt Is_customized: yes model number: t129215su type: other unit type: piece package weight: 0.100kg 0.22lb. Package size: 25cm x 15cm x 5cm 9.84in x 5.91in x 1.97in
Electronics,2,"Toykart Electrical Mini Keyboard for Kids, 37 Keys, Black Toykart Electronic Keyboard's collection of basic features and functions make this keyboard the perfect choice for just about any player, from novice to skilled musicians. The keyboards in this series are best suited for those who are interested in taking up the keyboard as a hobby, those interested in becoming more serious about the keyboard Please note: this piano has only 1 speaker and another one is just to show off, it records only key sound not mic input. this is specially designed for kids and not for professionals."
Books,0,Audit of a CA This book unveils the intricacies about the CA course.
Clothing & Accessories,1,"Cotson Girl's Cotton Silk Socks Multicolour- Pack Of 5 Lace trim invisible crystal socks make you light and feel cool. Material:90 percent acrylic and 10 percent cotton,elastic,breathable. Size:one size fits all. Length: 7.87inch in bottom length and 3.94-inch in tube length. Quantity: 5 pairs, five different colours as shown in image. Suitable for women, a perfect gift to yourself or friends"
Electronics,2,"SteelSeries Rival 110 62466 Optical Gaming Mouse Rival 110 is custom-engineered for competitive gaming, featuring an exclusive TrueMove1 optical sensor and a right-handed universal ergonomic shape for all grip styles. With a guaranteed 30-million click rating and a durable, lightweight construction, the Rival 110 delivers comfortable, long-lasting performance. Plus, prism RGB illumination with game sense reactive illumination and lighting sync, six programmable buttons and on-board memory combine to deliver the perfect gaming mouse."
Household,3,"Eveready IH401 1000-Watt Immersion Rod (Black) Style:1000 watts   No matter the weather, all you need is a power connection to enjoy a warm water bath with the portable IH401.Key Features:1kW, 230V50HzCopper Tube Heating ElementHanger Loop Cord ProtectorMax and Min Water level IndicationISI Safety approved."
Books,0,"Sadhguru: More than a Life About the Author Arundhathi Subramaniam is the author of three books of poetry, most recently Where I Live: New and Selected Poems and a prose work, The Book of Buddha. As editor, her books include an anthology on sacred journeys, Pilgrim's India an anthology of Indian poetry, Another Country and a co-edited anthology of contemporary Indian love poetry, Confronting Love. She describes herself as a wondering, protesting, but committed Isha yoga practitioner and 'perhaps more of a devotee' than she lets on."
Household,3,"AdINFINITUM 300GSM Marvel Superhero Printed Paper Poster, 9x13 Inches(Multicolour, 84) - Set of 8 SHOW YOUR SUPERHERO LOVE. Perfect colors, Creative design, digitally printed high quality 300 gsm paper posters for your home, office. Funny, inspiring and lovable designs to choose from. Make your walls look eye catching and creative with our large collection of posters. WE BELIEVE IN QUALITY AND PROVIDE OUR CUSTOMERS THE SAME"
Electronics,2,"Terabyte 500Mbps Mini Wireless USB Adapter (Black) Terabyte gold mini 2.4ghz wireless wifi dongle 500mbps 802.11n usb connector, usb wireless adapter product description highlights, warranty period: 3 years â€¢ usb version:2.0 specifications overview brand sse type usb connector operating system support windows 2000/xp/vista/7/8, mac os, android os product."
Household,3,Beans .Soft Bean Bag Filler 1 kg (No 1 Grade Premium) soft BEAN BAG Refill are the Most Premium Refills across the Market. Fill your Bean Bag with the Best Quality Beans for Maximum comfort and Ensure Long life.
Clothing & Accessories,1,"FusFus Women's Printed Trendy Stoles, Free Size(Multicolour, F092) - Pack of 6"
Clothing & Accessories,1,MDX Si Noir Boy's Cotton Waistcoat Style Bow Attached T-Shirt and Pant Set Red A charmingly trendy look awaits your little one on the other side of wearing this set
Books,0,"Digital Marketing About the Author Vandana Ahuja is currently Area Chair, Marketing, and Assistant Professor, Jaypee Business School, NOIDA (a constituent of the Jaypee Institute of Information Technology, NOIDA). A Ph D in Management, she has over 15 years of experience in the industry and academia. She has widely researched the domains of Internet marketing, customer-centric branding, and CRM. Dr Ahuja has published several articles in journals of national and international repute."
Household,3,"Orpat OEH-1260 2000-Watt Fan Heater (Apricot) Color Name:Apricot   ORPAT is a group of companies based in the state of Gujarat, India with its wide national and international presence. The company is involved in manufacturing a wide range of well diversified products. ORPAT, with its continuous endeavors to strive for high precision premium class products has developed a state of art manufacturing plant with its strong R&D team, continuously involved in achieving innovations for its products and process."
Electronics,2,Acm Tempered Glass Screenguard For Samsung Galaxy Tab A T355 8.0 Tablet Screen Guard Scratch Protector
Clothing & Accessories,1,Le Gear Pro Plus Face Mask (White) Colour:White   Le Gear Pro Plus Face Mask (White).
Electronics,2,"Logitech MX Ergo Wireless Trackball BRAND : Logitech, Logitech MX ERGO Wireless Trackball"
Clothing & Accessories,1,"Krystle Girl Pack of 2 High Waist Stockings Super Fine Fiber Excellent Stretch Sheer Tights Long Comfort Super Soft Pantyhose Black and Skin The socks are crafted using finest cotton to please your skin with secure stable fit from toe to knee. They protect and keep your feet and leg clean and safe. You can pair up these socks with shorts, skirts to compliment your look. These multipurpose socks are for school, office and party as it pairs up well with many dresses."
Household,3,"Sattva Excel Classic Bean Bag Cover Without Beans - XXL Size - Yellow Colour Lounge around in the comfort of Excel Bean Bags. The Classic style is the evergreen bean bag style with an indulging comfort. With a soft leatherette fabric and premium stitching, it's a classic must have for any home or office space. This is only the bean bag cover. 1.50 kg Excel Refill Pack Beans must be filled into this before use for sitting purpose."
Clothing & Accessories,1,Creature Reversible Pu-Leather Formal Belt For Men(Color-Black/Brown||BL-01) Belts are a necessary final touch which brings your outfit together and definitely a must-have accessory. An elegant design of a belt can really make difference. Presenting to you is a premium quality Creature product with its classy appeal and smart design and the perfect combo of fashion and function. The handsome buckle brings out a charm in your outfit. This fine quality product and PU leather promises you durability and light weight. These finely crafted belts are a piece of art and a staple to your personality.
Electronics,2,"rts External 2HD 3.5inch USB Powered Floppy-Disk Drive Portable Diskette for PC (No Externals Driver, Plug and Play)"
Household,3,"AdINFINITUM Marvel Superhero 300GSM Paper Posters(8x12-inches, Multicolour) - Pack of 5 Show your superhero love. Perfect colors, creative design, digitally printed superior quality 300 gsm paper posters for your home, office. Funny, inspiring and lovable designs to choose from. Make your walls look eye catching and creative with our large collection of posters. We believe in quality and provide our people the same."
Electronics,2,"ASUS PH-GT1030-O2G GeForce GT 1030 2GB Phoenix Fan OC Edition HDMI DVI Graphics Card Size name:GT 1030 Phoenix 2GB                                                                                 |                            Style name:PH-GT1030-O2G   The ASUS GeForce GT 1030 Phoenix OC edition features a dual-ball bearing fan for superior airflow and 2X lifespan over reference. Auto-extreme manufacturing technology with Super Alloy Power II delivers premium quality and reliability. GPU Tweak II enables additional control to ensure an optimal balance between performance, cooling and noise."
Electronics,2,Epson ERC09B Compatible Black POS Ribbon 6 Pack ERC09B Compatible 6 Pcs PRINT-RITE
Household,3,"Electomania 30 Pieces in 1 Set Assorted Hand Sewing Steel Needles for Embroidery Mending Craft Quilting Brand new and high quality Great for most sewing works: Embroidery, Darning, Quilting, Crafting, etc. Suitable for leather, denim, silk, canvas, cotton..  Material: Steel  Color: Golden and silver  Length: approx. 30 - 50mm  Package Includes: 30 x hand sewing needles  Note: Since the size above is measured by hand, the size of the actual item you received could be slightly different from the size above."
Books,0,"The Prophet About the Author Kahlil Gibran (18871931) was a LebaneseAmerican poet, writer and artist. His work has been translated into more than twenty languages, and his drawings and paintings have been exhibited worldwide."
Electronics,2,"AmazonBasics Multi-Angle Portable Stand for Tablets, E-readers and Phones Colour:Black   AmazonBasics Multi-Angle Portable Stand for Tablets, E-Readers and Phones"
Household,3,Better & Brighter Homecare ABS Plastic Mini Dehumidifier with USB Plug(300ml) It's made from ABS Plastic and comes with a USB Plug. The capacity is 300ml.
Books,0,Textbook Of Medical Laboratory Technology 
Books,0,"Society Tea Premium Darjeeling Tea, 250g Once known as the Queen of Tea, Society Premium Darjeeling tea embodies the best and brightest attributes of tea from this region. Rich, smooth and strong, without being overpowering, this blend is best enjoyed the traditional way, strong with a hint of sweet and either milk or lemon."
Books,0,Bharat ki Rajvyavastha: Civil Sewa evam Rajya Stariya Sewaon ki Parikshawon Hetu 
Electronics,2,"Rapoo X1800 Wireless Keyboard and Mouse Combo (Black) Reliable 2.4GHz wireless connection Reliable 2.4GHz wireless connection with up to 10-meter working range. Long battery life With Rapoos latest energy saving technology and power switch , you can use your keyboard for up to 12-month and the mouse for 9-month without power interruption. Media control Fn key gives you quick access to media player, homepage, volume adjustment and etc."
Books,0,All India Pre-Veterinary Test Entrance Examination Guide (AIPVT) 
Clothing & Accessories,1,Brim Hugs and Cuddles Sweater/Winter Jackets with Hood and Zipper for Baby Girl and Baby boy(Pack of 1) Made up of cotton.Perfect tailored with indian size standards.It will be soft feel for the baby skin.A super and premimum product from the house of best product that offers the best product in the baby product range and this suits the perfect product for the winter need.
Electronics,2,4square 1 piece Dust Cover for Electric Fan Non Woven Fabric Geometric Style Dust proof Home Decor Colourgrass materialpeva main color multicolor stylecartoon pattern cloud grass riverstones triangle suitable size diameter less than 18 electric fan function dust proof dampness proof waterproof notice please allow 13mm error due to manual measurement and make sure you do not mind before ordering please understand that colors may exist chromatic aberration as the different placement of pictures package list 1 x electric fan dustproof cover
Electronics,2,"HP 22-B301il 21.45-inch All-in-One Desktop (7th Gen Intel Core i3-7100U/4GB/1TB/DOS/Integrated Graphics), Jet Black Whether your family is looking to surf, stream or tackle that next big assignment, this budget friendly All-in-One has been redesigned to give everyone what they need. A splash of color and reliable, trusted performance make this the perfect living room go-to."
Household,3,"VIKI | Bookcase/Bookshelf (6-Shelf/Shelve, White) | Bodhi Size:Standard                                                                                 |                            Color:White   We offer high quality, affordable pieces in  modern, functional designs that express leadership in every detail."
Books,0,"Introducing Physical Geography, 6ed "
Electronics,2,"iBall CTV27 Claro TV Tuner with AV and FM Radio With iball Carlo CTV27 you don't have to worry about what to do for your leisure entertainment. Without any software or computers, you can enjoy TV programs on any CRT or LCD/LED monitors. All you have to do is just plug the device and start playing with it. It also has an in-built FM."
Household,3,"Nayka Kids Soft Foam Sofa Cum Bed (Red, 24.5x10.5x12.5 cm) Spacious mutiutility for childeren upto (6 -48 month)4 years convenient to use. E - yop brings to you this unique of soft and cute toys and soft toys. Bring smile on the face of your loved ones unconditionally."
Books,0,Fairy Tales (My Jumbo Book) Book Description My Jumbo Book of Fairy Tales brings classic tales into the lives of children. They truly gorgeous illustrations add an extra element of classical style to these four stories.
Electronics,2,"Sony BD-R x10 25GB/GO Blu Ray Disc 10 pack of blank recordable Blu-ray discs 25GB, 6X speed."
Household,3,@home by Nilkamal Finley Study Table (Walnut) Study desk in engineered wood and melamine finish. Mild steel frame provides weight bearing strength. Ideal space saver.
Household,3,"Peppa Pig Sling Bookcase Peppa Pig bookcase featuring peppa and george neatly stores away books of all shapes and sizes - the perfect size for toddlers, great for kids' bedroom or play room - featuring 4 fabric sling compartments it's the perfect size for their favourite books."
Household,3,TCLPVC 3/7 ft Bamboo Chick Window Closer Curtains (Brown) Tclpvc Economy 3/7 feet Bamboo Chick Window Closer - Curtains For Balcony - Windows - Outdoors - Door - Kitchen - Home - Office - Hotel - Resorts – Blinds - Shades – Screens - Patio Umbrellas - Canopies - Shade - Sunscreen Fabric - Screens - Protection - Balcony Privacy - Protective Screens - window blind curtain – Verandas - Public Areas - Door Curtain - Fly Screen - Divider Room US - 1000
Books,0,Nova Gmat Math Prep Course 2015 Edition very Good Books
Electronics,2,"Starnv Expandable Sleeve/Slip Case, 15.6-inch (Black) Size name:15.6 Inch   Starnv bags laptop sleeve is a very beautiful and an adorable and quite a very useful sleeve cover. It is zipped. One can keep their laptops in this sleeve cover. It is very stylish in nature and is extremely fabulous. It can be used both professionally and personally. The laptop sleeves have very creative designs on it to give it a more fascinating look. It can also be gifted to your loved one. So, adorn the looks by adding this laptop sleeve cover."
Books,0,The C Programming Language 
Clothing & Accessories,1,BODYCARE Printed Panty for Girls Pack of 6 from Bodycare brings collection of Panty for Girls pack of 6 with highly streachable easy to comfort & stylish designs with 100 % cotton fabric
Electronics,2,"Samsung Galaxy Tab A 2017 SM-T385NZKAINS Tablet (8 inch, 16GB, Wi-Fi + 4G LTE + Voice Calling), Black"
Household,3,"Carry Bird Hanging Swing Chair With Cushion & Hook/Color,Black For 1Outdoor/Indoor/Balcony/Garden/Patio Hanging swing chair with stand and cushion and hook for indoor/balcony/garden seating"
Clothing & Accessories,1,"faas Full Eye UV Protected Boy's and Girl's Sunglasses (8 to 15 Years, FS0082, 55, Feroza) We understand that a perfect face accessory is necessary to perfectly complete your attire. Kids are more lively and colourful. This makes us release our sunglasses models which are available in many colours and different styles. These goggles block the incoming dust completely to provide better vision."
Clothing & Accessories,1,"FirstClap Corduroy Full Length Dungaree for Boys & Girls|Dress for Boys|Jumpsuit for Kids|Unisex Firstclap-A trusted brand with it's established name in the kids section of apparels. We have been in service for nearly 20 years producing various desgins and styles in kids apparels ranging from dungree, shorts, jeans etc. We use finest quality fabric made under strict supervision so that not even a single stich is faulty. We adhere to our motto of Quality at best price because we know you want best for your child."
Household,3,"MMF Industries Steelmaster Security Key Cabinet, 60-Key Capacity, 12.2 x 2.9 x 14.9 Inches, Charcoal Grey (2017260G2) Contemporary designed durable steel construction hookstyle key cabinets are engineered to safely store and secure keys. Included key tags have label windows for easy viewing and are color-coded to simplify key organization. Predrilled holes allow for hanging on wall or attachment to partition hangers screws included. Secure cam lock with two keys included. Key Capacity: 60 Materials: Steel Colors: Charcoal Gray Width: 12amp;quot;."
Household,3,"Asian Hobby Crafts Colourful Shining Beads - Round Color:Multi Color   Color multi polished small hole beads are designed for thread, dori crafts like glass hangings, torans, door hangings suitable for abacus, garlands, jewellery crafts, door hangings, torans, mirror hangings, toy making, wind chimes, decoration crafts, scrap books and file making."
Clothing & Accessories,1,"Marvel Avengers Round Neck Black Polyester T-Shirt for Boys DMA0047 If you’ve got an Avengers obsessed little hero we have the perfect treat. Ranging from Iron Man T-Shirts that’ll make ‘em look cooler than Tony Stark, to Captain America to feel strong enough to withstand even Hulk’s Smash, our cool graphic prints will make them want to get out of their school clothes and ready to save the world in no time. Kids, the next time you need to lift Thor’s Hammer, fight Hydra, or come face to face with the Punisher, make sure you look the part with our cool Superhero T-Shirts."
Clothing & Accessories,1,United Colors of Benetton Girls' Panty
Household,3,"ITOS365 Jewellery Box for Women Wooden Flip Flap Flower Design Handmade Gift, 8 inches Protect and preserve your valuables with this handcrafted wooden jewelry box. You always want to keep your best valuables precious jewelry safely. This wooden jewelry box is ideal for organizing your jewellery collection. This classical wooden jewelry storage case has been built from real wood and polished gold hardware. A stylish way to keep your jewelry organized. This wooden jewelry box has a curved, traditional design, rich brown finish."
Household,3,"Generic Purple, Portable Female Women Girl Urinal Camping Travel Urination Toilet Urine Device(18369)- Set of 1 Model number: 637, material: plastic, type: two-piece, feature: stocked, unit type: piece, package weight: , package size:"
Books,0,"The Awakened Family: How to Raise Empowered, Resilient, and Conscious Children About the Author Shefali Tsabary, PhD, is an expert in family dynamics and personal development and she runs a private practice in New York City. Dr Shefali has written three books, including the award-winning New York Times bestselling book the Conscious Parent and is a keynote speaker who has presented at TEDx, Kellogg Business School, the Dalai Lama Centre for Peace and Education and other conferences and workshops around the world."
Household,3,"Aco A100P 60-Watt Twist Tower Fan (White) Easy to operate, Pleasing & Attractive Design, Air Circulating Swing on/off control, No water required, Suitable for all places like rooms,halls,kitchen,office"
Electronics,2,"ASUS Chromebook C300SA 13.3 Inch (Intel Celeron, 4GB, 16GB eMMC, Red) 13.3"" Celeron N3060 4GB Red"
Books,0,"Crazy Rich Asians (Movie Tie-In Edition) (Crazy Rich Asians Trilogy) About the Author KEVIN KWAN is the author of the international bestsellers Crazy Rich Asians, soon to be a major motion picture, China Rich Girlfriend and Rich People Problems. Born in Singapore, he has called New York's West Village home since 1995."
Household,3,@home by Nilkamal Delmonte Six Seater Dining Table Set (Brown) There is new size for bench its width is 110 cm because we make some changes in design to easily fit in Dining Table.
Electronics,2,Dell inspiron series 6cell battery Black 6 Cell Lithium Ion Battery. 100% Genuine Dell Product
Clothing & Accessories,1,Kashvi Boys Khadi Cotton Kurta pyjama_ Boys party wear dresses Boys White kurta pyjama
Household,3,"YUTIRITI 4 Layer Maroon Shoe Rack with Cover Space Saver Storage Organiser - Maroon A Stylish Way To Keep Your Fashionable Heels and Groovy Sneakers Organized.This Spacious and Durable Four Layer Shoe Rack Can Hold Your Many Shoes, Sneakers, Slippers, Heels. Its Also Lightweight and Easy-To-Assemble."
Electronics,2,"HP Z3700 Wireless Mouse (Modern Gold) Colour:Modern Gold   It’s time your accessories matched your individuality. Meet your new wireless mouse, carefully crafted to bring its unique slim style to your work. It’s functional. It’s portable. It’s fashionable. It’s yours."
Electronics,2,"Dell A261102SIN8 18.5-inch All-in-One Desktop (i3-7100/4GB/1TB/Windows 10 Home Single Language/Integrated Graphics) DELL INSPIRON 3268 A261102SIN8(DLDI0111)7th Generation Intel CoreTM i3-7100 processor (3MB Cache, up to 3.90 GHz)4GB RAM 1 TB HDD Win 10+Office Home & Student 2016 18.5 SCREEN"
Electronics,2,"Just Mobile Touch Stylus Pen Touch Screen Pen|S Pen for Samsung Galaxy Note 5 Gold • We request buyers to leave 5 star feedbacks if satisfied and if not satisfied they can communicate and contact us so we can take appropriate action. • Leaving Negative or Neutral Feedback will not solve a problem, so please contact us if you have any questions or any complaints before leaving a Feedback. • Your feedback is important for us to grow our business on eBay, so please do leave feedback."
Clothing & Accessories,1,"MRS WOMEN Cotton Silk Saree (Icx_Beige_Free Size) This enhance the beauty of the women which can be worn for functions, festivals, parties and even wedding also. You will be a centre of attraction in the event once you ware it."
Books,0,"Geography(Assam, India & World) For Civil Services & Other Competitive Examinations,(Useful for Both Preliminary & Mains Examinations). Descriptive and One Liner * WORLD GEOGRAPHY * GEOMORPHOLOGY * CRUSTAL FEATURES * COMPOSITION OF THE ATMOSPHERE * OCEAN BOTTOM RELIEF * GEOGRAPHERS AND THEIR CONTRIBUTION * ASSAM GEOGRAPHY * INDIAN GEOGRAPHY OBJECTIVE QUESTION ANSWER * ASSAM GEOGRAPHY * INDIAN GEOGRAPHY * WORLD GEOGRAPHY"
Books,0,"Skillmatics Educational Game: Brain Games, 6-99 Years, Multi Color"
Household,3,"Allin Exporters Ultrasonic Humidifier and Purifier Cool Mist with LED Light (2.4L, Pink)"
Household,3,"Sehaz Artworks Round Wooden Wall Clock (25.5 cm x 25.5 cm x 2.8 cm, Beige, SZA-PWC-12-Butterflies) This is a classic styled analog wall clock made from wood. This clock will add charm to any room in your home. There is a plastic shell casing behind the clock for batteries. Only one AA battery is required for this clock (not included). This Sehaz Artworks wall clock can be a good gift at housewarmings, weddings and social gatherings. Decorate your home with this wall clock. Perfect for living room and bedroom. More acute and quiet."
Books,0,Funskool Guess Who So many faces. It’s important to find out which one of the opponent has. How does one do that? Just eliminate the wrong faces and guess. An exciting mystery game for kids.
Household,3,"Bms Lifestyle Ttf-502 Portable Space Saving Tower Table Fan (Black) Tower fans offer a superior amount of air flow in an incredibly compact unit. These fans distribute air at a 90 degree angle, oscillating on a stationary base. This combination of design creates an incredibly efficient and effective product. This tower design is also the most recognizable attribute: their shape allows tower fans to slide into spaces that would otherwise be unable to house a fan unit. Most models offer air ionization, giving the space a clean fresh feeling."
Books,0,Some Outlines of the Religion of Experience: A Book for Laymen and the Unchurched (Classic Reprint) 
Household,3,"Deckup Uniti Office Table and Study Desk Product Dimensions: Length (48 Inches), Width (24 Inches), Height (28 Inches).Primary Material: Engineered Wood With Melamine Laminate.Color: Dark Wenge, Finish: Matte Finish, Style: Contemporary.Assembly Required: The Product Requires Basic Assembly And Comes With Diy (Do-It-Yourself) Assembly Instructions"
Clothing & Accessories,1,Kvitoe Arm Sleeves for Sun Protection in Skin Brown Color for Boys and Girls Arm Sleeves Brown Color
Books,0,AIIMS MBBS Entrance 2019 First and only comprehensive book on AIIMS MBBS Entrance Exam prepared by AIIMS Toppers and AIIMS Rank Holders. This book also contains an overview of Premedical Studies by Toppers
Household,3,"Royaloak Pear 4-Door Wardrobe (Brown) This wardrobe has a contemporary design, made of HDF with melamine finish. It has optional shelf, 9mm back sheet with safety lock. It is a perfect addition to your bedroom interior."
Household,3,"Royaloak Amber Small Computer Table (Black) Crafted from melamine board, this compact computer table is very practical as well as great value. The table has one shelf with door, keyboard tray, a small shelf on the left and CPU space. The table has ample space to keep your computer, stationery, and other items."
Clothing & Accessories,1,612 League Boys' Sweater
Household,3,"DearJoy Cotton Toddlers Training Seat Baby Safety Sofa Dining Chair/Learn to Sit Stool, 3-12 Months (Orange) Color:Elephant Sofa   DearJoy baby sitting chair nursery pillow protectors for 3-9 months. Upright seating position helps stabilize your infant's back, sides and legs while they learn to sit up. 360 of comfy support safely wraps your baby in plush comfort as they observe their surroundings. Lightweight and portable easily provides your baby a safe place to sit in any room of the house. Two holes help to fix infant's body and legs regular but also make them feel comfortable."
Books,0,"Deep Focus : Reflection On Indian Cinema About the Author Satyajit Ray ( 1921-92 )was one of the greatest film-makers of his time. His first film Pather Panchali (1955) won an award at the Cannes Film Festival and established his reputation as a major director. Over the next forty years, he made a number of films, many of which went on to be acknowledged as all-time classics. He is the only Indian to receive the Oscar for Lifetime Achievement. He was also awarded the Bharat Ratna. His other writings on cinema include Our Films Their Films and Speaking of Films, both bestsellers."
Household,3,"Furniture Wala/Coffee Tables/Console Tables/End Tables/Nesting Tables/Other (Tables)/Pedestal Tables/Sofa Tables Must buy furniture to make your home attractive. Made of solid wood which gives strength and durability to your furniture. Elegant finishing gives your furniture the classy touch.This modern style bedside table nightstand from wood furniture is perfect for any room's decor and the walnut finish adds a warm touch to any space in your home. It will offer a simple, sturdy elegance for your living space."
Books,0,Save the Cat!: The Last Book on Screenwriting You'll Ever Need About the Author Blake Snyder's Save the Cat series of books are the best selling books on screenwriting
Household,3,"ToyShine Girl's Rainbow Loom Band Kit Toy Rainbow loom band kit toy, more than 2500 bands are available. Best toy gift birthday gift for girls."
Household,3,Soft Bean Bag Filler 1.5 kg(No 1 Grade Premium) SOFT BEAN BAG Refill are the Most Premium Refills across the Market. Fill your Bean Bag with the Best Quality Beans for Maximum comfort and Ensure Long life.
Household,3,"HOMEGENIC Safari Rattan Design Plastic Chair, 57x60x80cm (Brown) HOMEGENIC presents luxury collection of rattan design chairs that brings to you class, style and luxury in this elegant piece of furniture. The rattan finish chair is designed to make those homes truly beautiful. Built of rock solid plastic, this chair symbolizes strength and quality. Home, lawn, porch, patio - have these brown-colored beauties wherever you want. Get a few of these online right now."
Clothing & Accessories,1,"Rovars Unisex All-in-1 Suit Planning a trip to sunny beaches this summer? Better not forget to pack this colourful swimsuit from Rovars. Its solid combination assures lots of attention from both the sexes, while its polyester spandex fabric promises stretchable comfort and a proper fit. Let your little Boy / Girl have an enjoyable splashy time this summer wearing Rovars costume. These regular-fit costumes are not only visually appealing, but are comfortable to wear too. Boys will enjoy a great summer splash in the pool with this comfortable and trendy swimwear."
Clothing & Accessories,1,Cherokee by Unlimited Boys' Striped Regular Fit T-Shirt Cherokee apparel junior t shirt. It is made of 100% cotton pique fabric with stripes pattern.
Clothing & Accessories,1,United Colors of Benetton Boys' Coat
Clothing & Accessories,1,Broadstar Women's Denim Slim Fit Jeans Package contains Broadstar Women's Slim Fit Jeans which is acid washable.
Household,3,Intex Inflatable Baby Float With Sunshade Canopy Swimming Pool Inflatable Toys For Babies & Toddlers Product:Intex Inflatable Baby Float With Sunshade Canopy Swimming Pool Inflatable Toys For Babies & ToddlersDimensions:20 cm X 19 cm X 7 cm Features:Introduce Babies to Water Fun and Play with This Intex Inflatable Baby Float. Soft Seat with Smooth Leg Holes for Freedom to Kick In Water.Care Instruction:Do not bleach or soak.Do not wash them with the filler.
Clothing & Accessories,1,Biba Girls's Straight Cotton Calf-Long Salwar Suit Set
Books,0,CRIME AND PUNISHMENT
Books,0,Undercoating Gun
Electronics,2,"Technotech PCI Sound Card 4 Channel Support Windows XP Only • Type of Sound Card: Stand-Alone Audio Card  • Internal/External: Internal  • Port Connectors: Line In, Mic In, Front Speaker, Rear Speaker  • Slot Type: PCI  • Compliance with APM 1.2, ACPI 1.1, and PPMI 1.1  • High-performance single-chip PCI audio acceleration  • Compliant with PCI 2.1/2.2 PCI specification  • OS Supported : XP"
Household,3,"Adorn India Aspen Three Seater Sofa Cum Bed (Brown and Beige) The new modern design sofa with a multicolor combination. This sofa will make your home look beautiful. The new tufted design sofa bed comes with multicolor cushion and bedding that is smooth and comfy. Easy click clack spring India mechanism unfolds the sofa into a bed in an instant with ease. This sofa is distinctively designed and manufactured using good quality raw material such as solid wood, high density foam and fiber, velvet and chrome legs and experienced manpower."
Clothing & Accessories,1,Mahi Fashion Printed Baby Pajama for girls and boys suitable for winter and summer Combo of 6 (Design May Vary) Mahi Fashion Printed Hosiery Baby Pajama Combo of 6
Electronics,2,"Zebronics Motherboard ZEB-G41 Socket 775. LGA775, DDR3 RAM SLOT/ 4 USB Ports/3 SATA Ports 1 IDE Port G41 Chipset 1 year warranty onboard VGA / sound / Ethernet PS2 Port LPT Port"
Household,3,"BHAKTEE Stainless Steel Square Bathroom Stool (12 Inch, Metallic) Size:30 cm x 25 cm x 25 cm   This bathroom square stool from the house of BHAKTEE comes in metallic colour. It is made of good quality rust-free stainless steel and has robust construction. comes with sturdy bush."
Household,3,"Gadget-Wagon Iron Multipurpose Foldable Table for Laptop Drawing, Study, Homework, Painting, Crafts, Reading, 50x35cm (Red) Made of pp and frame made of iron tube. Epoxy coating on tubes.foldable legs. Compact , light weight and easy to carry and store.use it for laptop , books , reading , painting, drawing , home work and other purposes"
Electronics,2,"AmazonBasics 8-Sheet Strip Cut Paper with CD and Credit Card Shredder Strip-cut paper shredder with 8-sheet capacity (no need to remove staples), destroys credit cards, cds, and dvds (one at a time)."
Books,0,"Clinical Medicine (A Textbook of Clinical Methods and Laboratory Investigations) (A Textbook of Clinical Methods & Laboratory investigations) About the Author KV Krishna Das BSc FRCP(E) FAMS DTM and H(Edin) Consultant Physician and Haematologist, Retired Director and Professor of Medicine, Medical College, Trivandrum, Kerala, India"
Household,3,"Novicz ARN-Swing-Chair-FRR-Round-XL-White Cotton Swinging Chair (White) Size:XL-Adults                                                                                 |                            Color:White   Novicz strong and durable home hanging swing chair. A relaxing hanging chair for your garden, balcony etc. A ""S"" clamp will be provided with the package for hanging on ceiling or tree trunk."
Books,0,"Paradise Lost About the Author John Milton (1608-74) is best known for his epic masterpiece Paradise Lost and for his commitment to the republican cause. He wrote the crucial justifications for the trial and execution of King Charles I and was Secretary for Foreign Tongues, thus becoming the voice of the revolution. His influence on English literature can only be rivalled by Shakespeare."
Books,0,"Food and Beverage Services: A Training Manual , 3e About the Author Sudhir Andrews, Dean - Ecole Hoteliere Lavasa."
Household,3,Quechua Arpenaz 50 Hammock
Electronics,2,"HP x765w 16GB USB 3.0 Pen Drive Our vision is to create technology that makes life better for everyone, everywhere - every person, every organization, and every community around the globe. This motivates us - inspires us - to do what we do. To make what we make. To invent, and to reinvent."
Books,0,"Analysis of Balance Sheet Analysis of Balance Sheet By N.S. Toor ,10th Edition,2016"
Books,0,"Eat That Frog!: 21 Great Ways to Stop Procrastinating and Get More Done in Less Time About the Author Brian Tracy is chairman and CEO of Brian Tracy International. As a keynote speaker and seminar leader, he addresses more than 250,000 people each year. He is the bestselling author of more than eighty books that have been translated into dozens of languages. He has served as a consultant and trainer to more than 1,000 corporations and more than 10,000 medium-sized enterprises in more than seventy-five countries."
Electronics,2,"JioFi 4G Hotspot JMR815 150 Mbps Jio 4G Portable WiFi Data Device (Black) Style name:JMR815   The new JioFi is here to ensure you enjoy high speed internet powered by the Jio 4G Network. So go ahead and connect your smartphone to the JioFi device and groove to your favorite music, or stream a movie on the go. There is never a dull moment with the JioFi JMR815 wireless data card, all thanks to its blazing fast connectivity over a wide range of devices."
Household,3,NAOE Steel Plate Rack with Three Partitions (13 X 6 X 6 in)(White) Elegant Looking Space Saver Plate Rack With Three Slots To Keep All Sizes Of Plates.This Product Neatly Organised Your Cabinet.Ease Od Handling Of Plates
Clothing & Accessories,1,GOODTRY Women's Cotton Hoodies-Black
Books,0,Biology for Class 10 (2019 Exam) 
Electronics,2,Casio NJ-120D-RD Portable Calculator (Maroon) * Localized Number Display * 150 steps check * Red colour * Dual Power - Solar/Battery * 12 digits * Made in Philippines
Clothing & Accessories,1,Gini & Jony Boys' Shorts (121246515075 5000_DX WASH(5000)_2)
Electronics,2,"Mobizmo 4 In 1 Otg Card Reader Four Ports: Lightning + Type C + Micro USB + USB Card Reader- Like Iflash, Idisk, Micro USB, SDHC Lightning Flash Drive"
Clothing & Accessories,1,Sorella'z Boys Satin Black & Red Bowtie Combo House of Sorella’z presents affordable fashion accessories combo for Boys. It can be used on different occasion as well as a good option as a gift for friends. Bowtie has a adjustable strap which fits most necks boys from 3 to 10 year old. Best quality Satin material is used to stitch these bowties.
Electronics,2,Cosmic Byte Storm M001 Wireless Gaming Mouse (Black) Range: up to 10m (30 inch) Mouse: 800-1000-1200-1600DPI with Ergonomic design Supported systems: Windows95/98/NT/ME/2000/XP/Vista /Windows 7/8/10 and Mac OSX Backlit DPI indicator specifications maximum Acceleration- 10g Maximum Frame Rate- 2400fps Maximum Tracking Speed- 30 ips Maximum Polling Rate- 125Hz Resolution- 800-1000-1200-1600dpi number of Keys- 8.
Books,0,"JP Nursing Today (A Way to Success) For AIIMS, JIPMER, DSSSB, ESIC, PGI, RPSC, RAILWAY, MNS, RUHS & All Other Staff Nurse Competitive Examinations Memory Based Exam Questions. Golden Key Points. Anatomy & Physiology with Microbiology. Fundamentals of Nursing. Medical Surgical Nursing. Midwifery and Gynecological Nursing. Community Health Nursing. Nutrition & Biochemistry. Pediatric Nursing. Pharmacology. Psychology and Mental Health Nursing. Sociology. Nursing Research. Nursing Education. Nursing Administration with Professional Trends. Model Papers."
Clothing & Accessories,1,"Baby Basic Outfits Thermal Pajami Set, Boys & Girls Basic Colors, Pack of 3 Offering the best of the comfort. These Pajami will be an ideal pick for your little one. Satisfying the basic need on day to day basis by using premium quality fabric, these Pajami will keep your kids at ease the whole day. The soft elasticated waistband ensures comfort fit."
Clothing & Accessories,1,"Hunputa Baby Boy's Hat Winter Winter Warm Hat Beanie Knit Cap and 0 5Years Quantity:1pc Gender:Boy/Girl Material:Knitted Wool Style:Beanie,Ski Material: Knitted Woolen A beautiful and cute accessory for the winter Makes your baby more attractive, charming, fashion and chic Due to the difference between different monitors, the picture may not reflect the actual color of the item We guarantee the style is the same as shown in the pictures Thank you! Package Content: 1X Hat (NO Retail Box Packed Safely in Bubble Bag)"
Electronics,2,"AmazonBasics HDMI Input to DVI Output (Not VGA) Adapter Cable, 3 Feet,Black"
Clothing & Accessories,1,His Honour Bow Tie for Kids_Red Plain Bow Tie desgined specially for Kids; Baby Boy & Baby Girl
Books,0,RAPIDEX HINDI-FRENCH LEARNING COURSE hindi-french learning course
Books,0,Oxford Dictionary of English Review The Oxford Dictionary of English is more than a dictionary. Every school should own one. (El Gazette)
Clothing & Accessories,1,"Pink Wings Girls Party Wear Petti Skirt, Girls Tutu Skirt Soft tulle pettiskirt in pink with a matching satin bow. Each pettiskirt is sewn with layers of tulle to create a gorgeous extra puffy skirt for your little one. Perfect for everyday wear, photo shoots, birthdays and special occasions"
Books,0,"Oxford English-Hindi Dictionary About the Author Dr S. K. Verma is a highly regarded author and expert in the area of linguistics. He has been Professor of Linguistics and Contemporary English and Vice-Chancellor of The English and Foreign Languages University (EFLU), Hyderabad.Dr R. N. Sahai is an expert in linguistics and lexicography. He has been Professor at the Central Institute of Hindi, Agra."
Clothing & Accessories,1,Si Noir Boy's Cotton Blazer Style Shirt and Pant Set Navy Stylish is what your little one will look wearing this set
Clothing & Accessories,1,Creature Men's Cotton Basic Calf Length Formal Socks Combo of 3(SCS-12.1) These socks are crafted from 100 percent combed cotton and hence will keep your feet comfy and cozy all through the day. Get the Ankle with these extremely discreet Ankle socks from Creature. The socks not only help you look good but also enhance the life of your shoes while keeping your feet clean and fresh.
Electronics,2,"USB Computer Mouse, Small Multi-Button Optical Laptop Pc Cord Wired Mouse USB No software to install, no feature setup required. interface: usb; cable length: 1.5m."
Household,3,"MG Eva Foam Sheet 10 Different Color A4 Size 2mm Thickness Foam Sheets 10 assorted colours Sheet size A4 Great for all art and craft projects Assorted Colours , Ready to decorate foam sheets, can be easily cut in desired shapes Not for children under 3 years"
Household,3,"Kaushalendra Garden Zula Swing Hammock Accessory Chain Link Saliya Spring Hook Hammock swing accessory steel. Total accessory length 46 inch. pies of 3 link, 1 pies of rotted spring, 2 pies of hook. weight capacity of 120 kg. The accessory locates between the overhead support hammock chair to provide a more comfortable, softer feel to porch swings, free-standing swings, hammocks and hammock chairs accessory are heavy-duty capacity.also in oversize swings and hammocks chair."
Household,3,Mamta Decoration Sheesham Wood Wooden Dining Table with 6 Chairs | Home and Living Room | Mahogany Finish | Brown
Household,3,"Adorn India Easy Three Seater Sofa Cum Bed Poly Cotton (Brown & Beige) 5'X6' Size:Three_Seat                                                                                 |                            Color:Brown & Beige   This is a new multicolor decent looking sofa with space saving concept. This sofa unfolds with unusual ease and turns into a comfy occasional bed with multicolor cushion. This sofa is distinctively designed and manufactured using good quality products such as high density foam and fiber, poly cotton and experienced manpower."
Books,0,"The Art of War Written around the 6th century BC, The Art of War is one of the oldest books about war and military strategy and probably the best."
Clothing & Accessories,1,ABITO Boys Hooded Sweatshirt in Cotton Smart and useful hooded sweatshirt in cotton (medium thick) fabric with a plastic safe zip extremely useful for pre winters and winters and round the year for protection against wind
Books,0,"Go Like Hell: Ford, Ferrari, and Their Battle for Speed and Glory at Le Mans About the Author A. J. BAIME is an executive editor at Playboy, where he oversees the automotive and various feature sections. He has written for numerous publications, such as the New York Times Magazine, Spin, Popular Science, Maxim, and the Village Voice. Film rights to Go Like Hell were recently optioned by 20th Century Fox in a major deal."
Household,3,"Eva-Dry E-333 Dehumidifier Spill and mess free and is non-toxic, child and pet safe;The unit lasts 20-30 days before renewing;Works in areas up to 333 cubic feet, requires no batteries or cords for use;Works up to ten years;100% renewable"
Household,3,Nilkamal Gem Mirror Cabinet (Black) Size:Standard                                                                                 |                            Color:Black   Assembly required: product requires assemblyes with assembly instructions warranty: 6 months spare part replacement warranty provides versatile storage solution for small miscellaneous items
Clothing & Accessories,1,Cherokee by Unlimited Girls' Regular Fit Skirt Cherokee apparel junior skirt. It is made of 100% cotton mesh fabric with solid pattern.
Electronics,2,"Terabyte CAT 6E RJ45 Network Ethernet Patch Cable, 30 Feet (White) Category 6E (CAT6E) high speed cables are a notch above Cat 5 enhanced cables. So, if you want a superior and faster network, then Cat6 is the way to go. With the age of the Gigabit Networks in full throttle, Cat 6E network cables are sure to give you the upper hand in lasting longer. At the same time, it remains fully compatible with your older CAT 5e patch cable or your existing 10/100 fast Ethernet network. This cable consists of four unshielded twisted pairs. 24 AWG stranded conductors."
Books,0,RRB (Railway Recruitment Board) 2019 - Junior Engineer CBT -I & II - Electrical Engineering 
Clothing & Accessories,1,"ZIMFIT Cotton Women's or Girls Winter wear Full Sleeves Thermal,Warmer Top in Dark Grey Colour (Pack of 1) Made from cotton rich fabric. It will keep you warm and cosy all day long. This Thermal will make your body in a perfect fit shape and shields you from the chilly weather. Feel at ease with this branded and comfortable Thermal for men from Zimfit. fine knitting to provide best fit to your body , the comfort it provides has no match."
Books,0,Life and Death in One Breath 
Books,0,India's Ancient Past... R. S. Sharma Product Condition: No Defects.
Books,0,Express Learning Cryptography And Network Security 
Books,0,Lost world of Hindustani music 
Books,0,"Baby Touch: Playbook About the Author Lemon Ribbon Studio are a British design studio specialising in graphics for baby to teen, boys and girls."
Household,3,Passion String Bean Bag Cover Without Beans (XXL-Brown) Pack Contents - 1 Bean Bag Cover Without Beans Beans Requirement: XXL - 1.5 Kg
Electronics,2,Silicon Power DDR4 2400MHz PC4-19200 Desktop Memory Module CL17 288 Pins(8GB) Highly compatible with different models of computers and motherboards using AMD and Intel platforms
Clothing & Accessories,1,T2F Boy's' Cotton Hosiery Army Printed Track Pants - Pack of 5
Clothing & Accessories,1,"Mayra Women's Rayon Shirt Look timelessly stylish at a casual occasion wearing this shirt for women from Mayra. Tailored from quality fabric, this shirt ensures excellent comfort, all day long. This button down shirt can be teamed with a pair of skinny jeans and low ankle-length boots to flaunt an ever-trendy look."
Electronics,2,"TP-Link TL-UH700 7-Port USB Hub (Black) Style name:UH700   UH700 can deliver up to 5V/1.5A output that charges 50 percent faster and saves up to 30 percent on charging time. Fully charging a Galaxy S6 edge takes just 100 minutes with the UH700 USB Hub, whereas it takes 150 minutes with a USB Hub supporting 5V/1A output."
Books,0,Target MDS AIIMS 2ed Vol 1 & 2 (2014) a complete review of aiims postgraduate dental enterance examination
Household,3,"Pigeon Consta Cool 12627 15-Litre Air Cooler (Multicolor) Pigeon constant cool is a durable, compact ,portable and personal cooler that can be placed in offices as well in bedrooms for effective cooling, it is constructed from corrosion-free, engineered ABS material that makes it a long lasting performer, it comes with castor wheels for mobility and works on powerful motor that generates less noise, this cooler from pigeon has 15 liters of water tank capacity . Pigeon constacool is rechargeable and can be used upto 7 hrs without power."
Books,0,Rejuvenate Yourself: Nature - Vol. 1: Volume 1 
Electronics,2,"Apple 5W USB Power Adapter (for iPhone) Featuring a new, ultracompact design, this power adapter offers fast, efficient charging at home, in the office, or on the go. It works with any iPhone and all iPod models with a dock or Lightning connector."
Books,0,My Complete Kit of Nursery Books - A Set of 9 Books 
Clothing & Accessories,1,"RC. ROYAL CLASS Boys and Girls Calf Length White Bottle Green DPS School Cotton Socks (pack of 3 pairs for all age groups) White with bottle green stripes socks for boys & girls for all age groups made from super soft combed cotton yarn and spandex for elasticity, easy to wash and odour free socks. Do not Iron or Bleach. Hand wash only."
Electronics,2,Usborne Phonics Readers 
Electronics,2,"Lenovo Tab4 8 Plus Tablet (8 inch, 16GB, Wi-Fi + 3G LTE, Voice Calling), Black Size name:16GB   Lenovo Tab4 8 Plus Tablet (8 inch, 16GB, Wi-Fi + 3G LTE, Voice Calling), Black"
Household,3,Cello Comfort Sit Set of 4 Chairs (Beige) Color:Beige   This sit back chair offers maximum ease and comfort to anyone who sits in the chair. It offers a luxuriant seating space and also makes the seating experience an easy one thanks to its easy backrest. It also comes with arm rests wherein you can ease your arms while being seated. Sink in this chair and read your favorited book or watch your favorited show on TV.
Electronics,2,Crucial 8GB Single DDR4 2400 MT/s (PC4-19200) SR x8 SODIMM 260-Pin for Mac - CT8G4S24AM Style name:8GB Single Rank   16GB DDR4 2400 MT/s (PC4-19200) CL17 DR x8 Unbuffered SODIMM 260pin for Mac
Clothing & Accessories,1,"First Touch baby kids Pajama,track pant,lower, leggings with ribs (Pack of 6) (Multi Colour) Save Girl Child Comfortable and breathable track pant with casual fit for your little one, Rib finishing at bottom hem and Soft elasticated waistband. This product is made from cotton and finished in a attractive set of colors. Furthermore, it is recommended to be kept away from extreme heat, fire and corrosive liquids to avoid any form of damage"
Clothing & Accessories,1,HB Plain Flower
Electronics,2,Quantum MST-1011-4 USB Vibration Game Pad Remote Joystick (Black) Quantum QHMPL QHM7468 USB vibration game pad remote joystick. It comes in black colour. Quantum qhmpl qhm7468 USB vibration game pad remote joystick. It comes in black colour. Dimensions: 17 x 15 x 5 cm.
Books,0,Women & the Weight Loss Tamasha 
Household,3,Allin Exporters PH906 Cool Mist Dolphin Humidifier Adults and Baby Bedroom 2 L Portable Room Humidifier
Household,3,"Asian Hobby Crafts Flower Making Floral Tape, Green (12mm, 6 Pieces) Asian Hobby Crafts floral tape is an ultimate accessory for completing your floral arrangement. This paper made tape gives an elegant and beautiful texture to your bouquet of flowers. The paper base is impregnated with a special type of wax which provides a strong hold to any surface it is wrapped around. It can also be used for various types of decorations. Fine texture and smooth finish makes it the perfect utility to provide a natural finish to your floral arrangement."
Clothing & Accessories,1,faas Fedora Hat Beige for Boys & Girls Age 4 to 5 yrs.FH09 Faas presents the beautiful and stylish Hat gift for boys and girls for all occasion.Suitable age for this set is 3 to 7 years boys and girls.Enjoy your vacation and wedding parties with this Hat.
Electronics,2,"Redmi Y2 (Dark Grey, 4GB RAM, 64GB Storage)"
Electronics,2,"Lenovo Tab M10 Tablet (10.1 inch, 32GB, Wi-Fi + 4G LTE), Slate Black The Lenovo Tab M10 is one impressive family multimedia entertainment tablet. An vibrant FHD screen and dual front speakers deliver immersive entertainment and it’s all packed into an extremely thin and light elegant profile. Powered by Qualcomm Snapdragon 450 Octa-core Processor and the latest Android Oreo (8.1) OS —this tablet is powerful to deliver some serious performance."
Clothing & Accessories,1,Cherokee by Unlimited Boys' Checkered Regular Fit Shirt Cherokee kids orange shirt made of 100% cotton poplin fabric having full sleeves.
Books,0,Reasoning & Aptitude for GATE & ESE (Prelims) 2019 - Theory and Previous Year Solved Questions 
Electronics,2,Sandisk 32GB Class 10 Ultra MicroSD UHS-U1A1 Card with Adapter (SDSQUAR-032G-GO61A)
Electronics,2,"HP 15 Core i3 7th gen 15.6-inch Laptop (4GB/1TB HDD/Windows 10 Home/Natural Silver/2.04 kg), 15-DA0326TU Size name:Win10/4GB/1TB   Designed for long-lasting performance, this stylishly designed HP 15-inch laptop has a long-lasting battery that keeps you connected, entertained, and productive all day. Speed through tasks, or sit back and socialize - with the latest processors and a rich HD 1 or FHD 2 display. Do it all, all day [1] High-defintion (HD) content required to view HD images. [2] Full high-defintion (FHD) content required to view FHD images."
Household,3,"Aashi Enterprise Cane Basket roti Serving Gift Multipurpose Flower Fruit Vegetable (38 cm x 38 cm x 41 cm, Brown) This handcrafted basket from the house of Aashi Enterprise is best for seasonal decorations and to make home look more attractive and give a ancient look. These handcrafted products are made of cane and it comes in brown color weighing 0.5 kg and with this dimension 38 cm x 38 cm x 41 cm ."
Books,0,Quantitative Aptitude for CAT by Pearson(with 3 Free AIMCATs) About the Author Trishna Knowledge Systems is the national leader in entrance examinations training. It is also one of the biggest and most successful classroom-based entrance exam training group in India.
Electronics,2,"HP 803 Black Original Ink Cartridge Colour:Black   HP 803 Ink Cartridge, black- Print high-quality documents with Original HP ink cartridges—designed with fraud protection and smart low-ink alerts to deliver worry-free performance and consistent results you can count on."
Household,3,White Nylon #60 Beading Cord - 300 Feet Cord Basics Nylon Beading Cord 60lb 300'-White
Books,0,"The Inner Life of Animals: Love, Grief, and Compassion? Surprising Observations of a Hidden World About the Author Peter Wohlleben spent over twenty years working for the forestry commission in Germany. He gave up his job because he wanted to put his ideas of ecology into practice and now runs an environmentally friendly woodland in Germany, where he is working for the return of primeval forests. He is the author of numerous books about trees."
Household,3,SPORTO FITNESS™ 7 in 1 Bench with Removable Preacher curl MODEL:1231… FASTERO A combination of all gym equipments for the perfect workout It is highly durable and long lasting A perfect muscle builder
Clothing & Accessories,1,"Superman Kids Boys Full Sleeve White Color T-Shirt Superman Kids Boys Full Sleeve White Color T-shirt,Made of Cotton ,Causal wear/Fusion Wear ,Hip Length T-shirt"
Clothing & Accessories,1,"Kesari Men's Leather Belt Kesari brought up this black brown coloured single pack belt that will add a touch of understated style to your overall office appearance. Made of rich faux leather ,this belt for men is best worn with casual or semi casual. This belt will not only keep your trousers and jeans in place but will also make you look stylish. Free size: punches hole at 30 32 34 36 38 40 42 44 sizes."
Household,3,Santosha Decor Indian Sheesham Wood Walnut Brown Finishing Set of 3 Nesting Table
Household,3,RRG Ottoman Pouffe Stool Footstool for Living Room Drawing Room Balcony Bedroom Home Office(70 cm X 70 cm X 25cm)
Books,0,"Hidden Truths: Magic, Alchemy and the Occult (Religion, history & culture: selections from the Encyclopedia of Religion) Ships from USA. Will take 25-35 days"
Books,0,"Attitude Is Everything: Change Your Attitude ... Change Your Life! About the Author Jeff Keller is the founder and president of Attitude Is Everything, Inc. For more than 20 years, he delivered presentations on attitude and motivation. He is the author of the book Here's to Your Success, which contains 62 of his most popular essays. Jeff is a native New Yorker and has the accent to prove it. To contact him, send an email to jeff@attitudeiseverything.com."
Clothing & Accessories,1,"TYPIFY® Leatherette PU Handbag with Sling Belt for Women and Girls College Office Bag, Stylish latest Designer Spacious Shoulder Tote Bag Purse. Gift for Her"
Electronics,2,"DELL Laptop Battery For Inspiron 14 5000 Series 5451 5452 5458 5459 Inspiron 15 5000 Series 5552 5559 Inspiron 17 5000 Series 5759 Always on the go no more worries about running out of battery power you can power your laptop with this 4-cell lithium-ion battery from Delltm. With a capacity of up to 40 WHhr, the battery lets your laptop work seamlessly when you are on the move. Dell's one year warranty guarrantees that if Dell parts should fail, Dell will replace them."
Books,0,"Errorless Physics (Universal Self Scorer) for Neet, Jee Main, Jee Advanced (Set of 2 Volume) 2019 Edition by Universal Book "
Books,0,"Organic Shastra Groundnut Oil This mild tasting oil, derived from peanuts, has been in the Indian Kitchens for generations. It is less refined as compared to some other oils which is why it retains the taste of groundnut as well as high protien content. With a high smoking point, it is one of the best oils for fyring dishes. Not just Indian cuisine, groundnut oil is very popular in Chinese cuisine as well."
Electronics,2,"ASUS VivoStick PC TS10 ( Intel Atom x5-Z8350 Processor / 2 GB LPDDR3 at 1600MHz / 32GB eMMC / Windows 10 Home) ASUS VivoStick is a pocket-sized Windows PC that gives you desktop-like computing whenever you need it. It is powered by an Intel® Atom™ processor to turn any HDMI TV, display, or projector into a fully-functional PC for work or play. VivoStick opens up a world of computing possibilities for your home, office, or anywhere else you need it."
Clothing & Accessories,1,"BODYCARE Cartoon Printed Girls Bloomer Pack of 6 from Bodycare Brings a new collection of Girls Bloomer Pack of 6, 100% cotton fabric with attractive design and stylish trendy look."
Books,0,"IIMA - Day to Day Economics About the Author Satish Y. Deodhar teaches economics at the IIMA. He has not only worked on imperfectly competitive market structures, agricultural trade, WTO, and food quality issues, but also conducted consulting projects for Indian Bank; Ministry of Food Processing Industry, Government of India; and the Economic Research Service of the United States Department of Agriculture. Currently, he chairs the one-year Post Graduate Programme in Management for Executives (PGPX)."
Clothing & Accessories,1,ISAKAA 6 Baby Cotton Pajamas and Pants Refresh your babies clothing with the awesome collection of Colorful Pajamas from ISAKAA. These Pajamas are made of cotton and suitable for both boy and girl babies. The feel of the fabric keeps your baby comfortable in all the seasons. This product is made from cotton and finished in an attractive set of colors. It features a Capri Round Bottom. Normal hand wash or machine wash for best results.
Books,0,"Majestic Animals: Colouring Books for Adults with Tear Out Sheets (Adult Colouring Book) About the Author Wonder House has a dedicated team of editors and designers involved in the development of magnificent and enriching children books. The team pays special attention to develop age appropriate content and does extensive research on every topic included in the book. Our mission is to develop highly informative content which will help the children to master different skills. At Wonder House, we strive to make learning a joy."
Household,3,"UrbanWood Sheesham Wood Dining Chairs Wooden | for Home Dining Room | Teak Finish | Set of 2 Color:Design 1   This furniture piece is beautifully designed, durable and sturdy. Considering that it is compact in size and lightweight, it ensures easy portability and facilitates easy storage, without taking up much space.Assembly : We encourage self assembly of products to help customers better & completely understand thed product they buy. We encourage self assembly of products to help customers better & completely understand the product they buy."
Household,3,"3M Adjustable Foot Rest, 18 inches (Grey) It helps reduce strain and fatigue on legs, back, and neck. The FR330 Adjustable Foot Rest offers easy foot-controlled platform tilt adjustment and sturdy stell construction. The contoured, 18"" wide non-skid plastic platform keeps your feet in place and it has soft bumps to help soothe your feet."
Clothing & Accessories,1,Sky Heights Girls’ Jacket Middi (Party Wear Dress for Kids)
Electronics,2,"Circle 120 mm 15 LED Silent Cabinet Cooling Fan (Black) Colour:Black   Input (watt) : 3.36a, 10 percentw r.P.M : 1650a, 10 percentrpm air flow : 59.6cfm air pressure : 2.67mm h2o noise : 25.7 dba weight : 132g fan life expectancy : 50,000 hours bearing type : Hydraulic long-life sleeve screws: 4 connector : 4-pin and 3-pin led number : 15 led dimension : 120x120x25mm now give your computer a trendy makeover with high performing led fan and keep the 'cool' quotient high."
Books,0,"The Bridegroom: Stories About the Author Ha Jin left his native China in 1985 to attend Brandeis University. He is the author of eight novels, four story collections, a book of essays, and six books of poetry. He received the National Book Award, two PEN/Faulkner Awards, the PEN/ Hemingway Award, the Asian American Literary Award, and the Flannery O'Connor Award, among others. His novel War Trash was a finalist for the Pulitzer Prize. In 2014 he was elected to the American Academy of Arts and Letters. He is director of the creative writing program at Boston University."
Clothing & Accessories,1,Creature Men's Cotton Calf Length Formal Socks Combo of 3(SCS-901) These socks are crafted from 100 percent combed cotton and hence will keep your feet comfy and cozy all through the day. Get the Ankle with these extremely discreet Ankle socks from Creature. The socks not only help you look good but also enhance the life of your shoes while keeping your feet clean and fresh.
Books,0,My Complete Kit of Pre-Nursery Books - A Set of 8 Books 
Books,0,The Motorbike Book (Dk Sports & Activities) 
Books,0,Physical Geography Physical Geography
Books,0,Treasure Island (Classics Retold) 
Electronics,2,"Bambalio BCC-2700 Paper/CD/Credit Card Cross Cut Shredder with 10 Sheet Capacity and 12 L Bin Features: Auto start/stop for convenient one hand operation shreds CD, DVD, credit card and staples sleek design special pull out basket built in handle for easy emptying of basket low noise high energy saving overload indicator specifications: Cut style - crosscut capacity - 10 sheets basket capacity - 12 litres shred size - 5 x 36 mm auto start/stop. After 3 minutes of usage it needs a rest time of 60 minutes."
Clothing & Accessories,1,Orange and Orchid Baby Girl's A-Line Knee-Long Dress (Pack of 2)
Electronics,2,"eErlik 3.5"" USB External Floppy Disk Drive Portable 1.44 MB FDD USB Drive Plug and Play for PC Windows 10/7/8, XP, Vista, Mac (Black) Super slim and lightweight, easy to carry, for desktops and laptops. Plug and play with windows me/2000/xp/vista/win 7."
Household,3,Forzza Prat Book Shelf (Dark Oak and White) The Prat book shelf is elegant and classic in form. The shelves designed in a fun asymmetrical manner makes your display interesting. Made in engineered wood with metal legs and is sturdy and well finished. A great value product for you to take home.
Electronics,2,"V-Guard Slender Plus 600 UPS (Black) Colour:Black   V-Guard Slender Plus 600 offers efficient back up to your desktop computer/router. Designed to be a full-equipped UPS system, Slender Plus 600 offers voltage regulation, surge suppression and the required power back-up support for personal computers. It also has an internal UPS circuit built to it to support entry level PCs with amazing effectiveness. Moreover, it continuously regulates brownouts and over voltages to usable levels, even while maintaining the battery charge intact."
Clothing & Accessories,1,Infant Romper Baby boy Romper Baby Girl Romper one Piece Night Dress New brom Full Romper Baby one piece romper to cover full body from head to toe .Made from generic fur fabric and soft in touch.available in three colors .Hodded cap will give extra safety to baby ears while sleeping.
Clothing & Accessories,1,e fashion world Thermal Wear Pajama Set of 3 Boys Girls Kids Baby Winter Wear (Wholesale Price in Retail) Brown Thermal wear Pajama set 3 multicolor smooth fabric and comfortable for Kids baby
Books,0,RRB (Railway Recruitment Board) 2019 - Junior Engineer CBT -I & II - Electronics Engineering 
Books,0,"The Secret About the Author Rhonda Byrne is the creator behind The Secret, a documentary film that swept the world in 2006, changing millions of lives and igniting a global movement. Later that same year, Rhonda’s book of The Secret was released. It has been translated into more than fifty languages and remains one of the longest-running bestsellers of this century. Rhonda has written three more bestselling books: The Power in 2010, The Magic in 2012 and Hero in 2013."
Clothing & Accessories,1,"Zoylink Balaclava Mask Windproof Multi-purpose Ski Cycling Mask for Children Color: Black, dark grey, navy blueMaterial: VelvetSize: Free sizePackage Includes: 1 x Balaclava maskNote:- Please refer to the measurement. Tiny measuring error is allowable in normal range.- There might be a little color difference due to the monitor, camera or other factors, please refer to the physical item.Package Including1 x Balaclava mask"
Books,0,"Travel Between the Lines Adult Coloring Book: Inspirational Coloring for Globetrotters and Daydreamers About the Author Geoff and Katie Matthews quit their corporate jobs in 2013 to become permanent world travelers, and have visited more than 50 countries as expatriates and visitors. Today, they create travel coloring books for grown-ups who love to explore, creating unique, beautiful and detailed illustrations based on their real-life travel photographs."
Clothing & Accessories,1,"1stbabystore Products Presents New Born Infant Baby Kids Inner Wear brief Unisex Printed Cotton Baby panty 100% Cotton Housiry With Cartoon Print Brief Cotton Vest Top Underpants Cool Soft & Cozy infant Baby Girl's & Boy's Panties,bloomer,boxers,innerwear,Drawer,nikker,underwear Pack of 6 pcs 1stbabystore baby boy girl infant drawer panty brief boxer bloomer"
Household,3,"Kuber Industries Cotton Dressing Mirror Cover - Beige As per astrology mirror should not be in the room. To cover the dressing mirror we have launched this attractive cover as per the customer demand..It's not only give look to your dressing, it helps to give lavish look to your room. Dimension-61*26 cm.Made in cloth material with designer net, easily washable, .Brand: ""kuber industries"" - latest,trendy,designer and stylish with choice of colours."
Electronics,2,Logitech F310 Gamepad - AP (PC USB Cable Connection) Play console ports with their native-style controller or adopt a more relaxed position while enjoying PC games. F310 is easy to set up and use with your favorite games thanks to XInput/DirectInput *—the two most common input standards.
Books,0,Fujifilm Instax Square Instant Film Fujifilm Instax Square Instant Film
Clothing & Accessories,1,"Me Stores Men's Solid Socks Loafer Socks No Show Socks (Pack Of 6 Pair) Material: cotton, spandex 80% cotton 20% spandex men socks loafer socks anti ankle skit silicon support soft fabric finish"
Books,0,"The Oxford Companion to Politics in India: Student Edition About the Author Niraja Gopal Jayal is Professor, Centre for the Study of Law and Governance,Jawaharlal Nehru University, New Delhi. Pratap Bhanu Mehta is President and Chief Executive, Centre for Policy Research, New Delhi."
Clothing & Accessories,1,"Noise Boy's Acrylic Beanie - Black and Grey_XL Winter season is here and so is the beanie loving season! Get your hands on the knitted winter beanie cap, made from highest quality soft wool, these winter caps are perfect for both men and women. Complete your any look with these. Pull them straight to give it a simple or just slouch it to get the hipster look. Wear them by your side or rather on top, you will feel cozy and stylish without missing a beat."
Clothing & Accessories,1,"Minor Mappillai Boys' Silk Clothing Set Minor Mappillai presents boys' silk clothing set which includes 1 silk shirt, 1 silk dhoti and 1 silk towel. This silk violet colour shirt is half sleeve and regular fit."
Books,0,"IGNOU MA English Solved Assignments-MEG1, MEG2, MEG3, MEG4 (2018-2019)"
Books,0,"Microsoft Office Home & Student 2016 For 1 Windows PC laptop- Lifetime license (Activation Key Card) Style Name:For PC (Voucher)   Get more done, from home or school office 2016 is designed to help you create and organize faster with time-saving features, a new modern look and built-in collaboration tools. Plus, you can save your documents in the cloud on OneDrive and access them from anywhere."
Clothing & Accessories,1,"Oleva Denim Look Jegging Give Jeans A Miss By Getting Jeggings Which Are Made From Spandex Fabric And Have A Great Finish, Will Fit Perfectly Around Your Well-Toned Legs And Lend You Immeasurable Comfort. Team Up With A Bright Top To Get The Perfect Cool & Trendy Look."
Clothing & Accessories,1,Espresso Women's Viscose Front Open Full Sleeve Shrug Turn up the style quotient in the office with this beautiful light weight cardigan from Espresso. What makes this piece so special The finest 100% Viscose used in creating this masterpiece that is warm and cool at the same time. Easy to combine with shirts and T-shirts / Tanks and some boots. This Super Soft and Comfy marvel will add oodles of charm to your personality.
Clothing & Accessories,1,"Neska Moda Premium Cotton Ankle Length Multicolor Kids 3 Pair Socks Introducing Premium Quality Kids Cotton Frill Socks From The House Of Neska Moda. Cute Kids Will Fall In Love With The Soft Texture Of The Fabric. These Socks Are Lightweight, Soft And Very Comfortable For Kids. Perfect For Cuddling Up Or Running Around."
Electronics,2,"Ubiquiti Networks LiteBeam M5 LBE-M5-23 Antenna The LBE-M5-23 is the latest evolution of a lightweight and compact, outdoor wireless broadband CPE (Customer Premises Equipment) from Ubiquiti Networks. The LBE-M5-23 was designed to be an affordable cost/performance solution for long-distance, wireless broadband bridging. It operates in the worldwide, license-free 5 GHz frequency range and features high performance of up to 100 plus Mbps in real outdoor throughput and an incredible range of up to 30 plus km."
Clothing & Accessories,1,Mothercare Boys' Striped Regular Fit Vest Great for summer this handy pack includes two vests both made from the softest cotton and sleeveless to keep those little arms nice and cool on the warmer days this season. With one multi coloured striped vest and one plain red with a cool surfboard print. Great for mixing and matching with your little one's favouritee pair of summer shorts.
Household,3,"Dell Original 65 WHR 6 Cell Battery for Precision Mobile M4600 M4700 M6600 M6700 WorkStations Always on the go- No more worries about running out of battery power! You can power your Laptop with this 6-Cell Lithium-Ion Primary Battery from DellTM. With a capacity of up to 65 WHr, the battery lets you work seamlessly when you are on the move for business trips or vacations. This battery provides uninterrupted reliable performance you need to get the most out of your system."
Clothing & Accessories,1,Kids Basket Boys 100% Pure Cotton Kids Color Vest Innerwear ( Pack Of 5) - Regular Use Kids Basket Brings You The Best Quality Cotton Inner wear vest For Boys. These are made from fine cotton fabric that provides comfort and smooth fit to your baby Boys And Girls. The fabric is extremely breathable & fit comfortably. Trendy Inner wear brought to you from the fashion brand Of Kids Basket. This inner combo entices in soft Cotton fabrics to perfectly show off the silhouette and make it the perfect addition for your Kids Nightwear and wardrobe. Live up your fantasies and Shop with Confidence !
Books,0,365 Tales of Indian Mythology
Clothing & Accessories,1,BODYCARE White Boys Vest Pack of 6
Clothing & Accessories,1,"EIO Unisex Cotton SCHOOL Socks - Boys and Girls- Calf length- Pack of 5 (Black) - Extra soft and Breathable Crafted from best quality Yarn, these 5 pairs of Kids School Combed Cotton Socks from the house of Eio are a must-buy! These socks are made of stretch cotton, which will keep you at ease all day long. These socks can be paired with casual as well as formal shoes.Every pair made with care.Finest cotton along with the perfect workmanship .Eio is the standard of ultimate style and comfort."
Electronics,2,"Frontech 4.7 GB 5001 FD Blank DVD-R - 50 Pcs This DVD offers wide compatibility, stable writing and temperature adaptability. Optical media 4.7 GB and 120 Min 50 pkt (FT)."
Household,3,"Rica Brazilian Wax with Avocado Butter for Bikini and Face, 28.2oz A high performance wax formulated for though bikini waxing. The formulation allows for a thinner application of wax resulting in a less painful, more comfortable treatment."
Clothing & Accessories,1,Gini & Jony Boys' Shorts
Electronics,2,Cadyce CA-US9 USB to Serial Converter (White) USB to serial (RS-232) converter with supports for Mac OS.
Household,3,Orpat Ventilation Fan 6 Inch 150 Mm sweep . Stylish design . Rust proof full plastic body . Unique blade design for higher air flow and low noise durable motor with inner fuse protection . Easy to install and clean . Inbuilt safetely grill . Super silent and smooth running. Ideal for mounting on glass window
Electronics,2,"LG 19CH300A 18.5-inch All-in-One Desktop (Atom Z8300/2GB/32GB/Windows 10 Home/Integrated Graphics), Black PC-on monitor is a new trend. Concept of simplicity. Full package containing all the core features. Speedy performance. Efficient use of space. Vertical usage. Anti-glare 3H surface treatment. Signal input from D-Sub/HDMI."
Books,0,"Digital Photography for Beginners: Photography Essentials Basics Lessons Course, Master Photography Art and Start Taking Better Pictures "
Electronics,2,"Apple MacBook Air Core i5 8th Gen 13.3 inch Laptop (8GB/256GB SSD/MacOS Mojave/Gold/1.25 kgs), MREF2HN/A Size name:256GB   Available in silver, space gray, and gold, the new thinner and lighter MacBook Air features a stunning Retina display, Touch ID, the latest Apple-designed keyboard, and a Force Touch trackpad—all housed in an iconic wedge design made from 100 percent recycled aluminum.2 And with all-day battery life, MacBook Air is your perfectly portable, do-it-all notebook."
Clothing & Accessories,1,Lula Girl's Spandex Cycling Shorts Lula girl is designed to caress the baby like rose petals. Softest and safest cotton wear made for the comfort of the babies. Produced with finest combed cotton and with materials meeting standards of safety suitable for the delicate skin of the baby. Lula babywear is beautiful and gentle. No hooks or potentially hurting components are ever used. Plaquets and envelope arrangements are provided so that draping the baby or removing the garment is not troublesome.
Books,0,"Freedom Makeup London Professional Eyeshadow, 12 Chasing Rainbows, 12g Style name:12 Chasing Rainbows   Professional 12 palettes. Professional palettes for all. Containing 12 shades of our high definition formula, to create impact and professional quality looks. Available in makeup artist assembled artistic themes and collections."
Household,3,AmazonBasics Fabric Hammock with Stand 0
Electronics,2,"Lenovo Tab4 10 Plus Tablet (10.1 inch, 64GB, Wi-Fi + 4G LTE), Black"
Electronics,2,"Acer Aspire 3 UN.GNVSI.001 15.6-inch Laptop (AMD Dual-Core Processor E2-9000/4GB/1TB/windows 10 Home 64Bit/Integrated Graphics), Obsidian Black Enjoy premium looks without the premium price with the Acer Aspire notebook (model A315-21), which features a beautiful exterior.It features a 15.6-inch high-def display giving you ample space for opening multiple windows and digital entertainment. It's powered by AMD E2 processor. Enjoy smooth multitasking and excellent performance with 4GB installed RAM and 1TB HDD with Integrated graphics"
Household,3,"From Plassey To Partition and After About the Author Sekhar Bandyopadhyay is Director, New Zealand India Research Institute, Victoria University of Wellington, New Zealand."
Household,3,"Karmax Multi-Max Inflatable Single Seater Sofa Cum Bed (Orange) An inflatable multifunctional couch by best way. Unfold it as a double bed or fold it up as a couch. Made from sturdy pre-tested vinyl, this product features a coil construction for additional strength and comfort."
Electronics,2,Novex Faux Leather 15-inch Laptop Bag (Brown)
Books,0,"See It and Say It in Spanish: A Beginner's Guide to Learning Spanish the Word-and-Picture Way About the Author Margarita Madrigal (May 15, 1912 – July 23, 1983) was a Costa Rican American author and language teacher. During her career, she wrote 25 books covering seven languages."
Clothing & Accessories,1,"NammaBaby Baby Pajama Full Length Plain Pajama Allover Print- Set of 6 These full length pajama from NammaBaby are a stylish basic for their new season collection. Crafted from pure soft fabric, they feature a soft waistband and allover print."
Electronics,2,"Samsung DDR3 4GB 1333MHz DDR3-1333, M378B5273DH0-CH9 The Samsung UDIMM with manufacturer reference M378B5273DH0-CH9 is a unbuffered DIMM non-ECC DDR3 1333MHz 240Pin with 4GB capacity (512Mx64). It is organized with 16 FBGA(78ball) 256Mx8 DRAM."
Clothing & Accessories,1,US Polo Assn. Boys' Polo
Clothing & Accessories,1,BLUE DIAMOND Round Wayfarer Unisex Reading Eyeglasses(58484848|Black)
Electronics,2,Lenovo Ideapad G580 20V 3.25A 65W Original Adapter with Free Power Cord Compatible with Lenovo P/N: PA-1650-56LC 36001651 57Y6402 You can charge your LaptopYou can charge your system and work even in case of power cuts with Lenovo 65W Y Series AC Adapter 45K2230 and work even in case of power cuts with Lenovo 65W Y Series AC Adapter 45K2230. This adapter offers nonstop charging of your laptop's battery hence delivering a reliable performance.
Books,0,"Society Tea Leaf Mini Jar, 250g Crushed, twisted and curled each tea leaf is carefully picked to create and amalgamation of exquisite aroma and taste. The CTC process ensures that the Society tea offers the perfect infusion of rich color and strong flavor providing each customer a cuppa to cherish.."
Clothing & Accessories,1,"Kingsway kkmfmmed00015 Balaclava/Full Face Mask for Boys (Black) Kingsway riders face mask which protects your nose and ear from cold, snow, blizzards, etc. It covers your face except your eyes and forehead. It is made up of very soft material andfortable to wear. There is a small cut-out for breathing and ventilation also."
Electronics,2,"Intel BOXNUC7I3BNH NUC Kit Components Style name:Tall (Space for a 2.5"" SATA HDD or SSD)   Boxed Intel NUC Kit, NUC7i3BNH, Single Pack"
Clothing & Accessories,1,"LUXCY Girls' Panties (Multi-Coloured, Pack of 12) This display product from the house of LUXCY is made of cotton and is multi-coloured. It is available in pack of 12."
Books,0,Accountancy for CA - CPT (With Cd) 
Household,3,KENWIN Slim Tower Plastic Fan (Purple) This 8.5 kgs lightweight tower fan without water features a sleek and stylish modular design with high gloss. It has a no rust body and comes with 3 speed - 4 way auto air deflection high air distribution 2250 metre cube/hr. Unit dimensions : 28x23x76 cm.
Clothing & Accessories,1,"SG Club Inner Gloves, Boys (Color May Vary) Made from fine cotton fabric. A multi-purpose glove which can be used while wicket keeping and batting. Wide cotton cuff for the perfect fit. Available in sizes Mens, Youth Boys & S. Boys"
Electronics,2,"Strontium MicroSD Class 10 8GB Memory Card (Black) With mobiles literally becoming our life-saving gadget, whether to click pictures or to play music or to watch videos requires a lot of space. In order to save annoyance of the phone beeping of low storage, Strontium Mobile memory cards are the perfect solution. Strontium Mobile memory cards also offer an impressive storage capacity ranging from 2GB to 256GB as external storage apart from the internal storage available on your phone, which would suffice consumers to store high quality data."
Books,0,Master Resource Book in Physics for AIEEE JEE Main and Advance PB
Household,3,"ULTNICE White Fiberglass Replacement Tiki Torch Wicks for Outdoor Wine Bottles and Oil Lamps 10PCS DescriptionThis item is a set of 10pcs wicks. Fiberglass wicks are superior to cotton wicks. No harm to health. These Wicks can be trimmed and are well woven, excellent oil absorption with perfect burning effect. Can be used for oil lamp wicks, tiki torches, wine bottle lights and make a perfect backyard project.Features - Color: As shown.- Material: Fiberglass.- Total length: About 25cm.- Diameter: About 1.27cm.Package Including10 x fiberglass wick"
Books,0,CCNA Data Center DCICT 640-916 
Electronics,2,"Lenovo All In One Desktop C2000(F0BB00YDIN,CPU J3060/4GB/1TB/19.5""LED/Dos) 4 GB DDR3 1 TB 7200 RPM Wired Kbd + Mouse 720P MIC Yes 6 in 1 DVDRW Integrated NA 19.5"" LED DOS 1 yr on site"
Books,0,IKALL 7. 1 Channel Bluetooth Multimedia Home Theater System This home theater system is from iKall. It comes with 1 year warranty.
Household,3,"SHROFF'S ANCHOR Auto Open 2-Fold Umbrella (White) Colour:White   Light, portable, easy to carry umbrella made with polyester fabric. This is a conventional umbrella which turns really big after opening, stainless steel makes it more durable."
Books,0,"Theory Of Cookery About the Author Krishna Arora has taught at various Hotel Management Institutes across India and has experience of more than 30 years. Settled in Australia, she contributes to the cookery section of numerous publications."
Electronics,2,"Sony DVD-R Media 100 Packs Create and store digital video, audio and multimedia files, Stores up to 4.7GB or more than 2 hours of MPEG2 video, Has 7 times the storage capacity of a CDR, Sony branded 16X DVD-R in a 100 pack Spindle, Accucore Technology."
Household,3,"DeckUp Turrano 3-Door Shoe Rack (Dark Wenge, Matte Finish) Primary material: engineered wood with laminate, Product dimensions: length (47 Inches / 120 CMs), width (16 Inches / 40 CMs), height (19 Inches / 48 CMs), Colour: dark wenge, finish: matte finish, style: contemporary, Assembly required: the product requires basic assembly and comes with diy (Do-It-Yourself) assembly instructions."
Household,3,"Deals India Rabbit with Carrot Stuffed Soft Plush Toy, White (26 cm) Deals India brings to you an adorable Deals India rabbit with carrot stuffed soft plush toy 26 cm. Delight your little ones this year by presenting them with an adorable soft toy. This soft toy into their bedroom will give them endless hours of fun-filled playtime. Crafted with perfection using the finest materials, non-toxic and soft fabric soft and cuddly filling h home washable huggable and loveable for someone special size, 26x10x8 Deals India rabbit with carrot stuffed soft plush toy 26 cm."
Books,0,"My Family and Other Animals: Complete & Unabridged About the Author Gerald Durrell was born in Jamshedpur, India, in 1925. A student of zoology, he founded the Jersey Wildlife Preservation Trust on the Channel Island of Jersey. His other books include A Zoo in My Luggage and The Whispering Land."
Clothing & Accessories,1,Fourgee Women's Slim fit Jeans (blast) FOURGEE as a brand which brings you quality and affordability. We take pride in our commitment to maintain quality standards in each piece that is marketed by us. Every FOURGEE piece embodies the perfect balance between aesthetics and functionality.
Clothing & Accessories,1,"Serein Women's Top (Pink Soft Crepe Georgette top with Flute/Bell Sleeves) Why settle for less when you can have more! This top is made of soft moss crepe and has trendy flute/bell sleeves. The fabric is very soft to touch and fits perfectly. It is perfect for day and night outing and for any occasion. Team it up with accessories for a complete look. Furthermore, it is recommended to be kept away from extreme heat, fire and corrosive liquids to avoid any form of damage."
Books,0,Writing Practice Book Set of 3 (Hindi) by InIkao for Early Learning Set of 3 Books for Hindi Writing Practice in the early learning stage. Covers all Basic characters and startup words in hindi. Bundled with hindi aksharmala.
Electronics,2,RiaTech Gold Plated 2 Male to 1 Female 3.5mm Headphone Earphone Mic Audio Y Splitter Cable for PC Laptop – Black
Household,3,La Z Boy Norman Single Seater Recliner (Beige) Norman single seater recliner by la z boy – uncompromising comfort every day at home with beige colour leatherette upholstery.
Electronics,2,"BEESCLOVER 3 in 1 USB3.0 to SATA IDE Easy Drive Line IDE HDD SSD Adapter Cable 2.5 3.5 Inch Hard Drive Adapter EU Plug Colour:EU plug   Description: Item type:Hard Drive Adapter Interface: USB to SATA Type: Adapter Cable Core type: copper core Data transmission speed: 500 Package Include: 1 * Hard Drive Adapter, 1 x Manual, 1 x box packaging Note: The colors deviation might differ due to different monitor settings."
Household,3,"Pindia Miniature Artificial Small Green Leaf Shrub Grass Persian Leaves Plant Indoor/Outdoor, Home Décor With Square Pot (size 8.5inchs/ 22 cms) The ""Pindia"" Decor your home with artificial Green Plant attached to a wonderful pot, a name known for making good-quality and stylish products. The Leaves are printed with perfection that guarantees its shine and beauty. Made from best quality material and fabrics to your surroundings to bring change and dynamism to the environment. So, get these beautiful Green plants and give your home or office a welcoming ambience."
Books,0,"The Brahmin About the Author Ravi Shankar Etteth is the author of four novels: The Tiger by the River (2002), The Village of the Widows  (2003), The Gold of Their Regrets  (2009) and The Book of Shiva  (2016). He has been a graphic designer, political cartoonist and editor of magazines and newspapers. He currently lives in Delhi and works as a consulting editor with The New Indian Express Group."
Books,0,"Complete Review of Medicine for NBE •All concepts of ECG, from basics to advanced have been covered •All 2017 updates for the management of various diseases have been extensively covered •EEG concepts have been simplified for conceptual understanding •All recent protocols have been covered at relevant places •Diseases like diabetes and AIDS have been updated with relevant recent amendments •Latest updates from CMDT 2018 have been covered throughout the text"
Clothing & Accessories,1,Campus Sutra Women's Cotton Shirt Wear this spread collar women check shirts of Campus Sutra. We suggest teaming it with a pair of jeans and casual boat for a great look
Electronics,2,"QNINE Dual M.2 PCIe Adapter, M2 SSD NVME ( m key ) or SATA ( b key ) 22110 2280 2260 2242 2230 to PCI e 3.0 x4 Host Controller Expansion Card with Low Profile Bracket for Desktop PCI Express Slot BRAND : QNINE, QNINE Dual M.2 PCIe Adapter"
Books,0,"LPUNEST Engineering Previous Year Papers For Admission To Lovely Professional University,Punjab Mock Tests & Previous Year Papers"
Clothing & Accessories,1,"Voberry Baby-Girl's Knitting Headwrap Headdress Soft Turban Headbands 38 * 7.5/14.6 * 2.9"" White Colour:White   Package including:  1pcs Hair Band"
Electronics,2,"Lenovo Tab4 8 Plus Tablet (8 inch, 64GB, Wi-Fi + 4G LTE + Voice Calling), Aurora Black"
Clothing & Accessories,1,faas UV Protected Boy's Sunglasses - Black (FW-0359|8-15 Years) We understand that a perfect face accessory is necessary to perfectly complete your attire. Kids are more lively and colourful. This makes us release our sunglasses models which are available in many colours and different styles. These goggles block the incoming dust completely to provide better vision.
Household,3,"Party Propz Ribbons for Decoration Style Name:Set of 1   A classic favorite in a variety of colors, the curling ribbons is perfect for holiday gift wrap, balloon string and any party occasions. Great for balloons, decorating and more. No party is complete until everything is decorated. The multi-purpose curling ribbon is just what you need. Not only is it great for tying balloons to your mailbox or to chairs, but also use it to seal up your gift bags."
Books,0,"Tintin: Explorers on the Moon About the Author Georges Remi or Herge is a cartoonist from Belgium and creator of a popular comic series with the protagonist called Tintin. He also created two other popular series' called Jo, Zette And Jocko and Quick Flupke. He is known for writing comics with intricate plots that have been researched efficiently. His work has been adapted all around the world. His influence is more noticeable in Europe and in the year 2009 the Herge Museum was created to honour him and his greatest creation - Tintin."
Electronics,2,"Netgear ReadyNAS 214 RN21400-100INS 4-Bay Diskless Network Attached Storage for Personal Cloud ARM Cortex A15 quad-core 1.4GHz. 4 total bays. 2GB RAM. Serial ATA connection. RAID supported 0, 1, 5, 6, 10, JBOD. 4 x 2.5/3.5 inch bays. Features: Gigabit Ethernet, eSATA, network (RJ-45), 3 x USB 3.0 ports, ReadyNAS OS. IPv6, TCP/IP, NTP, SSH, IPv4."
Electronics,2,Synology DiskStation DS418 Network Attached Storage Drive (Black)
Books,0,"Immortal Poems of the English Language About the Author Oscar Williams (1900—1964), editor of this book, was a distinguished poet. The author of five books of poetry, including That's All That Matters and Selected Poems, he achieved literary distinction not only as a highly original and vigorous American poet, but also as one of the great poetry anthologists of his time."
Electronics,2,"Pinaken 9.7 inch Ipad/Tablet Sleeves and Cover Cute little poodles are satin stitched over a background of pink checks. Colour black used for poodles is contrasting to the pink and white background thus leaves an impression of clear shadow. Glass beads in poodle hair, tail and legs dazzle the shadow effect."
Books,0,Rowan Rotating Musical Fishing Game
Clothing & Accessories,1,"FabSeasons Acrylic Woolen Winter Gloves for Baby Girls, fits for 5-8 years Elastic closure Material: Acrylic wool. (Hand wash recommended). Keeps your hands warm & soft. Super Soft and doesn't feel itchy . For Girls 5-6-7-8 years old"
Books,0,"Freedom Refined Sunflower Oil, 1L Freedom Refined Sunflower Oil is clear, light and low absorbing. It thus allows you to ‘cook more with less oil’. Not only is it healthy, it is gives good taste to food so your entire family can have a great meal together. It is rich Vitamins A, D & E which makes it good for your child’s health. It does not contain cholesterol and Trans fatty acids. To top all of this, Freedom is priced extremely attractively and hence offers excellent value for money."
Clothing & Accessories,1,US Polo Assn. Boys' Shirt U.S. Polo Assn. Boys Shirt
Household,3,Savers Choice Mordern Brick Textured Single Door Wardrobe A perfect wardrobe to keep your clothes in a neat and organize manner. Assembly required: pre-assembled
Electronics,2,Acm USB Keyboard Case for Lenovo Tab 4 10 Tablet Cover Stand with Free Micro USB OTG - Black
Clothing & Accessories,1,"Royal Men's Art Silk Blend Dhoti Kurta Set_Black Accompanying the royal heritage.Royal Kurta Being india's largest and fast growing brand in men's ethnic wear brings out the most unique collections of dhoti &kurta sets .In almost 100 designs and 100 unique colours.Being the popular brand we assure the best price ,comfort and unmatchable stich and size customization in every product delivered.Kurta's are worn loose we recommened consider your shirt size while buying our products."
Books,0,Sakal Yearbook 2019 - January 2018 to December 2018
Books,0,Shuchita Prakashan's Solved Scanner on Paper - 7 Direct Taxation For CWA / CMA Inter Group - I June 2018 Exam (Syllabus 2016) Applicable for CMA Inter May 2018 exam
Clothing & Accessories,1,Cherokee by Unlimited Girls Regular Fit Cotton Jacket
Clothing & Accessories,1,"Bold N Elegant Extended Knitted Woollen Stripe Thermal Warm Comfortable Fingerless Gloves Mittens Winter Accessories Hand Warmer for Girls Your search for gloves that allow for maximum dexterity with optimal hand protection is definitely to end, Bold N Elegant brings a design of gloves that meets both requests. Extended wrist fingerless gloves! They are similar to regular gloves with the difference being that fingertips are to be exposed to ease the regular work at home, in office or in college."
Household,3,"Aurora Key Box 40 Key Hooks Solid Steel Construction, Secure Lock System, For Home And Office Use, Size 200X75X160 H.D.W (Mm)."
Books,0,"Society Tea Regular Tea Pouch, 1kg Truly, tea as it should be. Strong, robust and packed with flavour beyond all reckoning, Society Tea delivers with this blend yet again. Taken either with milk or with lemon, this brew is sure to get you feeling energised and revitalised, ready to take on new challenges, through the course of the day."
Electronics,2,Generic 3D Printer Motherboard External SD Card Module/Independent External Module for Motherboard Supporting with Dupont line 3D0116 As per the product
Clothing & Accessories,1,Maniac Boy's Printed Sweatshirt Lend both style and warmth to your son by letting him wear this sweatshirt from the Maniac. This hoodie comes up with printed pattern work for added visual appeal to wear all day long.team this 100% cotton winter sweatshirt with denims and sneakers to complete his look.
Household,3,"Caddy Full Artificial Leather Teardrop Tan Bean Bag Cover XXXL Pack of 2 Add a touch of style and comfort in your living room with this uber cool bean Teardrop from Caddy, Full. Made of soft artificial leather. Perfect height to width ratio for perfect seating. Double layer child proof locking at the bottom. Filled with high density beans that give bouncy comfort. Ergonomically designed and aesthetically appealing"
Clothing & Accessories,1,Finery Full Sleeve Men's Thermal
Household,3,"FurnitureKraft Centerville Three Seater Sofa-Cum-Bed with Mattress (Glossy Finish, Brown) Sturdy in design and with a classic appeal, this sofa cum bed with mattress and storage. Designed for everyone from family homes to college students and bachelors living in rented apartments. Its glossy finish gives it a sleek look. With its elegant design and glossy finish, this bed will beautifully complement any kind of decor theme you have in your bedroom. It is suitable in Living room, bedroom."
Books,0,343 SAT Math Practice Questions: Volume 29 (Test Prep) 
Books,0,"Introduction to Computer Security, 1e "
Electronics,2,"MSI GF63 Intel Core i5 8th Gen 15.6-inch Gaming FHD Thin and Light Laptop (8GB/1TB HDD/Windows 10/4GB Graphics/Black/1.86 Kg), GF63 8RC- 211IN As a world leading gaming brand, MSI is the most trusted name in gaming and eSports. We stand by our principles of breakthroughs in design, the pursuit of excellence, and technological innovation."
Books,0,"Fortune Sunlite Refined Sunflower Oil, 5L Can Fortune Sunflower Oil is a light, healthy and nutritious cooking oil. Being rich in vitamins and consisting mainly of ployunsaturated fatty acids, it makes food easy to digest."
Household,3,"Beardo Strong Hold Hair Wax, 75g"
Electronics,2,Caprigo Heavy Duty - 2 Feet Premium Projector Ceiling Mount Stand Bracket (Adjustable - White - Weight Capacity 15 Kgs)
Books,0,"Eccellente Music Amplifier with Bluetooth FM, AX Line, USB_Connect with Laptop, Tablet, Mobile, TV_HT109_Connect 4 Speakers - 10W Each The Amplifier Led Light Display. The product supports all Bluetooth Device;Tablets, IPAD, Mobile, TV, LED Smart TV, Desktop, Laptop. You can connect it through Bluetooth, AUX line, FM Radio, Pendrive, USB"
Clothing & Accessories,1,"Stars and You Formal Pencil Skirt with Elastic Waist Band Stars and You - Soft Stratechable Formal Pencil Skirt with Elastic Closure, Fine stitching and short slit on back bottom to ensure maximum comfort in wearing"
Books,0,Interview & Group Discussions Interview & Group Discussions
Household,3,3M IA260166367 Auto Specialty Dashboard Dresser (500 ml) Avoid eye and skin contact. Avoid prolonged breathing of vapour. Wash hands thoroughly after handling. Use in a well ventilated area. Keep container closed when not in use. Do not injest.
Electronics,2,"Lenovo Tab4 10 Tablet (10.1 inch,16GB,Wi-Fi + 4G LTE) Slate Black Beautifully designed, powerfully built, the Tab 4 10 is the quintessential family This tab is25.654 centimeters (10.1 inch) HD IPS 10 point multi-touch capacitive touchscreen with 1280 x 800 pixels resolution"
Electronics,2,RiaTech 9-Pin DB9 Serial RS232 Port to RJ45 Cat5 Ethernet LAN Rollover Console Cable Switch Line
Household,3,Ebee Multipurpose Rack (Blue)
Electronics,2,AmazonBasics 4.0 Amp Dual USB Car Charger for Apple and Android Devices - Black
Household,3,"Darice 18 by 27-Inch Oval Quilting Hoops, Large A wooden oval hoop for quilting. 18"" x 27"" and 1"" in depth."
Household,3,"MUSKUN ENTERPRISES Musk Front Footrest for Apache RTR 180 (Black, Standard Size) Front footrest with Vehicle Compatibility: Apache RTR (Front). This is a Durable product."
Household,3,"CRAFTWAFT Handmade Pink White Mini Rose Floral Bunch With the endorsement of our experienced professionals,CRAFTWAFT is engaged in offering a wide assortments of Dry Decorative Flowers to our valuable customers. The products offered by us are processed using advanced processing techniques in compliance with the prevelling market trends.All our products are made by the highly professional & skilled artists to get a superior quality. All the flowers can be used to decorate your room,can be used in occasions also used in art and craft works."
Books,0,Universal's General Knowledge on Law- Legal GK for Competitive Examinations 
Household,3,"Singer Quartz Heat Glow Plus 800-Watt Room Heater (White) Singer quartz room heater heat glow plus can effectively heat the surrounding to make it cozy and comfortable. This product keep you warm and active during winters. It consumes very less wattage. It has dual power mode, can run on 800 watts and as low as 400 watts as well. It is easy to carry and easy to use, the noiseless operation makes it convenient to use."
Electronics,2,TASLAR Arc Edge Transparent Tempered Glass for Microsoft Surface Pro 4 (Newest Version 2018)
Clothing & Accessories,1,Kiddeo Boy's Cotton T-Shirt - Pack of 6 Kids Printed T-Shirt for boys which is made up of 170 Gsm 100 percent Cotton and fastness guaranteed fabrics available In different Combos which will make your kid feel very comfortable.
Books,0,English English Hindi Dictionary (Hb): English Word - Its Meaning In English and Hindi Along with Sentence 
Clothing & Accessories,1,"Voberry Baby-Girl's Toddler Knit Soft Winter Warm Snow Boot Fur Trimmed Pom Pom Boots (White, 12-18 Months) Size:12~18 Month                                                                                 |                            Color:White   Cute Boy Girls Baby Soft Sole Snow Boots Soft Crib Shoes Toddler Boots Package content:1 pair boots Size:11 Length:11CM Inches:4.3"" Age:0~6 Month UK:1.5 US:2.5 Size:12 Length:12CM Inches:4.7"" Age:6~12 Month UK:2 US:3 Size:13 Length:13CM Inches:5.1"" Age:12~18 Month UK:3 US:4"
Household,3,"Yellow Chimes Bohemian Starfish Charms Beaded Bracelet Cum Anklet for Women and Girls Yellow Chimes brings exclusive Fashion Jewellery designs to you from renowned jewellery manufacturers all over the world. The Best Price is assured to you as we remove all middlemen margins and real-estate expenses by directly purchasing from international manufacturers. Thus, beautiful and contemprary Fashion Jewellery is made available at very reasonable prices to our valuable customers."
Clothing & Accessories,1,Kiddeo Boy's Cotton T-Shirt - Pack of 6 Kids printed t-shirt for boys which is made up of 170 gsm cotton and fastness guaranteed fabrics available in different combos which will make your kid feel very comfortable.
Electronics,2,"Comtrend G.hn 1200 Mbps Powerline Wireless Ethernet Bridge Adapter AC1200 PG-9172AC (Requires Another G.hn Device to Work) BRAND : Comtrend, Comtrend G.hn 1200 Mbps Powerline Wireless Ethernet Bridge Adapter AC1200 PG-9172AC (Requires Another G.hn Device to Work)"
Electronics,2,"Swiztek Laplife Laptop Charger For SAMSUNG 60W 19V/3.16A AC ADAPTER NP300 SAMSUNG RV509, R530, R580 samsung rv509 charger With Power Cord Charger for ""Samsung RV420-A01,Samsung Series 3 NP350U2B-A04, Samsung 19V 3.16A,SAMSUNG QX411 RV510 NP-QX411 RV511,Samsung Series ADP-60ZH,"" Adapter for ""Samsung RV420-A01,Samsung Series 3 NP350U2B-A04, Samsung 19V 3.16A,SAMSUNG QX411 RV510 NP-QX411 RV511,Samsung Series ADP-60ZH,"""
Household,3,"Sky Trends Flower Cycle Red White Flower Plastic Basket Cycle With Artificial Flower & Plant Showpiece Gift Set A fantastic gift to say you care, for a Birthday present or Anniversary gift, a special gift that will create a talking point.This eye catching decorative miniature rickshaw fabricated Vase with high quality materials. It is replica of the original rickshaw.These beautiful vase from the house of Sky Trends that will instantly enhance the visual appeal of your room.This is crafted by skilled craftsmen and it is designed for providing elegant and traditional look for home decor."
Household,3,"Tarkan Classico Bedside Portable Table Cart Tray with Adjustable Height, Studying Overbed Breakfast Sofa Table (Beige)"
Clothing & Accessories,1,"Maddy Aqua Grey Material Sports Shoes for Men in Various Sizes Maddy Introduces A Globally Inspired Footwear Line For The Youth That Is Also Cost-Effective. As Each Pair Of Maddy Footwear Is Ultra Light, Comfortable, Durable, Ready To Take On Challenges And Perform With Gusto And Energy. Amazon Presents An Amazing Range Of Maddy Footwear For Men/Boys Who Want To Look Perfect For Every Occasion."
Electronics,2,Tenda AC10 1200Mbps Wireless Smart Dual-Band Gigabit WiFi Router (Black)
Electronics,2,Cash Drawer Box Works Compatible Epson Star Pos Printers With 5 Bill & 5 Coin Tray
Books,0,"A Handbook on Mechanical Engineering - Contains well Illustrated Formulae and Key Theory Concepts Review This book contains all the topics covered as mentioned. especially useful for non-mechanical guys like aero, civil, automobile graduates who are preparing for entrance exams under mechanical stream. But remember, in order to crack exams like gate, ies, psu, you need to work beyond this book. this book is just an introduction of topics. --By Lawrenzi Samuel on Oct 3, 2015"
Clothing & Accessories,1,"Jockey Women's Cotton Bikini (Color May Vary) Feel at ease with this branded and comfortable Bikinis for men from Jockey. fine knitting to provide best fit to your body contours, the comfort it provides has no match."
Household,3,"Klaxon Eagan Side Table (Matte Finish, Wenge)"
Clothing & Accessories,1,"Graceway Kids Woollen Socks 1-3 years soft wool striped socks - Pack of 12 (Multi-Colour) This product is made from wool and finished in a attractive set of colors. Furthermore, it is recommended to be kept away from extreme heat, fire and corrosive liquids to avoid any form of damage."
Household,3,9 Ft Outdore Patio Market Umbrella Replacement Canopy Natural 9 Ft Outdore Patio Market Umbrella Canopy Natural
Clothing & Accessories,1,"Mothercare Baby Girls' Sleepsuit (Pack of 3) You're sure to love how sweet your little one looks in this carefully crafted collection of sleep suits. We've combined cotton rich fabrics with subtle stretch, frills and pretty floral designs in print and embroidery to create comfortable and stylish everyday wear. We've even thought of mum and dad, including fuss-free poppers for easy outfit changes. Sweet dreams!"
Clothing & Accessories,1,"IndoSurgicals Lab Coat For Chemistry Lab Students Get the most value for your money with Top-Rated Lab Coats! White Unisex Lab Coat is made with a 100% Cotton Fabric for softness, durability, and easy cleaning. Commercial grade lab coats are built to ensure lab safety and preserve clothing. Durable fabric stands up to multiple washes for easy care after use. Machine wash and dry. Durable Material. Perfect for preserving clothing and ensuring lab safety."
Electronics,2,"Gadget Guru USB 3.0 superspeed 20 PIN Header to USB Adapter This tiny little gadget can fit directly on your pc's motherboard and can provide additional 2 USB 3.0 ports. USB 3.0 compatible with data transfer rate up to 4.8 Gbps,"
Clothing & Accessories,1,BODYCARE Pure Cotton Multi-Coloured Boxer for Boys & Kids (2056-Packof4) Bodycare brings a new collection of boys boxer pack of 4 for comfort and new look. 100% cotton fabric a new collection for your kids wardrobe.
Books,0,"THE REPUBLIC (Paraphrase) Contains General Introduction, Chapterwise summary, Character Sketches, Critical Appreciation, Question and Answers, including objective Questions with answers."
Household,3,"Sterling Multipurpose Trolley Evershine trivalent chrome finish, Stainless Steel (100% Not Brass), Extra Strong body, No visible marks of joints, fixing, Conceal Design, 100% Austenic Stainless Steel, Lifetime warranty on rusting, 5 Layers Plating Process, Unique in design to carry maximum load, Built of SS-304 & IS Non Polluting"
Books,0,"Zebronics BT6590RUCF 5.1 Channel Multimedia Speakers â€¢ Output Power : 35W + (6w x 5), total 65w â€¢ Frequency response : 40Hz-20KHz â€¢ S/N Ratio : â‰¥75dB â€¢ Separation : â‰¥50dB â€¢ Subwoofer size : 4"" â€¢ Driver size : 2.7 x 5 â€¢ Input : 3.5mm Package Contents â€¢ 5 satellite units â€¢ 1 subwoofer â€¢ Input cable â€¢ Remote control â€¢ User manual"
Clothing & Accessories,1,"IndiWeaves Kid's Cotton Leggings Pack of 5 IndiWeaves offers you high on fashion, easy on pocket, cotton rich leggings for kids and girls. Suitable for all weather climate, Eco-friendly and skin friendly dyes used, as your skin. Made of Cotton Lycra BLend and the waist band being elasticated, IndiWeaves Leggings will give you the best of comfort and fit."
Books,0,"The Loney About the Author Andrew Michael Hurley lives in Lancashire, where he teaches English literature and creative writing. He has published two short-story collections. His first novel, The Loney,  won the 2015 Costa First Novel Award and will be published in sixteen territories."
Books,0,The Republic of Plato 
Clothing & Accessories,1,"CREATURE Men's Cotton Calf Length Casual Socks (Black, Free Size) Combo of 3 These socks are crafted from combed cotton and hence will keep your feet comfy and cozy all through the day. Get the ankle with these extremely discreet ankle socks from CREATURE. The socks not only help you look good but also enhance the life of your shoes while keeping your feet clean and fresh."
Books,0,"Quantitative Aptitude Quantum Cat 2018 About the Author An editorial team of highly skilled professionals at Arihant, works hand in glove to ensure that the students receive the best and accurate content through our books. From inception till the book comes out from print, the whole team comprising of authors."
Books,0,CCIE Routing and Switching v5.0 Official Cert Guide Library 
Clothing & Accessories,1,"FabSeasons Solid Polyester Golf Flat Cap 1) Brand - FabSeasons 2) Material - 35% Cotton, 65% Polyester 3) Fits everyone above 14 years. 4) Size - 58 cms 5) Comes with a elastic on the inner side for better grip on the hand"
Books,0,22 years AIIMS Chapter-wise Solved Papers (1997-2018) 12th Edition 
Clothing & Accessories,1,"Pramukh Fashion Women's Semi-Stitched Lehenga Choli(Grey Roza) This enhance the beauty of the women which can be worn for functions, festivals, parties and even wedding also. You will be a centre of attraction in the event once you ware it."
Books,0,Verbal Ability and Reading Comprehension for CAT by Pearson(with 3 Free AIMCATs) About the Author Trishna Knowledge Systems is the national leader in entrance examinations training. It is also one of the biggest and most successful classroom-based entrance exam training group in India.
Clothing & Accessories,1,Voberry Baby-Girl's Kid Autumn Minter Warm Cotton Princess Pantyhose With Ballet (3 Pairs) (M) Package  1 x kid girls Pantyhose
Books,0,"My First 100 Animals And Birds About the Author Wonder House has a dedicated team of editors and designers involved in the development of magnificent and enriching children books. The team pays special attention to develop age appropriate content and does extensive research on every topic included in the book. Our mission is to develop highly informative content which will help the children to master different skills. At Wonder House, we strive to make learning a joy."
Books,0,"The 7 Laws of Clearing CA Final About the Author About the Author: Nitin Soni, the author of the best-seller The 7 Laws of Clearing CA Final is a commerce graduate from Delhi University. Soni enjoys reading, writing and public speaking and is passionate about traveling. He currently works for an Investment Bank in Gurgaon, New Delhi."
Books,0,"Flow in Open Channels, 4E update"
Clothing & Accessories,1,Kids Boys Girls Cotton Pyjama Bottom Wear Pants Multi Color Pack of 6 Comfortable Diaper Fit Pants for babies. Trendy prints and attractive solid colour makes it look stylish. Casual and comfortable
Clothing & Accessories,1,Sorella'z Boys Elastic Black Suspender with Bowtie: 2-6 Year Age Sorella'z Solid Suspender with Bow for Boys
Books,0,GATE 2019: Mechanical Engineering - Previous Solved Papers 
Clothing & Accessories,1,Jockey Boys' Regular Fit Plain Cotton Boxers (Pack of 2)
Clothing & Accessories,1,Ben 10 Printed Boy's Brief Pack Of 6 From Bodycare Bodycare brings collection of Ben Ten Printed Boys Brief with 100% fine comfort super combed cotton. Soft feel finished as the tender touch of a mother.Friendly cuddly prints take you to fantasy land even while sleeping. All round non-binding fit for a 24 hours comfort.
Household,3,"POLE STAR ""BUDDY"" 31 Lt Black Lite weight Casual Backpack I School Bag This casual backpack features lite in weight and Durable fabric , 2 large compartments, 1 multi utility side pocket, zipper closure and an adjustable shoulder strap for user convenience. It features two spacious zippered compartments that are great for older kids who need to carry a lot of textbooks each day. The back panel is also padded, providing premium comfort and support for heavy loads"
Household,3,"Pig That Wants to be Eaten: And Ninety-Nine Other Thought Experiments About the Author Julian Baggini is the editor and co-founder of The Philosophers' Magazine. He writes regularly for the Guardian, Independent and Independent on Sunday, Prospect and the TES, and has appeared on Nightwaves and In Our Time. He is the author of several books on philosophy, including What's It All About? Philosophy and the Meaning of Life (Granta), Making Sense: Philosophy Behind the Headlines (OUP) and Atheism: A Very Short Introduction (OUP)."
Clothing & Accessories,1,Handcuffs Stylish Cotton Adjustable Baseball Cap (Blue) 100 percent new and high quality fashionable cap from house of bhavya fashion awesome design distressed vintage look newest style with adjustable leather strap brand new this is authentic item description: Size - adjustable material - cotton weight - app 100g size - regular size fits for all materials and care - hand wash do not bleach.
Books,0,Set Of 5 Comic Book By DC and Marvel This is a combo of 5 comic books Including Batman and SpiderMan Titles.
Household,3,Mamta Decoration Sheesham Wood Bed Side End Table for Living Room | Sofa Side/Telephone Table |Black Get the best solid sheesham wood furniture with. Must furniture to make your home attractive. Made of solid wood which gives strength and durability to your furniture. Elegant finishing gives your furniture the classy touchassembly : we encourage self assembly of products to help better and completely understand thed product they. We encourage self assembly of products to help better and completely understand the product they.
Clothing & Accessories,1,"Rovars Unisex Swimwear Multipurpose wear for swimming, diving, cycling, aerobics. It comes with a zipper at front and easily wearable. It is made of four way stretchable material which gives you extra comfort. Fabric retains its shape, dry fast and also protects your body from uv rays and sun tanning."
Household,3,"Alp Nitrile Self Adhesive Insulation Foam Tape, ECOTAPE, Class O, Width 2 inch x Thick 3 mm x Length 9.1 mtr, Pack of 1 pcs Item Package Quantity:1   Flexible elastomeric insulation for ducts and pipes. It is ideal for using in Window Acs, Split Acs, Plumbing etc. Used in heating, ventilation, acr systems, refrigeration and air conditioning etc. Easy to put on pipes. Please note image, size and color may slightly vary due to photographic lighting sources or photograph angle or your monitor settings or make."
Books,0,"The 80/20 Principle and 92 Other Powerful Laws of Nature: The Science of Success About the Author Richard Koch is a highly successful author, investor and entrepreneur, having made large returns from businesses as diverse as hotels, restaurants, personal organisers and consulting. He is a former partner at consulting firm Bain and Co and co-founder of the LEK Partnership, the fastest growing and most profitable 'strategy boutique' of the 1980s."
Electronics,2,"REO Slim Desktop (Intel Core i5 3470 3.2GHZ with 16GB DDR3, Nvidia 710 Graphics with 2GB RAM, 1.0 TB Hard Disk) Integrated Wifi REO Slim Desktop Intel Core i5 3470 3.2Ghz with 16 GB DDR3 RAM, Nvidia 710 Graphics with 2 GB RAM, 1.0 TB Hard Disk, Integrated Wifi (2 Years warranty from Rom Info-Tech.)"
Books,0,RRB (Railway Recruitment Board) 2019 - Junior Engineer CBT -I & II - Mechanical & Allied Engineering 
Electronics,2,Taslar Briefcase Messenger Shoulder Bag Strap with Handle and Multi-Functional Waterproof Carrying Case for Laptop 15 Inch Notebook/MacBook/Ultrabook/Chromebook Computers (Dark Grey)
Books,0,IIT-JAM: M.Sc. (Mathematics) Previous Papers & Practice Test Papers (Solved) 
Books,0,"iDream Kid's PVC Pig Family Toy Set Action Figure 9cm and 5.8cm (Multicolour)-Set of 4 Design inspired by peppa & her family.4Pcs Peppa pig family, design inspired by Peppa, George, daddy and mummyGood quality PVC material, articulating hands and legsSize: daddy and mummy - 9cm, peppa and george - 5.8cm"
Household,3,"@home by Nilkamal Bayern Bar Stool (Black) home by Nilkamal Bayern bar stool, black, material: metal, seat: foam + PU, metal finish: powder coating, weight: 6, contemporary and modern"
Clothing & Accessories,1,"Vvoguish Women's Regular Fit Cotton Top Women's Regular Fit Cotton Top by Vvoguish - Keep your style trendy and chic Let your daily style be a reflection of your superior fashion taste by teaming this cotton top from Vvougish with trousers, shorts or denims. Its comfortable cotton fabric allows great comfort, while the regular fit allows for a smart, casual look. It comes in a tri-tone design, featuring three contrasting colours in three horizontal layers. The three quarter sleeves offer a snug fit around your arms, lending you an ultra feminine look."
Electronics,2,"Storite 9 Pin Serial Male to Female Extension Cable Lead DB9 RS232 Serial, Gray"
Clothing & Accessories,1,"Mothercare Baby Girls' Sleepsuit (Pack of 3) These gorgeous pack of 3 sleepsuits have been designed in a soft and cosy cotton for a comfortable night's sleep, The poppers are nickel-free to prevent irritation on your baby's delicate skin. The feet are enclosed for warmth and they have our toe safe design which prevents threads wrapping around tiny toes."
Electronics,2,"Enter Standard USB Keyboard E-KB503U SPECIFICATION > Standard 104 Key Slim Keyboard > PS2 / USB Interface > Plug & Play, No Driver Required > 10,000,000 Keystroke Button Life > Maximum Rating: +5.0Vdc±10%, 200mA maximum > Contact Resistance: 500 Ohm maximum > Insulation Resistance: DC 100V 50M Ohm minimum > Compatible: Window 95/98/ME/NT/2000/XP"
Clothing & Accessories,1,Cherokee by Unlimited Girls' Regular Fit Skirt Cherokee kids dark-blue skirt made of 100% cotton twill having cf-19
Household,3,Tesco Round Remote Controlled Air Mist Humidifier Aroma Essential Oil Diffuser with Changing Mood Lights Tank Capacity of 500ml and Timer Function
Household,3,"MBTC Kerland Bar, Kitchen, Cafeteria Stool in Brown & Black This beautiful bar stool chair From MBTC is sure to be the envy of all your friends. The chrome steel base and footrest work in harmony with a hydraulic piston for smooth adjustments which is a little reminiscent of a carousel pony pole, while the supple feeling of leather like graces the seat and back for comfort. The contemporary brown faux leather covering for years of wear and easy care. It must be a fashionable statement for your bar or conversation table."
Household,3,eHomeKart Plastic Playgro Round Table for Kids (69 X 69 X 47 cm)
Books,0,International Relations and Politics: Theoretical Perspectives in the Post-Cold War Era 
Clothing & Accessories,1,Stylum Women's Cotton Solid Umbrella Printed Kurti In this wedding season bloom yourself with this beautiful printed dress. This blue dress is perfect for wedding and party wear on Amazon. Pair it with pink legging for best combination.
Books,0,Anne Frank: The Diary of a Young Girl Ships from USA. Will take 25-35 days
Electronics,2,"Technotech USB to IDE SATA Convertor with Power Adapter Use your 2.5"" / 3.5"" IDE hard drive or SATA hard disk as an additional external hard drive Connect your SATA / IDE device to your computer through a USB port Compliant with USB 1.1 and 2.0 standards Supports SATA Hard drive, 2.5"" laptop hard drives, 3.5"" desktop hard drives, CD-ROM, DVD-ROM, CD-RW, DVD-RW Combo devices Suggested Applications: 2.5"" IDE Hard Disk / 3.5"" IDE Hard Disk / SATA Hard Disk / CD/CD-RW ROM / DVD/DVD-RW ROM, etc."
Electronics,2,1MORE Piston Fit Earphone with Mic - Space Gray
Electronics,2,"Zebronics Motherboard Kit With 3.0 Ghz Intel Core2 Duo CPU, 2GB DDR2 RAM & Processor Fan Zebronics 31 Motherboard-1 Year Manufacturer Warranty, For any problem with Motherboard you need to visit Zebronics Service Centre Only. 3.0 Ghz Intel Core 2 Duo Pulled Out Processor- No Warranty for Processor 2GB DDR2 RAM No Warranty for RAM, FAN Is not of Intel Brand or Cooler Master Brand, it will be of Zebronics or Geonix, No Warranty for FAN All Combos Tested before Dispatch"
Clothing & Accessories,1,US Polo Assn. Boys Shirt U.S. Polo Assn. Boys Green Shirt
Books,0,"Wipe Clean: Early Learning Activity Book (Wipe Clean Early Learning Activity Books) About the Author Roger Priddy's passion for educating children through fun, informative and engaging books has led him to create some of publishing's most enduring and successful non-fiction early learning books. Roger lives in London and has three children, who have been the inspiration behind many of his best publishing ideas."
Books,0,"My First Book of Farm Animals: First Board Book (My First Books) About the Author Wonder House has a dedicated team of editors and designers involved in the development of magnificent and enriching children books. The team pays special attention to develop age appropriate content and does extensive research on every topic included in the book. Our mission is to develop highly informative content which will help the children to master different skills. At Wonder House, we strive to make learning a joy."
Clothing & Accessories,1,Gini & Jony Boys' Waistcoat
Clothing & Accessories,1,"Poppers By Pantaloons Boys' Straight Trousers Black colored solid trousers, featuring full length and regular fit pattern. Made from superior quality fabric for maximum comfort."
Books,0,The Monk Who Sold His Ferrari
Clothing & Accessories,1,"BLINKIN Women's Stripe Tights for Yoga, Gym and Active Sports Fitness BLINKIN Mesh Side Stribes yoga , gym and active sports fitness Black Pink Leggings tights for Women(4 sizes M,L , XL and XXL).A black track pants. This is the latest fashion trend for the modern women. It is highly elastic material that gives you a slim body hugging fit.You can wear it on every occasions be it you Gym Classes or yoga Classes or evening casual walk. Tags ripped leggings ; criss cross legging ; Gym Leggings ;yoga leggings ;black lower;joggers."
Books,0,"Camb English Ielts 5: with Answer Book with 2Acds (South Asian Ed) Cambridge IELTS 5 contains 4 authentic IELTS papers from Cambridge ESOL, providing the most authentic exam practice available. This is the fifth collection of IELTS practice tests from Cambridge ESOL. The Student's Book with answers contains four full tests, including both Academic and General modules, as well as an answer key with explanations, model compositions and tapescripts. The pack also contains two audio CDs, which provide all the recorded material required for students to practise the tasks in the Listening papers."
Books,0,CBSE NCERT Exemplar Problems-Solutions Mathematics class 11  for 2018 - 19 
Books,0,"Big Data, Black Book: Covers Hadoop 2, MapReduce, Hive, YARN, Pig, R and Data Visualization About the Author DT Editorial Services has seized the market of computer books, bringing excellent content in software development to the fore. The team is committed to excellence—excellence in the quality of content, excellence in the dedication of its authors and editors, excellence in the attention to detail, and excellence in understanding the needs of its readers."
Electronics,2,Logitech H151 Headphones Stereo Headset H151
Clothing & Accessories,1,"Noise Combo of Grey Knitted and Black Wrinkled Slouchy Beanie Winter Cap- Size XL Winter season is here and so is the beanie loving season! Get your hands on the knitted winter beanie cap, made from highest quality soft wool, these winter caps are perfect for both men and women. Complete your any look with these. Pull them straight to give it a simple or just slouch it to get the hipster look. Wear them by your side or rather on top, you will feel cozy and stylish without missing a beat."
Household,3,"Pindia Plastic Miniature Money Plant Leaf Artificial Indoor/Outdoor Plant Decorative Plant with Pot (18 cm x 10 cm x 23 cm, Green) The ""Pindia"" decor your home with artificial green plant attached to a wonderful pot, a name known for making good-quality and stylish products. The leaves are printed with perfection that guarantees its shine and beauty. Made from best quality material and fabrics to your surroundings to bring change and dynamism to the environment. So, get these beautiful green plants and give your home or office a welcoming ambience."
Clothing & Accessories,1,DIGIMART Kid's Black Modi Sherwani with Waistcoat for Party/Wedding Occasion DIGIMART brings to you this Stylish yet Comfortable Boy's Solid Kurta and Dhoti with Dupatta Set. Adorn it for a perfect Classy & Trendy look. Pair it with a juti or a mojari for the Royal feel.
Books,0,The Travel Book: A Journey Through Every Country in the World (Lonely Planet) 
Clothing & Accessories,1,Oversized Round Spectacle Frame For Boys|Girls.Brown Color Frame. Oversized Round Spectacle Frame For Boys|Girls.Brown Color Frame|Transparent ARC Lens.
Household,3,Mamta Decoration Wooden Brown Stylish Rocking Chair With Cushions Color:Walnut With Cushions Cream   Rocking Chair Seat folding This Rocking Chair is fully Portable & Easy to Dismantle. Easy to Carry from one place to another. Relax your Back Pain & Heals your mind while rolling on it. Assembly Required: The product requires basic assembly and comes with assembly instructions.
Clothing & Accessories,1,T2F Boy's Cotton Top and Bottom Pyjama Set - Pack of 10
Clothing & Accessories,1,Y&S Round Cateye Women's Men's Boy's Girl's Spectacle Frame (Clear-Cateye-Selfy-Cmbo-002|Clear)
Clothing & Accessories,1,"Lula School Girl's Spandex Shorts, Pack of 3 Lula girl is to caress the baby like rose petals. Softest and safest cotton wear made for the comfort of the babies. Produced with finest combed cotton and with materials meeting standards of safety suitable for the delicate skin of the baby. Lula babywear is beautiful and gentle. No hooks or potentially hurting components are ever used. Plaquets and envelope arrangements are provided so that draping the baby or removing the garment is not troublesome."
Books,0,"Linux Bible About the Author Christopher Negus is the author of the best-selling Linux Bibles, Fedora and Red Hat Enterprise Linux Bibles, Ubuntu, Fedora and SUSE Toolboxes, Red Hat Linux Bibles, Linux Toys, and Linux Troubleshooting Bible. Chris recently joined the Red Hat team as a trainer and received his RHEL certification. He is a member of the Madison Linux User's Group. Prior to becoming a full-time writer, Chris served on development teams for the UNIX operating system at AT and T Bell Labs where UNIX was created and developed. He later worked with Novell on UNIX development teams."
Clothing & Accessories,1,Creature Multicolored Cotton No Show Socks For Women/Girls | Loafer socks For Women/Girls Pack of 4 Pair(SCS-23) These socks are crafted from 100 percent combed cotton and hence will keep your feet comfy and cozy all through the day. Get the Ankle with these extremely discreet Ankle socks from Creature. The socks not only help you look good but also enhance the life of your shoes while keeping your feet clean and fresh.
Books,0,"Let's Colour Copy Colouring Pack: Set of 8 books (Transport, Professions, Pets, Fish, Insects, Robots, Mandalas and Sports) About the Author Wonder House has a dedicated team of editors and designers involved in the development of magnificent and enriching children books. The team pays special attention to develop age appropriate content and does extensive research on every topic included in the book. Our mission is to develop highly informative content which will help the children to master different skills. At Wonder House, we strive to make learning a joy."
Electronics,2,"Ikall N1 Tablet with Keyboard (8 inch, 2GB RAM, 16GB, 4G + LTE + Voice Calling), Gold 2 GB RAM 16 GB ROM, 5 Mp primary camera, 2Mp secondary or front camera, operating system: Android 6. 0 marshmallow, battery: 4000 mAh Li-Ion voice call (Dual Sim) display resolution - 1280 X 800 pixels, expandable upto- 32Gb, 8 inch display, Gprs - Yes, headphone Jack- 3. 5 Mm (with keyboard)."
Books,0,Geography Book Geography Book
Household,3,"BI3 Home Portable Seating Multipurpose Wooden Folding Chair (Brown) The Quick-Fold Multi-utility Folding Chair provides a perfect accent chair for all outdoor areas- Garden, Patio, Balcony or Swimming pool deck. Folds flat for out-of-the-way storage, making it the perfect accessory for camping or fishing trips. Use it in tight spaces, like dorm rooms where space is at a premium. Weighing in at only 2.5 kgs , it easily supports up to 120 kgs."
Electronics,2,Monoprice 4 Port SATA Serial ATA PCI RAID Controller Card - Silicon Image (102667) Add four independent SATA-I ports to your PCI equipped computer and enjoy the benefits of the optional software RAID configuration for added speed and/or data security with this adapter card from Monoprice!. However as long as you have an open PCI slot you can add this adapter card which gives you four SATA-I (1.5 Gbps) ports so you can use the newer drives
Electronics,2,"HARIT 1""- Inch Inlet-Water Tank/Screen Filter Y Type-120Mesh/130 Micron with 1 Extra Cartridge and 1 Easy to Clean Valve HARIT screen filter is a sediments filter used to block passage of sand,silica,iron type sediments of 130 micron size from overhead tank to sanitary fixtures NOTE: SCREEN FILTER CAN NOT CONTROL CALCIUM/SALT/HARDNESS OF WATER as its not a softener or water purifier"
Clothing & Accessories,1,"Mothercare Girls' Leggings AS little ones flutter to and fro, they're sure to need plenty of cosy leggings. This cute Pink pair are perfect for keeping them comfy and stylish with an elasticated waistband for easy dressing. Pair them with dresses, tops and more - they're sure to get plenty of use!."
Books,0,The Literature Book: Big Ideas Simply Explained 
Clothing & Accessories,1,"MIDAAS Boy's Cotton Combo Pack of 3 Shorts (Multicolour, 3-4 Years) Kidas shorts (PACK OF 3). Go grab it today. A must have."
Household,3,Havells GHRFHAGW200 2000-Watt Comforter Havells Comforter comes with 2 heat setting at 1400 W and 2000 W respectively so that user can choose different option depending upon climatic condition Product automatically switches off if it goes beyond desired temperature Safety is ensured through over heat protection which switches off the product automatically if product is accidentally over heated.
Clothing & Accessories,1,Bodycare Solid Boys Trunk Pack of 6 Bodycare brings collection of boys trunk with 100% fine comfort super combed cotton. Soft feel finished as the tender touch of a mother.Friendly cuddly prints take you to fantasy land even while sleeping. All round non-binding fit for a 24 hours comfort.
Electronics,2,TASLAR Memory Foam Mouse Wrist Pad for Office Computer Laptop Mac(Black)
Electronics,2,XP-Pen Deco01 Digital Graphics Drawing Pen Tablet
Books,0,Sociology of Indian Society 
Clothing & Accessories,1,"BODYCARE Boy's Cotton Camaflauge Printed Brief (Multicolour, 11-12 Years) - Pack of 6 Bodycare Brings a new collection of Boys Brief Pack of 6, 100% cotton fabric with attractive design and stylish trendy look."
Electronics,2,"Lenovo Yoga Tab 3 8 Tablet (8 inch, 16GB, Wi-Fi + 4G LTE), Slate Black If you love movies and TV, the Yoga Tab 3 Plus is for you at 638 grams, with four usage modes, this splash proof tablet will elevate your viewing experience to new immersive levels of comfort and with a pristine 10.1-inch quad high definition (QHD) display, theatre calibre JBL speakers and marathon battery life, you can enjoy the show absolutely anywhere."
Electronics,2,"Circle Battle Pro LED 7 Colour Backlit Gaming Keyboard (Black) Features 7 color backlit mode, breathing light 19 key anti-ghost s mould ergonomic design, reduce fatigue for long time use 11 multimedia hotkeys high quality abs environmental protection material pass more than 30 stringent reliability testing windows independent lock advanced waterproof conductive film specifications key : 104 keys cable length : 1.8m rated operating voltage current : 5.5v / 150ma key stroke : 3.6mm key tapping times : 10000000 times port : Usb."
Electronics,2,"Easycap Video and Audio Capturing Device Directly From TV Product type: cables popular usb2.0 Interface. High plug & play capture high-quality video & audio (both dynamic and static images) easily and simple to install, without the external power complies with universal serial bus specification rev. 2.0. Support for all formats: ntsc, pal, video / record in dvd+/-r/rw, dvd+/-vr, and dvd-video"
Books,0,Barrons GRE Verbal Workbook 
Books,0,"Red Hat Linux Networking & System Administration, 3ed About the Author Terry Collings is the Instructional Technologist at Muhlenberg College where he is responsible for developing smart classroom technologies. He is a Red Hat System Administrator, has taught networking and certification courses, and a veteran author. Kurt Wall is the technical lead and supervisor of content for TimeSys Linux, a hard real-time version of Linux for use in embedded systems. He has written a number of Linux and Unix programming books and articles."
Books,0,"Society Tea - Refil Pack, 500g Pouch The supreme CTC tea leaves used for this product are crushed, twisted and curled, while processing to ensure infusion of exquisite aroma and taste. Also, this process ensures rich color and strong flavor."
Electronics,2,AmazonBasics 13.3-inch Laptop Sleeve (Black) Size name:13.3-Inch                                                                                 |                            Colour:Black   The AmazonBasics 13.3 inches laptop sleeve provides stylish protection for your laptop or ultrabook. Protect your laptop from bumps and scratches
Books,0,The Monk Who Sold His Ferrari: A Spiritual Fable About Fulfilling Your Dreams & Reaching Your Destiny
Books,0,Comprehensive Algebra - Vol. 1 
Household,3,"Eveready QH800 800-Watt Room Heater (Black) 800W, 230V, 50Hz Dual heat setting to suit your comfort Twin quartz tubes for direct heating Easy to carry design provides ease of use Easy to carry handle for convenience Safety tip over switch cuts off power to avoid accidents Power indicator ISI certified for safety"
Books,0,"Theatre in Pieces: Politics, Poetics and Interdisciplinary Collaboration: An Anthology of Play Texts (1966-2010) (Performance Books) About the Author Anna Furse is an award-winning theatre director and is the director of the MA in Performance Making at Goldsmiths and the curator of the Performance Research Forum. Her staged work includes both new writing and classics, and a range of devised works as well as her own commissioned writing and creations, which have received several Arts Council Writers Awards and Bursaries."
Clothing & Accessories,1,"socho samjo Woolen Sweater and Woolen Pajama Round Neck for Boys and Girls for 1 Year to 4 Year This product is made from wool and finished in a attractive multicolor. It features long sleeve, round neck, and is targeted towards both baby boys and baby girls. Furthermore, it is recommended to be kept away from extreme heat, fire and corrosive liquids to avoid any form of damage."
Household,3,Worthy Shoppee Wooden & Iron Rocking Chair (Multi-Color) Rocking Chair Seat folding This Rocking Chair is fully Portable & Easy to Dismantle. Easy to Carry from one place to another. Relax your Back Pain & Heals your mind while rolling on it.
Household,3,"Nilkamal Crystal Chair (Weather Brown) Nilkamal brings to you class, style and luxury in this elegant piece of furniture. The Crystal Chair is designed to make those homes truly beautiful. Built of rock solid plastic, this chair symbolizes strength and quality. Home, lawn, porch, patio – have these brown-colored beauties wherever you want. Get a few of these online right now."
Household,3,"@home by Nilkamal Jewel 4 Seater Dining Table Set (Walnut) @home presents a wide showcase of modern furniture that's designed to seamlessly blend with your interiors. Crafted for compact homes, the range is clean and convenient. All the collections have an understated design aesthetic that adapt to any space. The designs represent the ideals of cutting excess, practicality and an absence of decoration."
Electronics,2,"F Gear Repel 30 ltrs Rain and Dust Cover for Laptop Bags and Backpacks Keep your laptop backpack/backpack dry on a rainy day with F Gear rain cover. With elastic design, it is very convenient to adjust the size according to different backpacks. Buy this rain cover for carefree traveling and tourism with your laptop bags. Suitable for different styles of bag of between 20 and 40 liters."
Clothing & Accessories,1,"Footmate Socks Girl's Combed Cotton and Lycra Hand Gloves (Multicolour, Free Size) - Pair of 2 Footmate introduces entirely computerized stitched hand-gloves which gives high comfort and gives long durability. The finest blend of combed cotton & lycra protects from sunburn and keeps the hand protected from the heat. The high stretchability characteristic of these hand-gloves fits all hand sizes."
Clothing & Accessories,1,Kesari Men's PU Leather Reversible Belt Adorn this with any formal or casual wear to complete your look.
Electronics,2,"MOCA Nylon 13"" Grey-Aqua Laptop Briefcase Colour:Gray / Aqua   External Dimensions: 14.5 X 10.5 X 1.5 Inches, Internal Dimensions: 14 X 10 X 1.1 Inches; Compatible With 13"" 15"" Macbook Pro / Surface Laptop 2017 / Surface Book, And Most 12"" 13"" Laptop Computers Sleeve Bag Can Be Fully Opened At 180 °, Easily Access Your Tablet/Laptop,Besides The Main Compartment For Your Laptop, A Compact And Practical Front Pocket Is Designed For Keeping Your Pens, Mobile Phones, Cables, Chargers And Other Accessories Well-Organized. No More Mess In Your Bag Leaves You More Precious Time To Enjoy Life."
Household,3,"Bajaj Vacco 1500 W Electric Immersion Water Heater Rod (Copper) - IR-02 ,Black BAJAJ VACCO Electric Immersion Water Heater Rod 1500 W is Quick - Fast - Shock Proof - Safe - Copper Electric Immersion Water Heater - Easy to Handle - Compact - Convenient - Time Tested - Well Known for Last Five Decades - Durable - Rust Proof - Insulated Copper Rods for Easy, Fast and Long Lasting Use."
Books,0,B. Pharm (Bachelor of Pharmacy) Entrance Exam Guide: Entrance Examination (Popular Master Guide) 
Electronics,2,"Casio JJ-120D Plus Desktop Calculator (Black) The recheck function allows confirmation of errors by sound when checking calculations. If the user presses an incorrect key when performing a second calculation to check calculation results, a buzzer sounds to alert the user of the error."
Books,0,Medical Laboratory Technology 
Electronics,2,SRK Artist Drawing Two Finger Glove For Graphics Drawing Pen Tablet Tracing Pad-L Artist Drawing Two Finger Glove For Graphics Drawing Pen Tablet Tracing Pad-L
Electronics,2,"TTGlobal 3TB 3.5"" Client Internal Hard Disk Drive 7200 RPM Class Sata 6 Gb/s 64MB Cache 3.5 Inch for Desktop TTGLOBAL Internal Hard Drive mfg by Marshal. High QC leveled product."
Clothing & Accessories,1,"Ziory 1 Pcs Silver Plated Crystal Crown Princess Tiara Hairband For Baby Girls Store Your Fashion Jewelry In Its Case, Or In Your Jewelry Box, With A Moisture-Absorbing Product Or The Small Silica Packets. If You Don't Have Access To Moisture-Absorbing Materials, Make Sure Each Jewelry Piece Is Thoroughly Dry, Then Seal It Into A Ziplock Plastic Bag For Storage.Dry Your Hands Before Handling,Store Clean And Dry In A Soft Cloth Containers To Avoid Scratching The Items; Store Individual Pieces Separately."
Electronics,2,AmazonBasics Double Braided Nylon USB A to Lightning Compatible Cable - Apple MFi Certified - Dark Grey (3 Feet/0.9 Meters)
Books,0,"Little Artist Series Fruits: Copy Colour Books About the Author Wonder House has a dedicated team of editors and designers involved in the development of magnificent and enriching children books. The team pays special attention to develop age appropriate content and does extensive research on every topic included in the book. Our mission is to develop highly informative content which will help the children to master different skills. At Wonder House, we strive to make learning a joy."
Household,3,GUNEE Pushkar Handicraft Exclusive Product Cane Bar Stool for Indoor and Outdoor Furnishings (Multicolour) Ethnic & traditional. Eco friendly material. Lightweight and easy to handle.
Household,3,"Woodness Chicago Engineered Wood L-Shaped Computer Desk (Matte Finish, Grey Oak) The clean-lined silhouette and modern, dual-tone design of this computer table provide both sophistication and utility. Cleverly engineered to maximize style while conserving space, it is a reliable and versatile piece of. It provides storage shelves, a drawer with metal handle, and has a movable table arm which can be positioned to best suit your needs. Manufactured from engineered wood with polyurethane lamination, the table top is 32 mm thick, and the shelves are 15 mm thick. The backboard is 3 mm thick."
Electronics,2,"Kindle Oasis - 7"" High Resolution Display, Waterproof, 32 GB, WiFi + Free 3G"
Household,3,"Orient Electric Smartcool Dx CP2002H 20 Litres Air Cooler (White and Light Grey) Get blown away with its powerful air gust and super cooling abilities. With a tank capacity of 20 litres, an air throw of 11 metre and its auto fill capability, the snowbreeze super cooler ensures that winters are back this summer with ease."
Household,3,"UNIQUE360 Andy 2 Seater Canopy Swing Chair (Brown) Size:Standard                                                                                 |                            Color:Brown   Relax in style with swing easy. The andy swing chiar is the perfect spot to catch up on some reading or to watch the sun set. Suitable for a patio, garden or terrace, or even indoors. The swing and the cushion fabric are weather-proof, so you can leave it outside, and forget it."
Books,0,"Tales of Ancient Egypt (Puffin Classics) Review The Puffin Classics series is a perfect marriage of the old and the new. Enjoy some of the best books from the past and find out why and how they inspired some of the best writers of the present. (Julia Eccleshare Lovereading4Kids) 				    	 					 About the Author Roger Lancelyn Green was born in 1918. He loved storytelling and was fascinated by traditional fairy tales, myths and legends from around the world. As well tales from ancient Egypt, his retellings include Greek and Norse legends, plus a retelling of Robin Hood. He died in 1987."
Books,0,SSC Reasoning Topic-Wise Latest 43 Solved Papers (2010-2017) 
Books,0,Fujifilm Instax Mini Monochrome Film (10 Sheets) Style name:Monochrome - 10 Sheets   This film is intended to add a further dimension of fun as far as photography is concerned. The monochrome film is available in a 10 exposure pack and produces 2 x 3-inch credit card-sized images in ISO 800.
Household,3,"Ikea Gunde Folding Chair, Black Made of durable product, Ikea Gunde Folding Chair, comes in Black colour."
Household,3,"@home by Nilkamal Peak Four Seater Dining Table Set (Cappucino) Product Dimensions: Table : Length (120 cm), Width (74 cm), Height (75 cm); Chair : Length (42 cm), Width (52.5 cm), Height (94.2 cm) Primary Material : Solid Wood ; Seating Capacity : 4 Seater Color : Cappuccino, Style: Modern Assembly Required : Assembly would be provided by the Seller Warranty : 1 Year warranty on manufacturing defects Solid wood provides sturdiness to the table and chair Fabric upholstery in chair makes it easy to clean and maintain Cushion on seat provides comfort while seating"
Household,3,"MetXtro Sunstar Chairs Steel 3 Seater Powder Coated Waiting Chair with Cushion (Silver) Size:Standard                                                                                 |                            Color:Silver    Seat width: each Chair is 52 cms.   Seat Bent Line :90cm.   Arm Length: 37cm, Width: 31cm, High: 4cm.   Leg Length: 54cm, High:22cm without SS base Height.   BEAM: 1.7mm Thickness with Durable Screw Tube.   Total Out to Out Width: 180 cms, Height: 80 cms, Depth: 64 cms.   Weight: 26-27 Kgs.   Collection: Perforated Powder Coated Metal Chairs."
Electronics,2,"Terabyte Power Cable Cord 3 Pin Laptop Adapter Charger, 1.5m Terabyte power cable for laptop charger and adaptor 1.5 M description: 100% brand new & excellent quality laptop power cord 3 barrel female to 3 pin male direct ac to laptop charger adapter best for: laptop / netbook adpaters , other chargers with simillar 3 barrel's length: 1.5 meters color: black weight: approx 180Gm package include: 1.5M power cord for laptop notebook 3 pin plug"
Electronics,2,"xcluma USB to TTL Serial Cable Debugger for Raspberry Pi Beaglebone Cubietruck Pl-2303hx USB to serial controller adoptedapproximately 1m long cable 4 connecting wires, 2. 54mm pitch type. Red= 5v, black= gnd, white= rxd, green= txdsupports baud rate from 75 to 128000 support win 98 or above (win 7 64-bit supported), mac os x or above, linux."
Household,3,"DEXAGLOBAL™ Console Table Dimensions: H 80 x W 40 x D 120 cm, Weight: 12 KG, Room Type: Living Room Primary Material: Pre-laminated Bored  Color : Golden Base Finish , Finish : Natural Finish, Style: French Country Designed to save a lot of space at your restaurant, cafe, hotel, school, home and office Supplied in Knock down condition ( will be supplied all required tool kit for simple & easy assembly can be done any person )"
Clothing & Accessories,1,AAKRITHI Women's Unique Girl's Blazer AAKRITHI comes with its trendy dynamic fitting girls coat / blazer with its unmatchable comfort level and unique colour combination which provide the feel of uniqueness and comfortness to its owner. AAKRITHI never compromises with the products. AAKRITHI is one of the biggest girls coat / blazer brand in India that provide girls coat / blazer .
Electronics,2,"Indian Style/EU Plug Adapter Duck Head for Power Adapters of Apple MacBook,Powerbook, Pro, Air, iPod, iPhone, iPad, iBook 2 Pin Indian / European style AC Wall Plug / Converter for Apple AC Power Adapters. This plug is compatible with the Power Adapters of Apple MacBook, Probook, PowerBook, Air, iPod, iPhone, iPad and iBook."
Electronics,2,"MAA-KU DC Axial Case Cooling Fan. SIZE : 3.65"" inches (9.2x9.2x2.5cm), (92x92x25mm), SUPPLY VOLTAGE : 12VDC, Material : Plastic P.B.T, Color : Black."
Clothing & Accessories,1,A-ONE Kids Girls Stockings_8907327128887_ A-ONE Girl's Cotton with Nylon Stockings Premium quality for comfort and durability Nice Color Collection with Solid design for any occasion. Durable for Multiple washes so will go long. Protect and keep your leg clean from Toe to Knee. Buy original products from the only authorized seller - UG WORLD
Household,3,Contemporary Partition Design Presenting India's first book on Contemporary Partition wall designs . All Partition wall designs in book are made in pure wood and of modern style a design feed for Interior designers and furniture manufactures. To know about latest trends in market Visit *******www.iagroup.co.in****** www.facebook.com/iagroup
Electronics,2,"Novateur X Headphones Microphone Folding Lightweight Headset Cellphones Tablets Smartphones Laptop Computer PC Mp3/4 (Orange/Black) ADJUST AND FOLD Hook up the tangle free, braided-nylon cord equipped with an in-line mic for taking calls, firing up your tunes, pausing them and controlling the tracks on your mix. The straight jack rocks with all devices and cases. MUSIC TO-GO The smooth-sliding adjustments and feather-light build are ready to hit the road. The plush circular ear cups fold up in the palm of your hand so you can bring them wherever life takes you, on or off tour ."
Electronics,2,"Tarkan Felt Sleeve Carry Case for All 13 13.3 14 Inch Laptops, MacBook Air Pro, Slim & Protective Cover (Yellow & Grey)"
Electronics,2,"Redgear Dagger Professional Gaming Headphones with RGB LED Effect, Volume Controller and Retractable Microphone High-quality sound production unit offers high, medium and low audio experience. Skin type protein earmuff. Lightweight design. LED dazzle light. High sensitivity microphone delivers more accurate, clear and smooth voice. Volume control button. Microphone on-off button. 3.5MM green jack is for headset, red jack is for microphone. USB interface for power supply for the LED lights."
Clothing & Accessories,1,"Mothercare Baby Boys' Regular Fit Cotton Sleepsuit (Pack of 3) If your little one dreams of motoring around in a tractor, they're sure to love this fun trio of sleepsuits! While they're making tracks in their sleep, they'll be plenty cosy in this selection of awesome prints."
Household,3,"LifeEstyle SheeSham Wood Chest of 6 Drawers (Standard Size, Brown) Chest of drawers, LifeEstyle 6 drawers of chest soild sheesham wooden chest of 6 drawers."
Books,0,"CMA FINAL DIRECT TAX, WITH CASE STUDIES, AY 19-20"
Clothing & Accessories,1,"Baby Boy Blue Camel Kurta Dhoti Set Mr Camel is here, to take the little one on a fun filled ride. Bright, festive colors and the comfort of cotton infused with a perfect ethnic aesthetic, this 2 Pc dhoti kurta set is the best traditional pick for your baby boy. The hand embroidered camel spells out joy for your little dude and his playful nuances. Features front buttoned kurta and elasticated dhoti with drawstring for ease of fitting."
Clothing & Accessories,1,"Mothercare Girls' Pyjama Set (Set of 2) This pack of two pyjamas features bright and colourful designs that are perfect for little ones. The tops come with long sleeves to keep little arms warm on cooler nights, while the bottoms feature an elasticated waist for all night comfort. The tops and bottoms can be mixed and matched with each other or other nightwear to create different bedtime looks."
Clothing & Accessories,1,"United Colors of Benetton Baby Boys' Regular Fit Plain Polo United Colors of Benetton Polo Shirt For BOYS Fabric Use 100% COTTON, Basic Polo with contrast logo-Short Pattern SOLID, SHORT SLEEVE POLO NECK CASUAL"
