id,text,label,sentiment
13466,"Watching Nemecek go on her computer, fun!  Lol I keed!  Norms was fun",2,positive
1065,DotA is an addiction...i waste 6-7 hours playing dota,0,negative
15130,Ordered a new computer! Unfortunately it won`t get here until the end of June.,0,negative
1815," I got a headache because of all the hard work today, still not ready, with a #Heineken trying to finished up",0,negative
9400, I`m currently into Emarosa. Their new album is the shiiiiiiiiiiiiiiiiiiiiiiiiiiiiiiiiiiit! Haha,0,negative
6184,grrh my phone (brand new might i add) keep just switching itself off and others are saying theirs does the same,0,negative
6867,another build failed! something is not right in the big scheme of things!,0,negative
16537, they already are in my books,1,neutral
10986,Bran!! Watch my video!!!!! please dont make me go stalker status 2nite  http://bit.ly/3Ysav,1,neutral
21167, that sounds delicious,2,positive
2967, Chabibi. It`s a long running joke. I don`t give a flying **** if anyone follows me at all!,1,neutral
4214,"This is the free version. The paid version is $7.99, the Platinum version is even more. You can only track 5 habits in the free version. Developers must be paid, but a lack of up front honesty makes this product undesirable. (I should charge for this.) Do not install. #doughymiddle",0,negative
346,Gonna celebrate Mothers Day with the family but gonna start the partying tonite,2,positive
6523,Did not work on my Amazon Fire 8. app just flashed abou a mile a minute and nothing could be selected.,0,negative
13206,_**** it was indeed  made my life!,2,positive
22230,_fan Been busy trumping your cheese omlette with a cheese and chili omlette. An omnomlette,1,neutral
2947,_benson  Woohoo! Well Done! I started Macarena-ing too,2,positive
2602,Will not open disappointed as i was looking forward to using this service,0,negative
4233,"Hello Team, I bought the complete package in Feb 2015. However when I am trying to use HabitBull Premium + Extra, it says no account found in database. Can you please help me with this? Your support team is also not responding to the the ticket which i have raised earlier Support Ticket Opened [#388906]",0,negative
1683,OH MY GOD! OH MY GOD! OH MY GOD! New SUPERNATURAL starts tonight!  New Sam and Dean! Oh My god! can`t breathe!  <3 <3,2,positive
1460,HAPPY MOTHERS DAY 2 ME,2,positive
4013,Super helpful app! I get so invested in making sure my plants don't die and it really helps,2,positive
12286,"_za its not fruit, its those sugar covered sweets. My tummy is not happy",0,negative
19487,I`m tired. I think I`m becoming too old to go out.,0,negative
12311, I`ve been using the Sennheiser CX 300 earbuds for 8 months and I love them.  Don`t know if they`re available in MU though.,2,positive
3437,I need a break! I NEED KITKAT! haha!,2,positive
5414,i ran out of facebook quizzes. lol grocery shopping then work. w00t?,1,neutral
8514,All my loved ones are leaving on Sunday..... sad,0,negative
1714,VERY GOOD APP BUT IN WIDGET THERE IS A NO OPTION IN LIST WISE SELECT TODAY TOMORROW OR ALL PLEASE UPDATE FOR THIS OPTION THEN IT WILL BE FAR BETTER PLEASE UPDATE EXAMPLE IF THERE'S A CALL LIST IN WIDGET IT SHOWS IN CALL WIDGET LIST ALL CALL TODAY TOMORROW OTHER ALL DAY BUT IT SHOULD OPTION TO SELECT TODAY TOMORROW ETC.,0,negative
25088," thanks for following, it means a lot to me  i love hey monday!",2,positive
2675,starting twitter,1,neutral
26563,just reached for her plate to get another bit of toast and realised id eaten it all  not a nice feeling,0,negative
21455," he was soooo great!!! loved him! He was so good live, haha it poured on us though... makes it that much better!",2,positive
2452, this picture made me cry  lol http://www.twitpic.com/671w1,0,negative
12494,"Enjoying sunshine in the park with friends, pale shirtless footballers are not attractive I`m afraid",1,neutral
1982, yes its the twins  so i wontt be watching,1,neutral
14699,Oh my `Mix Khichadi` seems to be ready now .. time for Lunch  !,1,neutral
20290,#Trackflashback: 'I Believe In A Thing Called Love' by The Darkness - check it out...,1,neutral
4831,may the 4th be with you,1,neutral
27224, mothers day gift,1,neutral
4710,"I would like to set the begin date in the past, then indicate the total number of days and have app calculate end date. i would like to see the end date on calendar, number of days remaining, and an option to have days marked complete as the default. also, stop asking me to rate when i already have please.",2,positive
24569,This GAR keeps going out - 3rd relight,1,neutral
10879,Awe i feel so left out,0,negative
11069," Nerves I think, Im not sure",1,neutral
23182,homework,1,neutral
9931,"I would love this app so much more if part of the calendar wasn't obscured. 
I don't mind the week number or anything, I just wish I could see both it 
and the bottom of the calendar clearly.",2,positive
2203,"amazing functionality; however, I wish there was a guide for some of the more advanced features.",2,positive
854,Rest In Peace  ADaM 12 & GLeNN EPPS.... Gone but never forgotten... what a week ...Loud in da air 4 ya,1,neutral
19214,"http://twitpic.com/4wsjr - Leisure Bay beach  (I see the pic. wasn`t uploaded last time, grrr!)",1,neutral
8386,nice!,1,neutral
6715,has a tummy ache,0,negative
10237,jQuery UI 1.6 Book Review - http://cfbloggers.org/?c=30631,1,neutral
16426,listening to AM- teddy picker  She saw it and she grabbed it and it wasn`t what it seemed,0,negative
19349,", word!?",1,neutral
25607,Fun webcamming with caroooo,2,positive
26023,Brian is teaching me soccer!! Lots of fun,2,positive
27046,Ugh! I just realized that I have to completely redo my tweetdeck groups! Pains of computer being wiped clean!,0,negative
2340,I gave up on tumblr because the API isn`t pointing to the private account,0,negative
10906, nice have fun....Although you cant not have fun lol,1,neutral
13047, all is quiet in twitterland 2day.,1,neutral
26146, see ya there,1,neutral
5657,"This is awful!! bring back wunderlist ! You cant move your list around to the you want, this is beyond frustrating. Not happy you are forcing us to stop wunderlist Will have to investigate else where for a better list app.",0,negative
11416,"1am, quietly tidying up after dinner party. Whilst closing tupprwre lid, centre island in my kitchen collapses! Wakes baby. Mayhem ensues",0,negative
18487, Love to but can`t swing the 11 am  I would more than likely do an evening tweetup in the future!,2,positive
4158,The Premium version of the App does not sync across multiple devices. I use an android phone and a chromebook and it still does not work. Don't bother with Premium.,0,negative
9603,"I paid for the subscription but can not use the recurring function. I tried 
to make a task for monthly use and it does not show up on the other months 
ahead.",0,negative
6770,"Yes! Cold coffee from yesterday. No sugar, no cream !  The way I like it !",2,positive
14729,likes being friends but it hurts when u love your friend but the feelings arent the same. trying to sleep. has to really try to give up.,1,neutral
15938,_m do it up,1,neutral
25115,lost my keys at the mall... took me 45 mins to find them,0,negative
4762," sorry bout 2day  bloody typical,goin 4 a laydown now feel sick again,ooo this not nice x",0,negative
2062,18 hours to work....*cry* i can`t survive!  // Weeelcome to my wonderland *sing along*,0,negative
944, Good to see you back. Sorry that happened to you,1,neutral
8348,i am still testing it out but so far do good... i like that there is a possibility to organize tasks according to thier importance and nature !,1,neutral
21912, Morning! I have loads to do 2day  goin for a walk 1st to get rid of last nites haribo`s,1,neutral
20222, I can`t die  I have a lunch date with rocio coming up plus some new shoes UGH!,0,negative
9175,"Have been using the old Pro version on all my previous devices for years and liked it very much. Just started to use this new one not long ago. It has a more contemporary design, simplified and streamlined options, but the change in drag n drop in weekly view costs it a star.",2,positive
11076,"Well, I made the list look better, but I can`t do anything about the number pictures, since I already closed that tab.",1,neutral
3175,ahh! big scary bug flying around my room!!!!!,0,negative
18959,_surprises unfortunately yes,0,negative
10425,Off to prom. Say hi to me,1,neutral
8765,"Waste of time, unusable cannot delete events",0,negative
23830,i looked all cute too!,2,positive
5317, That`s true  I never believe my staff when they call in sick on Mondays or Fridays - LOL!,1,neutral
20640, http://twitpic.com/4jazs - Congratulations! You two are adorable. Beautiful ring too!,2,positive
137," Congrats!  I cuss like that in a matter of minutes, But didn`t know until now there is a reward for it.",1,neutral
2431,Enables you to sandwich your productivity in double slices of focus. It's definitely my go-to planner.,2,positive
9327,awesome Not awesome. Just got a new phone. Doesn't trasnfer most of my events and tasks!!!! This has to improve. I love this app enough to take my tune to recreate my events BUT if this isn't fixed by the time I need a new phone.... bye bye Business Calendar. .... and I think I even PAID for the upgraded version! I see red!,2,positive
10511,"The more I hear about this GM thing the more angry I get. Billions wasted, more bullshit. All for something like 40k employees and all the..",0,negative
21761,wants to wish all the moms a Happy Mother`s Day.  Hope you`re all treated like Queens!,2,positive
8903,Twitter has been foking up for me today arg!  1 and 1/2 hours of work till the weekend! Woooooo,0,negative
22815,I am the queen of losing things. Important things like keycards and bus passes.,1,neutral
2616,sorry for taking over twitter with my i-can`t-sleepness,0,negative
10165,omg so bored &amp; my tattoooos are so itchy!!  help! aha =),0,negative
18338,"laughed so much today over that picture of lauren, that my chest hurts.",0,negative
19082,can`t make it to graduation...,0,negative
10342,@siratomofbones we tried but Time Warner wasn't being nice so we recorded today. :),0,negative
3841,Kinda wish price tiers weren't so high but that's not that big of a deal. I guess premium is better but I can't get that at the moment so eh. Actually I do have one complaint. I don't think syncing forest from the chrome extention to your phone should require the premium version. That's just me though,2,positive
561,"Really great app, great interface, easy to input tasks but you can't have your tasks show on Google calendar which is pretty disappointing.",1,neutral
232,"Must register with email, Google or FB -- displaying your email address -- just to get onto app. Smack dab near beginning of setup process (full page, per each setting), a full page ad to buy premium version appears. Getting into app? -- Stayed just a min, with the boxed, staring at the boxed, text notification that we have seven (7) days to try app for free. Already concerned about/not liking having to register online to use, stopped setup process, at that page. Uninstalling right now.",0,negative
4254,notthebest weekend....but oh well....I have a right to be sad,0,negative
7972,Love the look of this agenda. List feature is great way to track & complete to do lists!,2,positive
1100,Lost half its use once they got rid of seeing children categories in the widget. I use ToDoist for homework assignments and I used the parent functions for assignments to categorize what class the assignment is for. Without being able to see all my parent/sub folders from the widget it kills most of the use of the app. I went back to an old APK but then I started getting prompts that the app would stop working if I didn't update. I still use it as a grocery list with IFTTT until Keep is fixed.,0,negative
26547, oh no! I woke up accidentally.  how can we get you to fall asleep? Should I scare you with P2 or P3 stories? JK!,0,negative
2895,"I like it a lot, but I think it needs a way to tell what day you're in. It 
does ask if you did things yesterday, but I sometimes get reminders for 
things on the wrong days... It's still a very good resource.",1,neutral
9867,Only 24hr option? no 12. Would be cool if you could color code the circles in the calendar date to that calendar that has an event for that day.,1,neutral
11816,finally got home and get to sleep! had a great time with  and friends!,2,positive
3634, Re-direct that energy into creating men`s jewelry.    And frequent walks too.,1,neutral
19634," Good lord, man.   I recommend the Dark & Stormy at Casablanca.",2,positive
1838, Oh I see who u mean now-tht heltershelter person lol. yer looks scary,0,negative
5919,"Mostly works well, but I am rather disappointed with the syncing issues my wife and I are experiencing. I'm unsure as to what Microsoft has changed from the ""Wunderlist"" app that I've been forced to switch from, but this app does not work as quickly and nicely as wunderlist did, which I had been using for 2 to 3 years constantly because it worked so well. Please revise this app so that connectivity problems from servers can be solved. I am unable to sync some/all of my shared lists.",1,neutral
12986,dang i miss you  goodnight,0,negative
432,"I paid for the Premium version and had expected it to work. Unfortunately, I've been missing quite a few reminders because somehow they stopped working. The notifications didn't show at all. If this problem persists, I want to cancel my monthly subscription.",1,neutral
18373,I am tired.,0,negative
10413,"breakers. in San Francisco, CA http://loopt.us/4v88Bw.t",1,neutral
854,pretty useful,2,positive
3964,i can`t believe my little brother is married...,1,neutral
9479,I was really excited about this app but when I went to create an account it did not work. I tried logging in with my google account but it still didn't work. I am very disappointed,0,negative
4569,It is good but not for me,1,neutral
8211,"battery is low boooooooo in Palm Springs, CA http://loopt.us/2SljBw.t",0,negative
18550,Looking forward for orange juice and fried eggs and cinnamon rolls tomorrow morning!!,2,positive
9187,Very good... Just one point. When listing coming up tasks it would be good to have bands of background semi transparent color to highlight today's events and next 3 days events for example to be distinguished from far future events. All in one list with no distinction tends to be overlooked,2,positive
8028,The best yet!,2,positive
622,"booziest weekend in a long time, good fun though!",2,positive
22543,"Home from Jack`s now, can`t say I`m too happy about that either",0,negative
16503,"Nearly finished Angels and Demons, awesome book, feel so lame for only reading it now",1,neutral
7514," hahaha, yes, our discussions always seem to jump around randomly",1,neutral
2706,this app is closing down everytime I try to do anything but daily tasks. rather frustrating...,0,negative
10186,"**** it, the guys aren`t at #comet09  I hope they win though",2,positive
9725,"I downloaded this app on my tablet long time ago (full version) and recently also downloaded it on my phone as I don't bring my tablet with me all the time. I only use the ""task"" function, because  my  calendar events do not sync properly (I haven't fpnd the sync button on my phone...) and another not so funny thing for me: I am using the same account for both devices, BUT I can't use the full version on my phone (I get a message that I need to buy it (???)...) that's why I need to use my tablet (with the full version on it) if I want to add something.",1,neutral
4464,Don't get any reminders for the goals inspite of setting it a number of times!,1,neutral
7210,I found it odd that the app didn't have preset hourly reminders. Most people have habits that require them to do them on specific hours (for example; gyming twice or thrice a day) the app should have a feature on where you can input the exact times in the day when it should remind you Another example of this would be:  Reminder: on every Thursdays at 7am and 8pm I should be reminded of (insert habit).  Instead it's jungle of toggles that seem to not make sense,0,negative
13098,"  told you, you would sweep haha :-p",2,positive
19367,ugh blisters on both my big toes and on both my legs and my shoulders are raw as ****. my life sucks right now,0,negative
3250, Oh dear... that`s just... disturbing.   The coffee connoisseur in me just died a little.,0,negative
6077,I tried it since it had integrated many features from Wunderlist. It still falls short. There is no option to view all to do's at once. That was the main killer for me. I'm sticking with Wunderlist.,1,neutral
10560,10 tips for healthy eating ? ResultsBy Fitness Blog :: Fitness ... http://bit.ly/62gFn,1,neutral
14014, wow I love it !!! thanks,2,positive
14839,"just got back from..ahem, meal#4...was boring but had to eat nonetheless",0,negative
10454,#MBA Admissions Tips Stanford GSB Deadlines and Essay Topics 2009-2010 http://tinyurl.com/pet4fd,1,neutral
24441," - We drank ours away, May Day Bank Holiday today",1,neutral
1147,Ohh grandpas.. Stable.. Won`t kno all details til tomorrow when I visit... Keep him me and my fam in ur prayers..thank you  ... Goodnite,2,positive
20440, I would much rather you didn`t punch yourself in the face...it might hurt,0,negative
19834,"_peek mkay :/ did you tell him on msn? bfgurelgbsr yeah, i guess so, i don`t know if i like it, i`ll wait till i get your opinion",1,neutral
387,No TV and no internet make Catherine something something?,1,neutral
21679,On the way to santa monica,1,neutral
7978,Feeling deflated. Hubby saw swing set & thinks is a piece of junk. I thought I had found something good 4 the kids,1,neutral
15024," although, there is drama, move forward, smile, and count your blessings everyday. Your actions speak volumes, sooo inspiring",2,positive
24554,today was such a horrible dayy,0,negative
4121,wish it wasn`t raining,2,positive
16201,off to work... off at 10:30....lammmeeee,0,negative
9336,"Amazing app. Very helpful in planning your business. Very nice feature that you can add something and put it on repeat (every day, every month, certain day...) Highly recommend, it will help to make you business and life more easy.",2,positive
3589,"The guide to take the notifications off literally just shows for vivo, oppo (I don't even know what these are), Huawei and Xiaomi phones, there's no guide for simply Android or iPhone",1,neutral
6239, I like your HR shirts. They`re inspiring me to think of witty/rude HR-like sayings I`d never actually wear.,2,positive
4113,Good aplication ❤❤❤❤,2,positive
12156,"_10k much appreciated!  yeah, it sure is a challenge and a great reward. wouldn`t trade it for anything.",2,positive
9026,Pretty happy with how things have changed over the past 2 months...definitely for the best,1,neutral
11626,Good! luck you! I want new shoes  Ly x,2,positive
16470,Sorting out Twitter issues....very frustrated that you can`t talk to someone and they respond slowly to issues - capacity the challenges,0,negative
8213, thats great  (((hugs))),2,positive
10982,"2 days of this month left, and I only have 400MB left on my onpeak downloads.",1,neutral
11077,watching keeping up with the kardashian on youtube,1,neutral
6258, had a life changing redhead - she got away,1,neutral
7647,Right now at my second gig !!! Sippinn on guess whut ? Water  we sta focused we are on the job,2,positive
25929,Gotta get up early tomorrow...gotta be at work for 9,1,neutral
9124,UNC budget  cuts may rise to 18%   http://tinyurl.com/mdm5tp,1,neutral
9755,It doesn't work well for repeated scheduling of regular tasks.  I have tried selecting every week or every 7 days and repeat either does not work at all or shows up only for the same day monthly not weekly.,1,neutral
13459,"dear  a)stop snoring and b) move from the middle of the bed, please.",1,neutral
9120,its ok works for me,1,neutral
11533,****. It`s raining again,0,negative
20994,Blinded again,0,negative
24713,_agwl Talking to whom? This `Shah Rukh Khan` is an imposter here... LOL! BTW thanx for the follow...,1,neutral
1660,is heading in to London to meet with  and  let us know if you`re about  still not sure what time we`re meeting.....,1,neutral
9947,"Awesome app! It helps me a lot to organize my life, work and other stuffs. The features are really amazing! Would recommend this to my friends and colleagues.",2,positive
10884, srry can`t go paintballing tonight  and there are no good movies out,0,negative
18244,Oh my gosh! My hair is so short! I miss my long hair!,0,negative
5823,Watching wizard of waverly place,1,neutral
14653,(bye) plurk out muna. will be back when im done reading the book  http://plurk.com/p/rq9c7,1,neutral
8445,"I have looked and looked for an app that would let me make lists and check them off like pen and paper, and this does that. Simple and great to use.",2,positive
4196,Itt`s the BIG TIME Saturday night  Playing Canasta then a movie then...Psych homework?  Stay shiny and love everybody!!,2,positive
7318,not working in my phone,0,negative
4625,My breath is weezy.  No more going to knotts when you`ve been sick all week.,0,negative
23682, you will never be the same...,1,neutral
4012,Won a gps at post prom,2,positive
20363,"Back from umpireing trainging, making dinner",1,neutral
8591," - I`m alright thanks pal, just bored witless, bored to hell, really wanna` go out somewhere!",0,negative
5634, If it makes you feel any better.. My Saturday night is lame as well. I heart you,1,neutral
5652,OMGSH IM BEING FOLLOWED BY >>PARAMORE<< :O,2,positive
25925," yes, yes it was",1,neutral
24006, Izzy!!! So sorry to hear that - what a disaster,0,negative
13405, good morning sunshine. sleepytown is sleepy.,2,positive
3020,"CAN YOU PLEASE ADD THE ABILITY TO HEAR A SAMPLE OF THE AUDIO THEMES BEFORE YOU SELECT THEM? I tried another popular RPG checklist app and I didnt like it as much. This app for me has been life-changing, literally. Its a great app for breaking bad habits, building up good habits or having a videogame style quest checklist that gives you instant gratification for completing real-world tasks. Theres some occasional glitches but nothing major, they can be fixed by closing the app and restarting it.",2,positive
23410,"Last Heroes ep until Sept  Sick & drugged for past 3 days. Dr says lacking in everything, esp -get this- SUNSHINE.",0,negative
3394,"Ohhh me, i am rather bored. How can a friday night be soo boring!",0,negative
3160, haha well then maybe u shouldn`t be so weak  hehe jks  ****,2,positive
22853,Daddy just left.................without me  http://yfrog.com/13pdrmj,0,negative
1937,"Gettin some fuel, too bad no one is reading this!",0,negative
8476,Could you write an option so we can backup lists to cloud? Otherwise this app is really handy.,2,positive
4467, Same! And big moths and wasps and just insects in general HAHA I hate them,0,negative
14366, Well thank you.,2,positive
5221,i wanna be in michi with my moma!! Love you Mom,2,positive
11296," hilarious. so if she acts up, all you have to do is say 1 little word...'gummed up' grosses me out; hub says it 2 torment",2,positive
11396,cof Cof Cof!,1,neutral
6248, That`s ok then....  I accept the slave role...  Your wish is my command...  hahaha,1,neutral
1316,"needs registration, for online use...",1,neutral
3104," ohh yeahh (: i`m probs gonna be a loner to start with, thanks to the person i was gonna go with be a ****",0,negative
1928,idk why im so hyper im jumping everyhere. ugh lets let it be friday sweeney todd then cinco de mayo il those parties,0,negative
3262,insomniaa.  been trying to sleep for 2 hours . :|,1,neutral
5538,Great app. Very user-friendly and practical. Thanks,2,positive
23219,Ok so I`m **** hungry....!  I`m fat I know..I know..! Aha,0,negative
3179, i`m afraid im def. a product of the NRI Karan Johar generation- I`ve been watching a lot of classics this semester,0,negative
806,Very good for time management and reminding you when need to get things done.,2,positive
10123,  that`s the worst dream ever. weird to think all of those thoughts are in your subconscious.,0,negative
26680,just got the bouquet of flowers for my mom  HEHEHE SWEET ),2,positive
423,_dec0de I finally just have 1 hour of history... at 3.00 pm! but I went to my highschool at 8.00 am to make some homework with a friend,1,neutral
3788,can you add more than 2 hours?,1,neutral
8292,happy mothers day to all you mums out there,0,negative
4937,sun - where are you?,1,neutral
2540," Sorry, that was a bit negative!",0,negative
2143,_hand Oops! I completely forgot!,0,negative
22078,listening through the Mendeed discog once again. I still think their disbanding is a loss.  #metal,0,negative
1343,thank god for some overcast and ivory. Trying to get my mom to take me out to lunch egh doesnt look like its gonna work.,2,positive
1246,"Watched GossiP.Girl. Dan`s so funny, haha.",2,positive
20279,"juss boredd, !",0,negative
8516,Like it!,2,positive
26856,...you should call school and tell them you have swine flu so we can have the day off,1,neutral
1871,...Nomore adventure time,0,negative
7708," Ha Thats good. Thats why I love my boys, cos they never stir up the hatred that the mighty red scum do  Everyone loves City",2,positive
7045,"This app is fantastic! I work from home anyway, and with the disruption due to the Coronavirus, it was difficult to maintain my usual schedule. By the end of the day, I hadn't accomplished much and really didn't know where the time had gone. I downloaded Sectograph and it has made all the difference. I am getting my work done and even have free time to enjoy. I even recommended it on Twitter yesterday.",2,positive
8052,"Dear developers, thank you for deleting all my reminders after updating the app! It was not pleasant at all, believe me!",0,negative
22129,going to get waterguns from tesco today   haha.   its sunny.,1,neutral
4749,I have to uninstall it because i need more habits to track but the free version cant provide more than 5 habits.,2,positive
2878," unfortunately I know I would like them - which is why I am avoiding them,",1,neutral
10047,It's a good app.,2,positive
4612, http://twitpic.com/4wrxq - whens your little gingg getting twitter ? from g + j,1,neutral
9620,Just finished watching the series return of the Chasers War on Everything - really quite **** compared to how it used to be,0,negative
7825,Watching Ryann!!  Gonna be a grand day!!!,2,positive
24377,_fann coming up! Sowwy!,0,negative
24231, Hope you feel better soon and check out my cool backround on my profile,2,positive
26195, Kat Stewart did a great job with a great character not that I watched #underbelly in Victoria,2,positive
9854,"I wish it would sync, so I could use it on all devices",1,neutral
9499,"Up and breakfasted, about to jump in shower then heading off to the land of the black pudding for playoff part 2",1,neutral
11499,"_Griffin I spent yesterday nursing one of those, only replace Vodka with wine, and Japanese with posh dinner!",1,neutral
20185,On my way to nottingham..I so don`t want to be going,0,negative
24097, thanku  cooking is simple but the law is- u hve to have fun while u make it,2,positive
1856, yeah i want to know what that is too!,1,neutral
21794,I`m emailing my best friend Deanna with my yahoo account. Emailing is FUN.  <3,2,positive
707, actually workin from home tonight...  you?,1,neutral
6881,Why isn't this also an Android wear watchface?,1,neutral
14,Its coming out the socket  I feel like my phones hole is not a virgin. That`s how loose it is... :`(,0,negative
24325,"honestly, why did the folks at Microsoft do MS Word 2007 to me?  I can`t believe I just spent 10 minutes finding auto correct options",1,neutral
1601,"Love it especially the natural language e.g write every tuesday, friday do ... Then it will automatically repeat ... Every tuesday, friday.",2,positive
4546, http://twitpic.com/4jf4m - Very interesting head gear. lol.,2,positive
22856, i`ll try sort that fabric out for you today...been a busy bee!,1,neutral
46,egh blah and boooooooooooo i dunno wanna go to work  HANGOVERS SUCKKKKKK Im a drunk mess!,0,negative
8478,homeee! my feet are sore,0,negative
4505," awww ) where`d you get that? hugh is so thin. no traces of being wolverine yet. btw, who`s that other guy besides RDJ?",1,neutral
16036,"got so totally lost that I had to pay for a taxi to get me back to where I was supposed to be. Yeah, something like that, lol.",0,negative
24807,The Taxi Q at Pelangi was super loooong.. and now I`m getting headaches because of the hot-cold transition,0,negative
2601,can`t upload a picture. I already hate twitter,0,negative
22691,Morning...I woke up to watch  on the Today show. You rocked it girl. Wish I could have been there. So close but so far away,1,neutral
1195, very nice...i cleared my head,2,positive
19040," The Hulk, great movie  You might recognize Toronto`s Younge Street in some of the fight scenes.",2,positive
286," it makes me happy to hear a girl talk, or tweet, about the nba. but... could you give my nuggets some love?!",2,positive
2533,I hope I get the job so I can have some steady income and start eating well again. All the cheap food is horrible for you,1,neutral
1507,Super convenient,2,positive
520, Thanks for sharing that,2,positive
4716,Another loser: ****. I have lost the game more times today than any other day in history.  lost.. http://tinyurl.com/qa4cdv ( ...,0,negative
3341," haha well i was at my friend`s party, but then i realized i forgot my stepmom`s bday, so i had to come home to call her!",1,neutral
2167,"Tick tick is Brilliant app, I have been using it for almost 2 years and I even subscribe to the upgrade, unfortunately was disappointed that it automatically subscriberd me to auto renewal, without providing me the option to choose yearly renewal. I have since unsubscribed. I would like to upgrade but only if I am allowed to choose yearly upgrade not auto renewal.",1,neutral
21758,I`m so proud of Dr. House for detoxing.  His Amber hallucination is evil!!,2,positive
5188,It's helping me the way i think,2,positive
15681,Just woke up and catching up on the nightly tweets!!,1,neutral
9125,Est ce que vous avez une version de Business Calendar pour les laptop ?,1,neutral
2918," Pics? Ah, I`ll probably see you at work at some point... Hopefully b4 it grows out too much",2,positive
112,Why should I pay for an app of which I haven't installed? Huh😠😠😠,0,negative
2239,"leaving work, going to crystal to search for her license, picking her and bia up, then heading to vegas. ugh i`m tired already",0,negative
638,"Its a great app, although it only allows me to connect to amazon alexa, and not any other assistant.",2,positive
16231,"What to do this weekend, what to do. Don`t think I`ll be making it to Michigan for The Wonder Years.",1,neutral
16572, nick`s voice still makes me wanna kill things,0,negative
22919,Sad babies make for angsty writing,0,negative
6983,"Use twitter, quit life",1,neutral
15315,*cough cough hack hack,1,neutral
25397,Soooooooooo glad to learn that Farrells ice cream parlor is staging a comeback in So. Cal -- too bad it`s in the Mission Viejo mall,1,neutral
444,"Where is the priority setting? My app interface doesn't match the video you created for new users. I liked everywhere and can't find any any to prioritize tasks, only set a time for a reminder. Please provide up to date instruction for setting priorities and other details for using the app. Thanks.",1,neutral
9220,I have just looked the time and it is #BGT in 20mins. I may hibernate for an hour or so.,1,neutral
7291,not user friendly,0,negative
768,"Basic functionality, and apparently that's enough for personal usage. But this animations and user experience make you open this app again and again and again...",2,positive
1987,My spellingis awful on twiiter,0,negative
2041,"thought id tanned after an hour in the sun, i was wrong....i`ve just burnt",0,negative
24049,Sensation Ocean of White Portugal: absolutely amazing  Adoreiii!,2,positive
2661,"I quite like habitica, but this app has some issues. The biggest problem for me is that switching the to do list to ""Scheduled"" is supposed to sort the to do items by due date (that's how it works on the website), but it doesn't. That makes the to do list (in the app) useless for me.",0,negative
8462,It's useful simple to use Have lot of features but not complicated and disturbing Maybe it's not number #1 but I'm sure it's one the best apps,2,positive
213, We never miss ICarly - my son has a huge crush on Miranda,2,positive
17355,Ugh i can`t sleep and it`s reallyy gettin to me gahif pisses me off so bad sometimes. Atleast i know who my friends are,0,negative
6405,Its the place where I take notes of my homework and projects I've got to do so pretty useful for me,2,positive
26228, LoL....heeeyyy love! Not much working   and you,1,neutral
8182,No easy way to import/export tasks in a compatible format (e.g. Google Tasks),0,negative
25674," hey perez! good luck! well, i`m still planning for a big present to be given for my mom! i love you mom!",2,positive
5497,Great simple app. I wish it easily sync'd across devices. I also would love a calendar view I can see/print so I can visually see my progress over time.,2,positive
15297,oh how I miss my truck... I could have my whole place moved by now...,0,negative
17160,Enjoyed last night at what I call 'real world social networking' -  LOK event in Vancouver.  It was great!.  But headeache today,1,neutral
2693,"Great concept, but can they hire an artist, this artwork is outdated!! otherwise I would use this",0,negative
15949," Thanks, I found the link http://bit.ly/uxOFO  , however I think you need to be a customer to download it",2,positive
21228,"Heading to bed. I think I`ll read for a bit, propped up on fluffy pillows.",1,neutral
2405," thanks  and ill cross my fingers for you, that the rain will stop",2,positive
12484, 7pm? So early. Dat`s 4pm my time.,1,neutral
9089,Sometimes the app will just stop working or the widgets won't work,1,neutral
25162,i just realized today was my last day to see my best friend tanner im goin to miss him so much,1,neutral
2546,Requires being online to use. Which is a shame because it looks like a fun way to get motivated. Would use if it didn't require constant network or wifi connection (I live and work in rural areas) . Had to uninstall due to inability to use throughout the day.,0,negative
18332,Fixed my favourites. $180 and the heels fell off after 4 wears,2,positive
3695,Please add pause provision in the app for long time study so thay actual focus can be counted .,1,neutral
9365,I have used for 3 or so years. It has served me well. So far. :). So far it is one of very few apps that has never crashed...( The so far is Murphy's law),2,positive
2292,Sick at home and so bored  I want to get better already so I can enjoy being a college grad!,0,negative
9106,Is there a way to see less weeks in month-widget? 6 weeks is too much for my taste. 4 would be more ideal,1,neutral
4520,I would have loved this app except for the fact that I need to pay to even use it as a widget.,1,neutral
23288,"hey  please reply me, i can`t call you im from Mexico and i don`t know the code  love you",2,positive
1082,gosh im bored. its early..n i wanna go..to sleeeepp why am i at work?  *kay<3*,0,negative
14438,Having Problems With My BlackBerry UGH I need another charged Battery! (@ least 4 now)  ,0,negative
17161,Thanks for your definition of throwbie!  Editors reviewed your entry and have decided to not publish it.,2,positive
5659, oh no  this week is just a bad one for everyone. i love you & your pretty face & youre going to do fantastic in concert tonight,1,neutral
27130,TV time  see yall later! xoxo,1,neutral
26561,"Ive been up since 530,i hate wen i cant sleep. Garys takn a nap and i mite do the same",1,neutral
8534,"Bullet should be in front of the first line of the paragraph, not in front of the middle of the paragraph",2,positive
16550,Wowzer! It`s very windy. Not good for my allergies!!,0,negative
19666,there it is. postieeee  http://andshehopes.blogspot.com/2009/05/kewpie.html,1,neutral
16224,sick of having constant bad dreams  grr,0,negative
3213,"I can't upgrade to pro version. Anytime I hit the Unlock button, the app will say ""some error happened (6). Please try again later.""",0,negative
12913, in bucher`s class?! i cried too!,0,negative
1783,"each time I check a task in its widget, it crashes and doesn't show any thing without any response to the other buttons. I was happy to find this app but can't use it because of the infinity crashes. :(",0,negative
8210,"Dates and times? No such thing here Sure you can colorcode and organize and 
sort your tasks to death, but strangely enough there's no changing when a 
reminder will go off, no setting when a task is due (perhaps if you used 
this for work or a meeting), or not even the ability to set a due date for 
a task. It can be put in the details, but when time is of the essence 
you're better off using a better task app",0,negative
3225," I had to look at it 3 times before it sunk in, totally shocked by it  tbh.",0,negative
7998,I love this calendar app! This is the only digital calendar that I have been happy with! I can easily see what I have coming up. I love the 'tasks' and the ability to make my to do list right on the app...and the ability to easily snooze a task ii didn't get to until tomorrow. LOVE IT!,2,positive
22037,"i`m gonna eat some chips??!! anybody, want some??? hahaha!",2,positive
7267,hi beautiful! How`s it going?  ,2,positive
11433,is frustrated by twitter...my picture will not load.,0,negative
2208,  Yeah I know what you mwan.,1,neutral
9418, got it at answered,1,neutral
26953, He was my reason for even going too haha.  Shaun of the Dead was too epic haha,2,positive
5436,This app is really functional and helpful. The widget is great. Caveat: you can only track seven habits without paying. It's one time five bucks and worth it though. Suggestion to the developer: make checked off habits go to the bottom of the list so we can see what we haven't done yet more easily.,2,positive
2643,"Two bugs right at the beginning of registration. First two images didn't load on the three slides intro, then when registering my info, it moved to the next screen but gave a name error and I couldn't make an avatar. Not a good first impression. Just deleted my account thru the website.",0,negative
10887,Sooo much work so little time,0,negative
1402,Why am I always the one on time. They are always late. I wanna sleep. I miss Mere.,0,negative
7204,UGH... I am soooo drag assing today  but on a brighter note I got my G1 update & it is the biznesssss!,1,neutral
2059," no prob, you have a sexy site there",1,neutral
19789,2026 2164 6790 9128  Add me up and lets play something.,1,neutral
25944,_crisis deathmatch? I don`t have that game. Plus.... I`m not really good at any games  lol,0,negative
2516,Just finished mowing the lawn.,1,neutral
25590,Going to buffalo wild wings to meet up with my best friends I haven`t seen in forever! Too bad I can`t eat the food,0,negative
8582,_cunning I gotta go to my cousin`s grad party,2,positive
6363," Oh no, but that means that you won`t be able to get pwned by my shottie this weekend",1,neutral
9171,Really like this calendar app and would recommend to other users. Though it really does need SMS support for sending automatic reminders to event attendees. By that I mean I would like to be able to create an event and add an attendee. When the event reminder comes round I would want the invited attendee to be sent a SMS text message reminding them in advance of the event. That functionality would make it a 5 star app for me.,1,neutral
15124, No one to rub it in,1,neutral
27245,"going out with my tita gi, sister and my beloved lola! Were going to treat her for dinner! Wohoo... So excited and hungry...",2,positive
22279," BAH, you`be made me all hungry now",0,negative
16739,Working!!! Still sick,0,negative
20483,checking iDestroy sales.... sales are good,2,positive
1618, http://twitpic.com/4jber - aww .... then we wonder why they hate us later..... lol!!,0,negative
12709,"When life, as you know it, doesn`t exist anymore.",0,negative
4264," You`re not the only one surprised that FreeTDS and UTF-8 don`t 'just work'. But you`ll get it right, eventually.",2,positive
5915,Happy Mother`s Day mommy and grandma haha  ily,2,positive
20240,"_Paradise Hi Dale, your welcome man! Hope ur weekend is going well. I think I would enjoy your Desert Paradise! fun, fun, fun!",2,positive
26755,just listened to Domination by Pantera on Grooveshark: http://tinysong.com/36pz,1,neutral
6516,I just bought pro on my tablet 15 minutes ago and then installed Sectograph on my phone and it says I have to buy pro again. What the heck happened with syncing google accounts,0,negative
26722,Happy Mothers Day. Take ur mothers into a special place.,2,positive
25887, I know. But the second problem being: he doesn`t REALLY exist still applies. Shame,0,negative
13398, Oh lovely - that is one thing Mum`s are great at!! Sounds yummy!  You are makin me hungry here! lol :-p,2,positive
21002,Heading to the U of Utah hospital. Have a great day everyone,2,positive
1087,Just touched down in Changi. +1/2 hrs to kill before heading to Penang.  Must fly singapore air more often!,1,neutral
3559,Surf`s up this week - starting this afternoon,1,neutral
26126,I`m getting more and more followers... look out Ashton!,1,neutral
4142,"I just bought premium and realized I made a mistake right away! It told me to register to sync my data and I did. Sync option wouldn't do anything. I wasn't able to set a username because of some unknown error all the time. Then half the screen was empty and I decided it was a glitch and reinstalled it and now ALL MY DATA IS GONE! So stupid! I just paid 10 bucks to be able to create more than 5 habits and I lost everything! Don't recommend this app, so disappointed...",0,negative
8972,"Def prefer this to Google calendar, wish it was easier to see and switch to month view.",1,neutral
7274,Most of the things are paid,0,negative
15268,ouch... head hurts,0,negative
1194,"Being a ""free version"" user, regularly. I can boast about Todoist's opening yield of tools you receive. Although they are not much different or more varied than most other task apps. What makes Todoist stand out is the easy-to-operate platform. The simplicity mixed with the intuitive functionality makes this a hair more effective, enjoyable, & my recommendation for anyone needing some help being more structured. It helped me greatly.",1,neutral
5155, i will do that..,1,neutral
11857, Don`t be mad at me.  Please? ::puppy dog eyes::,0,negative
1117,Good days with good friends make me not regret living,2,positive
8428,"The app looks and feels good, but it just doesn't work for me. I wanted this app mainly for the widget but it is almost useless. When you cross of an item it doesn't show up in the widget and when you edit the list in app, it doesn't update on the widget. According to the dev it's Xiaomi's fault, which I think is a possibility so be aware of this when you download it.",2,positive
4184,Grad present photos on facebook,1,neutral
8256,"this app is really very good and have a simple interface and easy to create tasks unlike other apps which are really cluttered. This is what i exactly needed. However, the problem is, if the phone is locked, it doesnt ring at all. Also, the alarm doesnt go off at the right time. if i have set an alarm at 10am for a task, it some times goes at 10:10. if it is locked, it doesnt go at all. please please fix this.",1,neutral
2280,"Awesome app. Just want one feature, though, namely setting up the feature of an advanced timer for a task if one wants. Then will make the rating 5* from the current 4*.",2,positive
598, sorry 19/female/atl very lonely,0,negative
984,"I was facing a problem that my reminder never pop out at notification bar when it's time. I have send a few message to support team regarding this problem. But no one reply, just a member who call David, he sent me a welcome message. Then I replied him with my problem as well. He did not reply too. I have just paid for 1 year package, now I hope I can get my refund.",0,negative
12503,  Yeah eCpm is going UP and down badly - hope things improve,1,neutral
9113,Nice calendar but where is the Jewish Calendar maybe you could offer more options,1,neutral
2800,tiiiired but i cant sleep,0,negative
2975,Good Morning twitters!!! I am soooo tired...I really need 2 stay off of twitter...LOL this **** is taking over my life...LOL,1,neutral
8470,: AWW! Thank you honey.. Didja get mommy a daddy?,2,positive
8945,"Best free calendar app I've used, syncs with Google and outlook calendars...... ....Edited from 5 to 2 stars...the video ads are too painful. I've already read the default reply to the other reviews complaining about this. I know the fee is low and one time...I promised myself I'd get the paid versions of all the free software I use once I'm not on student income. But I'm not rewarding this painful ad practice by going paid. I will pay for a different calendar.",0,negative
5904,Can`t sleep!!! People keep textin me!!!,0,negative
3859,I love the white noise feature. It helps me stay focused on the task at hand.,2,positive
4356,none of the notifications work. other people in the forums teport similar problems bht no fix. the app is nice but it isnt nearly as functional without notifications,0,negative
7010,  no room for me smh,0,negative
6182,Love this app Can guys add this features please 1. Task priority tag (red for important) 2. More notifications options ( sometimes a single clicking sound is not enough wish you add alarm settings) Thanks,2,positive
464,love this app but after not using it for a couple of months everything has disappeared! anyone able to help!!! thanks for the advice. just done that. waiting now for their feedback. as said I live this app!,1,neutral
26587,"City Dippin iz u fun, so much eye candy out here...I remember y I miss  LOL",2,positive
2798, that sucks mama,0,negative
1676, It wasn`t loading.,1,neutral
5830,"Some features widely requested and very useful are missing: - Task with due date should automatically appear on 'My day' - Forward email to Microsoft ToDo address and automatically add a task - Sort task by modification date, the ideia is to have on top the oldest task that I've updated - Very important feature, COMMENTS, ability to make comment on the task with timestamp - Tags, must have tags to more easily search and filter Please improved Microsoft ToDo with this features",0,negative
2884,  you and I apparently  how are you?,1,neutral
14783,Im still in my my pjs  but I haveto get dressed cuz Im going to see Dancing on Ice live,1,neutral
12042," i hope that happens tomorrow, then ill be there ;) (Providing my dad gets better to take me  )",2,positive
7917,This is my 201th update,1,neutral
23343, You bet!...I`ll be there in spirit (I`m in the UK really LOL) Like the pic BTW ****  x,2,positive
16140,"  hey!, which song was that? I would like to listen to it",2,positive
2957,"I couldn't change the language of this software, I tried it again and again, but the language didn't change.",2,positive
12896," i would, but i don`t know how to do it from the phone...",1,neutral
2414,Just realized you can get arrested for public disturbance. oh well i`ll take my chances.,1,neutral
4361,"So, what are you all doing? I`m eating crackers! Yummy. The unsalted ones of course. I only do salt in my caviar.",2,positive
6735,"Hi! the range of the nuce coloured sectors does not cover the time interval of my events. It had been the best reason why I chose this app, to have an easy, straightforward overview of my plans. Why doesn't ut work as it is shown on the pictures?",1,neutral
2869, At least he`s in breakthrough performance tho. I just wanted him nominated in his own category,1,neutral
5345,http://twitpic.com/4wr8k - Ashley Tisdale - Love the shades girl,1,neutral
12337," Send that along, lady.",1,neutral
15259,Stu is actually SEVERLY sunburnt....it hurts!!!,0,negative
13904," Oh, you poor thing!!    So sorry, babe....",0,negative
8751,Mama? you`re the best thing that ever happen to me. thanks for everything  & and sorry for hurting you... I LOVE YOU!  <3,2,positive
17808,Off to the gym by myself!  no fun!,0,negative
9584,really really getting excited!,2,positive
2713,"I couldn't get past the set-up. ""'strength is not valid enum value path 'attitude'""",0,negative
10473,Math review. Im going to fail the exam.,0,negative
6632,Wish it didn't force me to use Google calendar. I wanted to start a new calender off of this app,0,negative
5550, okay thank you! i can`t find it,2,positive
1231,On my way to dazzle bar!!,1,neutral
8779, It`s depressing I`m stuck inside all day,0,negative
20562," Haha it`s not awful at all, but I think everyone hates the sound of their voice when they hear it played back, I know I do!!",1,neutral
22090, I`m jealous - I would love deer steak. One of the downsides of having an almost vegetarian and a carnivore living together,1,neutral
7767,Missing brandon. Wanting to talk to anthony. Sadshoes,0,negative
740,The app has a clean sharp interface and is easy to use. I appreciate having one app for my daily ToDo's and calendar needs. It also never unexpectedly quits on me.,2,positive
14148,Okay now that i will not be able to sleep tonight what should we do,1,neutral
8344,listening to some bands recommended to me by Sarrah  i really like the friday night boys <3,2,positive
8858,"Lately the ads have doubled in frequency, have become full screen, noisy and more difficult to close, while the overall usability have decreased. Quite shame. And before telling the ""it's free"" slogan, think that annoyed people will delete, not buy.",0,negative
16596,Very sad that my camera is in the hands of the Geek Squad. 2-3 weeks!,0,negative
5135,I really want to go to milwaukee but my sis doesn`t want to  well she won`t tell me,0,negative
17915,i`m so hungry,0,negative
7247,"Its official, I`m having the worst day. I called it a mile away",0,negative
6977,just got Home from school!  it was fun ) oh btw its a music school.,2,positive
5184,Crashes when I customize my hero status,2,positive
27198,  Cloud Croatian Apartments,1,neutral
16726,Rainy day today.  No car so we`re stuck in the house   I needed to go to the post office too...bastards,0,negative
14894,I miss the concert Tuesday already. I`d really like a time machine to go see it again... It was so fun...,1,neutral
3140, rofl. room is too small to dance,1,neutral
6961,"Do you have plans to support Office 365 and outlook calendars directly.   Currently, I am syncing my calendars to Google but it's not a pleasant experience as the sync keeps failing on one or other calendar.    Due to this reason, I am stopping sectograph and moving to outlook widget :-(  For those who are on google calendar, it's an excellent app and the developer support is awesome.   I'm rating 4 only for the dependency on google calendar.",2,positive
10881," I have the best bestfriend in the whole world .. My Mother`s Day present = ambien, klonopin and a quarter! woohoo!  smh...",2,positive
6956," you certainly can, and good morning to you",1,neutral
21215, I break some rules and don`t take tension for them  .....,1,neutral
12216,Beach with ashley,1,neutral
5039,"Very motivational, but what's with the subscription fee!? Fifteen dollars a year??",1,neutral
26719,It baffles me how much Radio Shack isn`t the same Radio Shack I grew up with,0,negative
18893,_kelly Bummed about the maxi dresses!  I think they`re so cute for summer but I`m only 5`4'!,2,positive
9504,This is a great planner but I'm really annoyed that having previously paid for the Pro version I am now expected to pay an annual fee!!!,0,negative
25807, morning David have a safe journey and enjoy your time in the states  ****,2,positive
5514,"YM, meebo & ebuddy really hate us      ",0,negative
18067,"at least two to three times a week i turn on the tv, find comedy central already on and have to endure a brief moment of scrubs",1,neutral
11674, Could get  to do the honours?,1,neutral
2190,_Aries Me and that person have something in common then! LOL jk....,1,neutral
26051,wants to eat baked tahong. It`s been a while. Really.  http://plurk.com/p/x24ke,1,neutral
20264,OMG!!  Booth`s hallucination in the latest epi of Bones is absolutely brilliant  'you`re a gud lookin guy.. if u keep an open mind' LOL!,2,positive
6846,I downloaded S.Graph but I do not have any widgets with it. I have google calendar. I can open the app but there is no Home screen widget. Any way I can fix that? I have a Samsung S6 Active. Thanks a lot!,1,neutral
22914, i take it you`re not a fan,0,negative
8750,"DO NOT INSTALL THIS APP. I used to love it, but in the most recent update the advertisements have made it absolutely unusable. I am switching to google calendar and never looking back",0,negative
22527, aw.  I`m glad you do. Where would we be with out one?,2,positive
16982,TODAY WAS SOO FUN!!  happy bday chrissy <3,2,positive
12248,"wow, nothing like a sale to perk up a girl`s evening, huh!",2,positive
9467,Beautiful. Large text and easy to use . Well done!!!,2,positive
1152,msn-ing. no school  shouldn`t there be more bank holidays? x,2,positive
15922,"_____ re:firmware. Heh, just a coincidence. I didn`t do anything. Maybe the SW guys heard you?",1,neutral
114, bahah sadly I am not,0,negative
513," 'organization ...ITIL, forget about people (and so they fail)' preaching to the converted  IT is the people http://tr.im/kWUA",0,negative
6460,just got sold out from UP,1,neutral
9674,The reason why I can`t find the latest Arena magazine is because it has folded due to the recession. Grrrrr. GQ/FHM survive? No justice.,0,negative
22790," oh, sorry to hear about this too  sad",0,negative
13538," aw, that`s cute",2,positive
5852,Snooze doesn't work most of the times. I end up forgetting/missing task notification. Also I get notification on opening app. Instead of set time.,0,negative
1899,@_Freya Good Night,2,positive
16200," Years ago, my brother saw you and Bruce walking on the sidewalk in Sanibel. I used to live on Pine Is. Great place",2,positive
26188,Morning all! Something for the weekend and leftover dominos. Noiiiiice,2,positive
2022,"I wanted to like it... I've always drooled at the idea of having a to do list app integrate with a calender. But alas, this version is clunky. You can't delete a single date of a recurring calender event, meaning you can't flexibly plan your day while beginning with a rough outline. I switched over to to-doist and Google calender instead.",1,neutral
7424,I don't get a single notification... The calendar doesn't work well..,0,negative
8583,"Great, simple, and useful. I wanted a checklist that would function directly from the desktop background of my phone, and this works perfectly for that. Intuitive, easy, and reliable, and nothing more than what I want. Update:A year later & still no better task app for a Samsung. Updates only made this app better. Sublists are easy to organize. Setting controls very useful. I don't use it for reminders b/c it doesn't get my attention as well as my phone's alarm.",2,positive
9723,Wow - the dude said I was better than Bobbi Lewis.. never heard the guy - but I take that as a compliment  (just read the BL web site),2,positive
1977,Well... I hate to leave.... but I must sleep! G`night y`all and hope to chat later!  Enjoy my li`l night owls!,2,positive
10594, she could have been a lost dog  poor girl,0,negative
12488,lonely,0,negative
1003,industrial tommorow! oh yeah & I get to go see a bunch of old people go away forever & I will probably cry all over the place.,0,negative
2903, the no tweeting guilt trip didn`t stop you huh?  I felt so bad!,0,negative
19292,Anyway. Can`t take this **** no longer. Or my mind will blow off.,0,negative
16912,fun on facebook.,2,positive
15112, imagine i would say'bitch!' lol if i were ma d! haha but im not cuz ur cool,2,positive
9542,App has stopped opening,0,negative
26585,"  oist the 1st tym, di pa ko 18, the 2nd tym, may sakit na siya... don`t blame me",0,negative
3679,It's perfect but always hanging.,1,neutral
383,Woo CAVS.  Happy Mother`s Day!,2,positive
5392,"Unable to edit the day you want to do your habit unless I delete and recreate the habit, which means I would lose my past statistics",1,neutral
1901,. very much enjoyed your 'whats in a name' article,2,positive
21871,i feel like dyeing right now...,0,negative
3358, I didn`t even get a chance to shop @ Aldi!,1,neutral
16000,is very hungover,0,negative
13174,"hello new maccy, welcome to your new home",1,neutral
6352,Constructivist learning theory - anybody? Oh wait..... there`s always wikipedia right?!,1,neutral
4496, Till then ..Ice Cream!,1,neutral
4759,You can`t even gift money away these days.  re: http://ff.im/3lqUx,1,neutral
21247,Last free Friday.,0,negative
26226,Eating a dillybar from DQ! Yuuum,2,positive
25550, I know how you feel Darian is in LA with Bam and I am missing him terribly. And I won`t see him until Sunday.,0,negative
9647,Have used app for about 4 months now I can't get back into it. Keeps asking to sign in or create account won't let me do either. Time to dump it!,0,negative
241,"Frustrated that all the useful features are only for premium. not complaining that they are set up that way, but that they dont let you know until you are set up. Also its calendar wont work unless you import an external calendar? defeats the purpose of having a separate calendar. without premium its identical to a hundred other free apps.",0,negative
3740,"In a lazy sunday; just had a very late lunch,and forget to buy PR,we`re on page 16",1,neutral
22938, haha..yeah..10th of May..lol..im greeting in advance! haha,2,positive
356,"It`s 20:50 hs and i`m still at the office...really tired,wanna go home!",0,negative
14829, So you wouldn`t reply to my gorgeous hot pink shoe then?,2,positive
21421, I hope they come,2,positive
398, i know i suck.  my data plan is weak sauce.,0,negative
17,"i`ve been sick for the past few days  and thus, my hair looks wierd.  if i didnt have a hat on it would look... http://tinyurl.com/mnf4kw",0,negative
17608,I think I`m running a fever and not feeling so well!,0,negative
1037,"I also have a certain CD from camp that a certain somebody gave me...  Yeah, there`s this guy in the video that`s really frickin hot!",2,positive
735, yeah freakin sucks!!,0,negative
171,bundy. in 3 days.!!!! warm weather here i come!,1,neutral
3103,Twitter is slowing me down today.,0,negative
1838,"The program is very good on my old phone(galaxy note 4), but notifications don't work on the new one(redmi note 8 pro). I hope you will fix them. Thanks",0,negative
2796, Going so soon? I was hoping to hear late nite humor from you....,2,positive
13906,"found a pack of United Red Carpet Club booze vouchers. Anyone wanting to have quite a few drinks there, come with me as it appears",1,neutral
426,"_merchant I agree, but teenage daughter will be spending my money on the movie of their concert this week.",1,neutral
20885,"Is up, coffee in hand with laminate floor to lay then Footy to watch and play, living the dream",1,neutral
10147,i love lebron. http://bit.ly/PdHur,2,positive
24023, Good to hear  I have a feeling though the `behind the scenes` and/or being there is better than what is shown on TV!,2,positive
11872,_Bloggerific HA!  Nice try.  I will outright deny any accusations.  But good luck with that...,1,neutral
6297,"I was skeptical at first, but wow! Yes, the req to have a Microsoft account didn't thrill me, but this has all the features Wunderlist did and more - you just need to find them. You CAN move the order of tasks manually - just do an extra long tap on the task and drag. There is also a an inbox - here it is just called ""tasks"". This app is much more flexible in terms of themes than Wunderlist was and it makes it really easy to both delete tasks and steps within a task. Switching was easy too!",2,positive
8873, thank u,2,positive
7130,Helpful to visualize recurring events on Google calendar.,2,positive
2950, so haven`t seen any videos the last few days  hope everything is ok...,1,neutral
4692,"This tool really helps me see my progress so that I can feel motivated to change. When I see that I have been on a successful streak, it helps me believe that I can make positive changes for real and forever. I only did four stars because if you want to track more than 5 things you have to pay. Also, their forums seem to only feature drug and sex addicts. It's kind of creepy really...but you aren't required to participate...so I ignore it.",2,positive
7351,useless I dont want to purchase the app as this free version offers no good features.. the paid app might be better..Rating 2 just because of the feedback on user review.,0,negative
3155," ohh sorry , thats someone else`s pic  my bad",0,negative
5862, Truly? Like what?,1,neutral
14871, totally! I`ve been waitin for somethin new and thought provoking at mj.name,2,positive
25796,: and my kid is only 3 and is stronger then me,2,positive
3219,The old version was good and interesting but in the latest version it needs money for unlocking each and everything,0,negative
10405,Lyx is cool.,2,positive
16247,This is getting on my nerves. I cant change my pic,0,negative
15165, hehe i will never thorw out these shoes  i`m listening to varsity fanclub surprise surprise  sway sway baby is awesome,2,positive
26925, So sad that schools have to close.,0,negative
23033," idk lol my head hurts. rly bad. & so does my stomach... hmm... personally, i think its from all the #s ive had 2 deal wit",0,negative
6403,Awsome,2,positive
6152,Bigger fonts at widget plz!! Connect One Drive with to do & Outlook Calendar too !!!!,1,neutral
16114, Then what about Domina Sun Girl? I think that fits better.,2,positive
7022,"Truck has bit the dust, don`t know if I`ll make the Mustangs game tomorrow",0,negative
10493,Dakota just had a her first bath since being spayed... She was in Heaven!,2,positive
9121,"Ok, I guess.",1,neutral
8125,Very pricey,0,negative
2626,nice weather..looks like its going to rain here in # Delhi.,2,positive
11963,sad day*Lakers please make me happy with a W,0,negative
1489,Really helped me to level up my organizing and productivity! I wouldn't need all the premium features really tho.,2,positive
4109,Volunteering at Down Syndrome Indiana on Wednesday,1,neutral
27270,"Reinstalled Ubuntu on my laptop, this time using ext4; the new filesystem. System boot time, from GRUB to full operability: 30 seconds",1,neutral
7308,em app ra bai ardham ai sasthaledhu,0,negative
9085,Is anyone there?  Please say hello - I`m feeling lonely,0,negative
18720, Are you in Galbladia Garden? That **** is hard.,0,negative
12179," Happy mother`s day! Hope you have a great one with Harlow, your mom and those you love  You`re such an awesome mommy! ^^",2,positive
16869,"he switches off his cellphone!! huaaaaa, i cant sleep  buzz me bebe..",0,negative
2735,"Ok I like it, but know what? The experience points keep expanding but not with health. Simultaneously, you will be sent backward everytime you lose your health while to refill health you need to max up the exp point. Please fix this",1,neutral
20041,I got me a little too much sun today,0,negative
3706, awe  wit the snap of my fingers n a nod of my head ur rain is gone  lol...thxs hit up afterwards,1,neutral
4097,This is my favourite app!❤ the plants are so cute and it really makes me so motivated to study! I am also very happy with the tags ! :) But i have a question.. If i am going to change to a new phone but with the same SD card.. Will all my plants be gone?,2,positive
12782, Had one of the female servers tell her **** looks big in those pants. She will worry all night long Lol,0,negative
13832,i havent gotten any prank calls making me laugh in so long.,1,neutral
15423,really wanted to go to that gig tonight,2,positive
3235," Yes.  Me too. I can`t understand why they have to do that. I mean, I know it`s all about Hollywood, but this thing is called love.",2,positive
3275,Its always lagging and hanging up and not moving and Ive cleaned my phone storage and its still the same. Un installed/installed it 3-4 times already but its still the same. I dont know what it is about the app but one more crash I'll never go back to using this app and tell.my friends to do the same. Sheesh,0,negative
5132,Gotta buy some onesies for my besties lol ah Yea!  at the club having a grand ol time,2,positive
25758,hanging out in myrtle beach as a married man,1,neutral
9525,"What a dreary, rainy, crappy day.",0,negative
133, why are you sad?,0,negative
14121,Happy Mother`s Day Mama bear,2,positive
10028,This is by far the best overall organizer app I have found. My only complaint would be the lack of multi tiered tasks.,2,positive
14469,"I`ve got sunburnt knees... it`s funny now, but I bet they`ll sting later   Had a fab day though  x",1,neutral
3379,  was wong?,1,neutral
1785,"really no callender view without premium? Like really bro other apps do that for free so I think I'll just use one of those apps instead, I'd get it if it was a one time purchase like a DLC in a video game but a 2,99€ monthly subscription? that's just ludicrous",0,negative
3262,"I cannot log in to my old account since I have to buy the pro version in order to log in at first. So my past progress is lost. Also, I cannot purchase the pro version neither: 'error(6)' I have reinstalled, forced stop, cleared cache, etc multiple times. I have added a paying method to my google play account as well. Nothing has helped and I haven't received an answer to my email to you yet. This makes me sad because I like the app to much to deinstall it.",0,negative
3650,"It was a very nice app until it started lagging so much... Just planted a two hours tree and the app deleted it, as if I had done nothing...",1,neutral
10468,"3 live p2v migrates, 5 vmware vsp exams, and a magento config, a quiet weekend at party central",1,neutral
6543,"cool idea, but it forces you to use Google calendar",0,negative
832,Love it to keep track of my projects,2,positive
3948,I love the app so much...It has improved my productivity but recently it has stopped opening..I have tried uninstalling and reinstalling the app but still it isn't working...Please try to resolve the issue at the earliest.,2,positive
4628, i dont evn talk 2 him no more. it was a huge mistake. i shoulda listened 2 her. i kno she`s disappointed in me.,0,negative
15780, it`s called retro my dear and I wear fifties fashion sometimes....did you not see my birthday pictures?,1,neutral
5547,"in case you missed it on my fb status: looking for maui hotel recommendations. yes, maui!",0,negative
5417,Ahh! Members of the toasters and  playing with void union! Sick! I missed  and we are the union,0,negative
880,"Omg, my mom just called... Im too late... Hes gone",0,negative
23120, were you roaming?? Same thing happen to me  so I switched to AT&T.,1,neutral
9550," and if you want to leaveeeee I can guranteee, you won`t find nobody, else like meeee",0,negative
5908,"I used to love this app because of its theme, but the new skins totally kill the app",0,negative
1909,is done with classes for her freshman year.,1,neutral
1106,HAPPY MOMMA`s DAY ALL. HONOR YOUR MOMs  sign up for #maternalhealth  here`s for all mothers and luvin kids out there:  http://bit.ly/Bpekk,2,positive
10198," i had had a baked dinner yummy  cant wait for new short stack tv, what kind of dips shall it be?",1,neutral
25859,a female robin just flew into my window and I watched her die in my bushes...  i think i am going to cry now...,0,negative
23612, yeah  it will get better though  i know it!,1,neutral
3234, so you are like the rest of us on this miserable bank holiday.then LOL,0,negative
14447,is busy creating a new logo for my  site,1,neutral
18085,At work as always,1,neutral
13062,"Nearly fell asleep, but was jolted out of bed by a massive panic attack and now I`m not sure if I can sleep at all.",0,negative
17723,Stressed out fro work and having a drink,0,negative
7510, Link didn`t work,0,negative
101," Certainly not Cheers than, huh?",1,neutral
11402,is in the middle of the Irish sea... with absent elk brothers.  Newcastle here we come.  we love Newcastle,2,positive
14108,home from school now. watching that `70 show,1,neutral
7178,"@ the Eldorado house, goodbye Aliante house. *Memories made, memories fade!",1,neutral
23435,saddest celeb story of the week  http://bit.ly/h09Ph,0,negative
22697,has finally started his serious revision - has just completed an english BG mock,1,neutral
26982, your **** miss you!!!!,0,negative
600,I'm using the app couple of years and i really nice. It just really annoying when the reminder message pops up while you type a message or during the call (while hanging up...),2,positive
3643,"I like your app, but the free version is very restricted. Please at least add achievements and custom tags to free version. By the way great app.",1,neutral
15556, im gone miss ya`ll Lol.don laugh im serious.its bittersweet. lookin forward 2goin home but cant wait till nx semester!,0,negative
27120,"Wow, my phone was blowing up with tweets all day. Now that I`m home, it`s a ghost town! Guess I`ll do some chores in my apt. & go to bed.",1,neutral
20237, hmmm no but I am member of knitterati.com.au what is ravelry offer?,1,neutral
24775," aw anytime, boo. I realized that all I need to have some fun are you guys.  We should change our pics to the poofy hair ones!",2,positive
7341,found six great vegan places to eat and relax at; four of which I can`t get to without a car,1,neutral
1091,"Great app. Alas, I'm constantly reminded that ""Hey btw there's a paid version which has the functionality you're looking for : ) "". This is tiresome and the subscription based model just doesn't make any sense. Plus hey! Its expensive.",0,negative
11875,  hahaha well its try its so ugly,0,negative
1595,_Allison Catch you later Terry....,1,neutral
25437,Is responding to an email.,1,neutral
12048,I need followers!!!,1,neutral
6128,Tonight was fun. Love my girl Tanna!,2,positive
10993,"  Well, I still can`t wait for the one shot.",1,neutral
19161,Had the hottest and stressiest day at work  f the area manager. So happy to be going home!,1,neutral
6586,took too long to sync. uninstalled.,0,negative
250,"okay, i`m out for a while  back later!",1,neutral
8794,"The free version has HORRIBLE ADS. Other than that, the app is marginally better than Google's free calendar app that had no ads... It was an easy decision to uninstall and go back to Google calendar.",0,negative
20761,Watching Jeremy assemble jr`s new radio flyer bike!!!  Jr is sick with 100 degree fever  taking a nap.  This will cheer him up though!,0,negative
759,is getting married in Vegas in November by an Elvis impersonator am so happy!!!,2,positive
19791,"My puppies killed my cat lastnight,they thought she was a stuffed animal.  RIP Meanie  http://yfrog.com/104m6wj",0,negative
1678,Smooth and easy,2,positive
2390,"I miss my Nipissing pitas  Good thing we`ve got a Euphoria in Barrie, `cause I would never survive summer without my pitas AND smoothies!!",2,positive
17925,I need some plugs. for real. my ears want to stretch. and I have no money,0,negative
902,Dislike the latest widget downgrade - the loss of the ability to select multiple tasks is frustrating. Not sure how long I will stick with this app now as the widget is far less user friendly than previous version.,0,negative
26684, I wish I was going to Internet Week,2,positive
5562,great app! ( I might edit this later but I'm too lazy to go into detail right now),2,positive
19113,"1 more goal, Gila!! But his last game is against milan. Dillematic 4 me",0,negative
24,"It slow down my flow when i turned on or click via home page widget There is a fade in effect or lagging, please kindly help check Thank you",0,negative
9784,"Why did you show the checkboxes in widget when you can't even check/uncheck it via the widget? Its just so frustrating to go to the app just to check a list. Other than that, this app is good.",1,neutral
27361, too late!  already finished the chapter and posted it!,1,neutral
19220,Going to sleep now goodnight!  xoxo,2,positive
6217,Works well overall but recently won't add entry from widget on homescreen. It would be great if items from the Planned/Task categories with a due date would automatically be added to My Day on said due date rather than having to open the Planned/Task categories and adding to My Day from there. Just a thought!,2,positive
13643,_nicole http://twitpic.com/4t6qx - i have the exact same pic except it`s my hubby & my chihuahua tucker   very cute.,2,positive
2131,Too many items,1,neutral
14631,#BGT That poor kid,0,negative
3254,Wish my headache/almost migraine would go away!,1,neutral
22896, it would be so fun.  too much to do.  not enough time or money.,1,neutral
4306,"I liked the app and I purchased it. But I can't sync any data from old phone. And when logged out of the app, there is no way to login again except reinstall the app. So if anyone is fine with restart all the progress everytime you change phone, this app is for you. But since I like to keep my progress to the new phone, I am stop using this app and find another one.",0,negative
142,"Unfortunatley, AerLingus no longer fly to Copenhagen so we`re have to fly Ryanair to Billund and drive up to Copenhagen one of the days!",0,negative
4304,"Woe, it`s definitely NO fun to travel first class with a bike. You have to fight your way through 7 coaches `til you reach your seat",0,negative
32,"There is a faux gothy chick looking at me, sorry I am not going to camden and I like pop-punk and jimmy eat world",1,neutral
16359, I saw the game not a huge cavs fan lol. they pay refs. But Yao`s out 4 the rest of playoffs so L.a is cruising to the WCF,1,neutral
2709,"Awesome App.... BUT, soo many bugs!!",0,negative
9948,"I went a got the full subscription and I really like it so far, but I wish you could download it for your PC as well.",2,positive
3383," I had a joke for you, but it`s too long to tweet.",1,neutral
3046,"lol i went to settings, change character value, and got myself 9M coins uwu btw is that cheating...? I mean well its right there",2,positive
13905,And now the crazy is all gone.,0,negative
17354,we`re getting another puppy  ... not cool... really,0,negative
4759,Good Experience,2,positive
22018,mOod. was way too much fun. lol..  I lOve to dance TEchno !!! <3 ... life.lOve.stress &&. set backs <3 gnite,2,positive
14709,Oh boy this is going to be a loooooong day,0,negative
454, Still jealous,0,negative
24433,  That is really sad,0,negative
21362,feels at home to be back at church,2,positive
1416,"Well, she`s getting through.",2,positive
272, huh what the ****? Smelly? Noooo. I love alex Vixon,1,neutral
2639,just woke up...for  once I managed to sleep in!! going out for lunch later then back to essay,1,neutral
24814,Round and Round the Garden: The amazing thing is that he`s still talking to me!  http://rly.cc/JNFwN,2,positive
10353,"I`m a bit late, but the new twitterific interface for the iPhone is very cool, oh and Richie and Lauren on their engagement",2,positive
11181,"for some strange reason, `paranoid` sounds like U2. but i love them too, so it`s aaaaall good.",2,positive
2281, you dont say,1,neutral
20770, OMG you aren`t online. Shock horror.,0,negative
1406,Sob! I can`t believe I`m ending my work week at the chapter about what Augusten Burrough`s father did to Ernie the guinea pig!,0,negative
3097,My tweetdeck won`t pull up.,1,neutral
4659,"Excellent app. Does everything you want a habit tracking app to do. Only complaint is the app counts the current day in your progress with no option to change that. So it looks like you are less successful than you really have been on a daily activity done near the end of each day. For example, if I am tracking going to the gym after work everyday and have been successful for 2 weeks, the app will show me as less than 100% successful until I indicate today is successful. Need to fix that.",2,positive
894," thats what doting husbands are for LOL!!  I hope that once my braces go on, I can eat normally again",2,positive
6282,Please add two options : 1- tag or label in task and list 2- password to enter application Thanks for free,2,positive
9796,"Wouldn't it be great if this app had also alerts instead of just notifications? It's easy to miss a notofication. Also, why can't we edit a specific day for a repeated event, but we have to edit also all future events or nothing?",1,neutral
14495," you can have the sun too. It all sucks, especially for my pale whiteman skin.   I can`t stop sneezing, and I blame you.",0,negative
752,"Great app. Combining the calendar, tasks and grocery list make it so much easier to handle and manage my time/day.",2,positive
860,Excellent product!! I think this is the third time I am editing my review for this app. That's mainly because the app popped up the review request while I was planning my tasks. I should feel like I was interrupted right? No I wasn't. This app is helping me for several years I even forgot when I started using it. And I just can't stress enough how much I like it. Fantastic work guys!,2,positive
2388,VERY upset....  Mom is in the hospital,0,negative
13625,can`t chat with  since i have to go to school now  http://tinyurl.com/mf88dz,1,neutral
20352,dont go... im sorry for disappointing you,0,negative
3500,i love the music video of you belong with me by taylor,2,positive
4794,"Recovering from my crazy family. I love them, but they ain`t got it all   I only see em a couple of times a year, so I guess I can deal.",2,positive
4064, what?? can`t believe it,0,negative
1308,I`m very conflicted here.  I really like Mike but I still have feelings for Darrin.  It`s really complicated.  I don`t know what to do.,0,negative
26077,doesn`t want to go to work....,0,negative
9064," nuuuuu, i totally love may, it`s the best for me cos i was born in may",2,positive
11339, Morning babe!  I plan on overdoing it today! lol Hope you do rest & put your feet up! xxxx,2,positive
2091,the app and widɡet are very ɡood. Will change to 5 start when I can be able to add task using google assistant.,1,neutral
3125,May the 4th be with you. Happy Star Wars Day!  http://ow.ly/52Aw,2,positive
19527,Oh. Now it doesn`t need updating all of a sudden. Ok. Will get dressed anyway,1,neutral
20258,_Sweethearts Im following you but you aren`t on my DM list  Can you try to DM me?,1,neutral
17411," Milk, Gran Torino, Bolt, Bride Wars, New In Town (yeah I got through a few...) **** I love longhaul",2,positive
71, a celtics-lakers rematch sounds better don`t you think? lol,2,positive
3669,Good please remove purchase or keep a pin while the time of purchase.good nice to focus.,1,neutral
26194,Sometimes knowledge is not a good thing.    http://digg.com/d1sPp7,0,negative
8562,"Love it! Lets you make multiple lists and lets you move items up and down to prioritize. Most useful out of several ""to-do list"" apps I've tried.",2,positive
26529," : Hi, i think u should try Ph? in Vietnam, it`s really quite delicious",2,positive
10290, Ahh well he can only spend short amounts of time on because of his mum  You should scroll back at our msgs!!! ;-),1,neutral
839, Yep. Nothing to worry about.,2,positive
18204,"back at school again. almost weekend. oh wait, i gotta work from eight to four tonight",1,neutral
10088, it was way worse than that ...and where were you why didnt you say hello?,0,negative
6848,Searching for wavy hairstyle,1,neutral
25951, wish u was in the D!,2,positive
23462,Time ticking by sooo sloooooooooowlyyyyyyyyyyyyy,0,negative
12480,Oh darn. Lost another follower.,0,negative
3284,ooo my goddddd; vodafone trouble. no network,0,negative
5689, oh my... now im offended.  ha,0,negative
9763,This planner app is pretty clear and simple. I have the paid version and it works OK except today they had a glitch and I lost everything even when I reinstalled. It was just so screwed up!  So if you don't mind losing all of your work when they update... I guess it's survivable.,1,neutral
3183, miss you,0,negative
8143,"I really want to love this app but it won't even let me select PM so its constantly telling me its past the due date, which makes the app very useless to me.",0,negative
15189,wow officially i have no life this month! LOL my friends dont believe me when i say they need to BOOK IN ADVANCE!,1,neutral
14261," I managed to find few places where you can combine fun, pleasure and savings but it took some planning though",2,positive
1341, oh no  say it aint so,0,negative
18817,When r these **** exams ever gone b over and done with?  i wanna b out in the sun,0,negative
1060,"Omnomnom    JUST came online to 69 unread emails, as well as my backlog from yesterday  http://tinyurl.com/lxjdjc",1,neutral
5298,Really good. I usually forget my duties and this app really notificate me and make me do them with some xp hahahaha,2,positive
361,"How can I delete priorities? Someone please answer me. Also, please make a feature where we can choose to check subtasks off through check boxes as well. And a feature that lets us choose the colour of the to do list when it's open, as well. Also, headers within the lists themselves? Just to divide tasks. I will change my rating to a 5 star, then. Thank you for reading this.",1,neutral
1561, ack! I just read about your show  that`s horrible!!! No accounting for taste.,0,negative
19277,Grass mowed. I can haz playtime now? No?  says we have errands to run,1,neutral
5477,"Fatigue settling in, but gotta power through! Awesome seats again tonight. I`m pretty lucky. Life ain`t too bad...",2,positive
4953,had a great day,2,positive
2921,"Does `Real Detroit Weekly` not have a website.....Oh the horror, the horror",0,negative
16109,photo session + mother-daughters bonding session = happy me,2,positive
8181,I found the white text against many of the colors very difficult to read.,0,negative
22035,"me and my friends are just sitting here and searching for pictures on google   haha, my friend found pictures of her father! haha",2,positive
10314,The safeway bathroom still smells like ass!,0,negative
1351,Just thought about my hubby being deployed n now I got the blues  I need a stiff drink but I`m breastfeeding so no booze for me :/ Ugh!!,1,neutral
3179,"Thank you developers for creating such a marvelous app, i found app history on the link you provided below, and it has all records of everything. This app has really changed my life, I hope to see more such apps from the developers. And there are no cons or bugs i have faced till now. May god bless the developers for improving the lives of people, I would rate 7 stars for such a extraordinary app. Lots of love <3",2,positive
4806,Wonderful app that simply shows your progress of creating habits. Love the visual layout that helps he stay on track...,2,positive
22777,Finally reunited with my Hunny bunny_0802 I have him for a few days b4 he leaves me again for another week away @ work  night!,2,positive
25943,Tomorrow i mean anna,1,neutral
1175,"The update got rid of a major tool for me. You can no longer press and hold the task to bring up the option to delete it. Not even sure how you delete on mobile now, which is very inconvenient!",0,negative
2129,"Bad day, just got worse...",0,negative
7036,The app looks like it will be great but it has only picked up half of what is on my calendar.,2,positive
9200,"A good way to manage my busy schedule, I particularly like having a separate task bar... but would so like to be able to delete or adjust one of todays events without deleting/changing all upcoming ones.",2,positive
8425, No problem! Look forward to your next tweet.,2,positive
3245, the DS version sucks,0,negative
7166,"Increíble nueva forma de gestionar el calendario, alternativa ideal para un widget rectangular aburrido 👏",2,positive
13743,is feeling very happy despite the amount of work that i need to do today!!! Happy times,2,positive
2575,"impossible to register, circle, circle, circle... and nothing",0,negative
9293,Mashup Monday! In honour of the swine flu hysteria  ? http://blip.fm/~5jnv2,1,neutral
16811,"Gonna go round up some DVDs to sell...  I will miss them, but I need money!",0,negative
21344,"  Ah  sameway Yet, has 2006 votes ((.We need more vote :`D",1,neutral
289,"#SanctuarySunday  thanks for joining on #SanctuarySunday, follow more Sanctuary people to keep up to date on the tweets!",2,positive
10710,caught up on emails for my research project.  yay for labels and search in #gmail.  much easier,2,positive
21463, I`m tryin not the be boring today . . . I just can`t seem to come up with thing to say,0,negative
22802,", in about two hours I`m setting out on a 600-mile drive home. Mostly I`m hoping it goes quickly.",2,positive
2773,"This app is a great idea and I love all the features. However, no matter what I set the day start time to for daily tasks to reset, they keep resetting at some seemingly random point in the middle of the day despite me having it at 2AM, which is causing all of my evening tasks and some of my midday tasks to fail as I haven't done them yet. I'm not sure if the app thinks I'm in a different time zone or what but it's very irritating. If they fix that it's 5 stars for sure.",1,neutral
26056," - my son plays pitcher and catcher.  Beautiful weather this past weekend for baseball, but I am exhausted!",2,positive
21723,i got peanut butter in my beard  it felt weird after... and axe body wash burnt my eyes... but now they`re okay.,0,negative
5197,eu daria 5 se estivesse totalmente traduzido para português,2,positive
2215, hope u did alright on the final,2,positive
21126, I wish I was able to talk to you.,2,positive
4594,"The app is good; however, the ""funny notifications"" are ridiculous and not 
funny at all. Sync does not work.",1,neutral
11898, That is messed up. I hope your day gets better.,1,neutral
6291, i`ll go to the movies with you,1,neutral
14641,is stoked for spring! Amazing wild foods! Nature is abundant~bless up!!!,2,positive
6607,: Well that is just completely lame. I`m sorry dude.,0,negative
27039,"feeling bad for Daisy, she cries in every episode       i watch waaaaay too much tv",0,negative
21,Can't use it without registering with your email address. Immediate uninstall.,0,negative
989,Omg. Its 1:47 am and Kim Possible is on Disney Channel right now. I am glued to the screen,2,positive
5670,"This app keeps on signing me out and asking for my password, and then when I put it in it says it's wrong! Wunderlist was so much better!",0,negative
7284, I wish our  didn`t close,0,negative
23240," my attention for the length of time to type this? Tell ya what, ill add old mans war to my wish list on amazon.",1,neutral
13172,"don`t know what to do today.  amazing weather and i`m sitting here, great.",1,neutral
1237,"its a cool app, it really is, but developers need to understand that a subscription based system is not for every app. im fine paying a subscription fee to netflix, or Spotify because there is new content almost daily, but i refuse to pay a subscription fee for a todo list app. make a payed app, ill buy it for 30 bucks, what i wont is give you 3 bucks a month everymonth and add yet another subscription fee to my list",1,neutral
1096," Yes, I would love some more cowbell!",2,positive
12507," are you giving up on me  oh well. It`s not the counting, it`s the math and the weighting (or lack of) that doesn`t make sense.",0,negative
10087,I had heard good thing so I looked at it and it was so easy to store all of my plans due to the fact that I have such a busy week,2,positive
19786,"This is the best E-commerce site, I hope you`ve watched the big bang theory. http://www.pennyblossoms.com/ Please hit 'buy now'",2,positive
596,_NigerianBoi thanks JT i also enjoyed it i will. r u following me? ill follow u back,2,positive
26808,counting the minutes until I can go home,0,negative
8727,"Used the free version for years, no issues, didn't need the pro features. Then they started putting in ads - not the kind that pop up along the bottom but ones that completely hijack the screen while you're trying to work. Worst bait-and-switch I've ever seen.",0,negative
16425,Respect to  for the Heineken man bag  http://twitpic.com/4jdrg,2,positive
7355,"Happy mothers day to those of u that are mothers, and happy mothers day to all of your mothers      I miss my mom....",2,positive
19854," bloody Feds, they lost last statement and r hounding me for another one. I dodged them one last week",0,negative
1136, don`t think i can take a needle. watched a horribly gory short film on drugs a few months ago. i`m scarred for life.,0,negative
21239,...definitely the first time I`ve felt alive again in years. Super happy,2,positive
20018,"I hate different referenced assemblies. My FNH goes against castle 1.1, Caliburn against 1.03 .. not to mention dynamicproxy in NH",0,negative
2917,I can`t find   hope he didn`t get eaten by anything last night...he jumped off the deck   he just wont stay in safe *sigh*,0,negative
3014," nope, would be no music",1,neutral
12348,"Glorious day in Glasgow for a change, and I`m working  Too much to do to even contemplate knocking off early...",1,neutral
20197,i`m so bored i can barely even tweet. i have nothing to talk about.  #boredboots,0,negative
8590, look at my background that`s how I want my future date to be like  (well if I ever get him).,1,neutral
8094,Rachel Alexandra not in Belmont   but appearing in Vogue.  Best looking model they`ve had in years.,2,positive
7217,"Cant even get past the first screen. I get a notice that my phone is blocking the app, but there are no instructions in the troubleshooting for my pixel, I've looked all over my settings, there's nothing I can find to change to ""allow"" this app to do something. Frankly I'm dubious that this app somehow needs some extreme level of permissions that no other ever has, especially as it hasnt told me why.",0,negative
22747,May the 4th be with me today as I round off the weekend with one more session - happy 4th y`all from the Fintster,2,positive
11389,"Looking out the window, beautiful blue sky, great forecast for the weekend - not good for cinemas",1,neutral
988,"Requires account to use.   I was just giving a simple reason why I didn't like it. But since your response indicates I don't have 10 seconds, then I'll waist 5 minutes to make you understand.  The point is that it ""Requires An Account""! I don't need another stinking account to keep track of a task list. If I wanted to share on multiple devices, I would just use any number of desktop applications that I already own. I don't need another stinking program tracking my business in the sake of ""backing up my data' or make it available everywhere. I have that covered already.  Just wanted a simple task list for a small price to use on my phone. But without that choice, no thanks. To act as though 10 seconds to give up my privacy is no big deal, well my information and data is not your business or any one else unless I decide I want to do that. That is what you need to understand, some customers like to have options to do something and not have something stuffed down their throat. Downloaded ""Tasks: Todo List"" and been happy with it. Donated $1.99 to developer for making app for me and not their self.",0,negative
4524," Looks like you did the full Lincoln Marathon yesterday? That is awesome, the HM was tough for me",1,neutral
14412,_Cullen oh really!!! i`ve already put all the pics up!! sorry!!   http://twitpic.com/61oj0,0,negative
3746,Yukky  Rainy Friday,0,negative
24289,Finally out of school for today! HAD TO SIT IN LIBRARY FOR A LONG TIME,0,negative
1728,"Still feeling weird about my ex and her engagement.  My mom made things worse.  I don`t even want her, but it`s still odd",0,negative
20794,thanks to  for becoming a follower,2,positive
15307,  holla happy early mother`s day,2,positive
26726, *hug*,2,positive
1338, hey i know ya dont know me but i wanted to say yopu have helped me a lot i was over in iraq and i wanted to thank you,2,positive
830,"It really helped dude, I have online school and since there is no teacher to scream at me I delay my work but never seem to do it. But thanks to this app I'm planning everything and I'm slowly getting back in track. Recommend to all students out there",2,positive
930,I`m poorly and can`t sleep,0,negative
16235,"Went to see Priscilla Ahn last night, was amazin! so were the bands before her actually",2,positive
577," (2) in commentary  , I was with her, was sad, very sad",0,negative
21890,happy mothers day!!,2,positive
150,WARNING: Malevolent app. Features intrusive pop-ups as soon as you unlock the phone and without even activating the app. High possibility of crashing your phone.,0,negative
4475, Oh no! Dead muffins ... how sad,0,negative
4869,Is sad when people`s phones are dead,0,negative
24991,Just got up from a nap.. Relaxing for the night,2,positive
3638,it crashes everytime i open it whenever i go one day without using it,1,neutral
17520,I chopped a fringe in last night got tired of having it hang in my eyes. Made a mess,0,negative
19497, http://twitpic.com/4wl7x - Very pretty Janette  I have that exact same Hey Monday band!  And its on the same arm :O,2,positive
22363,_LOCA thank you babe  What are you doin this evening?,2,positive
5168,First ever dropped call on my mobile. On a call to  no less! ( being charged for data even though I have a data pack  ),0,negative
2759,"That didn`t take long.. A fragment of bone did not heal to the major bone, it is now being reabsorbed by my body, may need fix in future",1,neutral
13040,"How come it`s so cold now?! A few days ago it was wicked nice out, now I feel like I need my winter coat back.",1,neutral
5600,Has helped me stay accountable and prioritize things that I really want to do!,2,positive
8173,Due Date is wonky. I made a few items on my list and the due will not change from the current day. The due date worked on other items. I don't need another app to work around.,0,negative
21994,have no line bi-focals for over 3 yrs now. End up taking glasses off to read close up.,1,neutral
2054,"'They say I look yummy & they want a taste, but I`m a human not a sandwich.' LMFAO makes me",2,positive
4745,Great app but I would prefer some changes in its interface.,2,positive
14773,I am so **** hungry it`s not even funny!,0,negative
26847," second wife, what?",1,neutral
23787, Lol read me like a book,1,neutral
6135,Any plans of allowing sub tasks to show up in the widget?,1,neutral
9324,"  i love that show. I would totally go on Time Bandit #deadliestcatch TPG:'Love ocean, crab legs suspense'",2,positive
8468,Got a right bad headache,0,negative
26084,Hey  'keep clear'   (robluketic live > http://ustre.am/2w5v),1,neutral
9318,"Outstanding. I have relied on this app for years. The customization of the design colours for the calendar widget is a massive pro, as it keeps with my phone's aesthetics. The learning curve is a little steep in some cases, but the capabilities and look are worth it. With multiple reminder notifications, ability to include emojis, different colour options for calendar entries and design layout & much more, this is an indispensable app in my arsenal. Added colour options would be my one request.",2,positive
8525," I want too soo bad, I hate missing GUMBO, but I have a shoot tommorrow that I have to be at for 8:30.  So No GUMBO for me....",0,negative
14280,Im sure the 5 ppl who came in after me will be seen by a dentist before I will,0,negative
19792,"always tired, always cold and always have a headache.  cant wait for vacashun..and the frickin g1 update..i want onscreen keyboard dammit!",0,negative
4712,great habit tracking app and you get plenty without premium. I like the premium widgets quite a bit and the extra habits. Would be better if it had the option to flag a habit as skipped rather than fail without breaking the chain for when you can't do it. E.g. In bed early when you have to stay back late at work.,2,positive
2307,I want it to be summer. NOW. why is it sprinkling STILL!?!?,0,negative
2376,"Good stuff, Smiles back? Why won`t you go to his concert too? :o. Wish I could instead of working on my music which is failing  lol x",2,positive
22809,_Obsession lol but its only gonna be 80  the water will prob be cold as heck...,0,negative
795, haha best thing about office birthdays hey,2,positive
4004,is texting,1,neutral
4391, what was said?,1,neutral
4964,Couldn't figure out how to set reminder times won't do anything other then am,0,negative
7343,"Very bad app. I organised all of my activities, took me 1 hour to complete my planner, then realised that the app automatically sets the time at am, so all my afternoon activities where at the morning, for example if I had to eat at 1pm it said that I had to eat at 1am, so I changed them to pm and suddenly the app errased my whole schedule. WASTING 1 HOUR",0,negative
22949,"srsly, BGT, joke maaan. how lame. ughhhh work tomorah have to get up early",0,negative
15381, I think it`s less of a tribute and more of a parody.,0,negative
12535,"aaahhh, showers are great",2,positive
16414," LoL that`s from last winter (only a few months ago December) I`m in Seattle, felt like Siberia this last winter",1,neutral
17395,_sl happy sunday to you to,2,positive
5723,Trash App. This is a great example of Microsoft buys companies and gutting their usefulness. Overloaded with Features that are unreliable and useless.,0,negative
8867," No, but Geek Minds Think Alike.",1,neutral
3618,_ http://twitpic.com/4wi78 - hmm thats the BU tour list...but thats so cool!  and why does it say 2008?...,2,positive
130,Can not cancel subscription,0,negative
19764, I`m comin wit u!!,1,neutral
8136,I always feel sickly when I wake up.  Well got a busy day ahead of me! Yippeee,1,neutral
10660, I wish they replied to us. July will be utterly amazing!,2,positive
234,Spent the last hour signing yearbooks. I`ll miss you guys!,0,negative
21853," under a week delivery to OZ, awesome product, awesome prices. The parcel today made my day",2,positive
7698, I broke up with Christian Bale when he played Batman,0,negative
4552,The app does not let me create a widget despite the fact that I have logged in ☹️,1,neutral
10802, i bet so,1,neutral
4813,Coming to the end of my vacation.,1,neutral
4186,"Paid for premium so I could sync between devices, but it doesn't work and customer service will not respond to my inquiries.",0,negative
1808,One of the worst app...if someone believes in this app.. for sure they are going to miss that appointment..,0,negative
4590,`before you wake` - we sink ships photography exhibition is ONLINE http://tinyurl.com/dfs7fy please have a look,1,neutral
16781, I`m excited! Hust let me know when you want to go over to Lucky7 Tattoos,2,positive
19454, It`s NOT good.  1 of our directors said we could go home and the other said back to work  boo! It was good while it lasted.,1,neutral
22133,_O Awesome! My family owns it...The Flowers.. and we love having your kids there! They seem to have lots of fun!!,2,positive
12152,The stratus is going bye bye today  i loved that car in high school #fb,2,positive
2450," I don`t feel too bad, but not sure to what I should attribute that. Could be cold & flu meds; nap; alcohol; or getting better...",1,neutral
6355, But can you breathe OK?,1,neutral
18391, omg!! I`m tweeting sooo late sorry I miss u 2 good times ...NO I didn`t marry him still great friends,1,neutral
9037, i`ll miss y`all back... give  my regards...,0,negative
10199,"Nike owns NBA Playoffs ads w/ LeBron, Kobe, Carmelo? http://ow.ly/7Uiy  #Adidas #Billups #Howard  #Marketing #Branding",1,neutral
24893,Have just bought a TV tuner for my laptop.  He he.  I deserve a present,2,positive
24758, No. That would be too easy. All I have is the user manual which is not enough for me to claim his bike,2,positive
6223,I love the app. But the only thing I hate about this app is that 1) Does not have a start and end time for tasks. 2) Stop showing task for the next day. 3) Sort the tasks based on start time.(or reminder time.),2,positive
1547,  wish u could rub my head too,2,positive
20419,i have much to learn,2,positive
23566,"Beer, Smoki and Lucky Strike...good times, good times   At work...drawing stuff",2,positive
6067,"Back from A&E, very nice Doctor diagnosed ligament damage, she felt I could still do my 5k run, but it might take me 10 days to heal",2,positive
1640,"Wow, Hugh Jackman TOTALLY bulked up for Wolverine. So so movie...but helloooo nurse! He`s dreeaamy  Yup, my crushed spirit is on the mend.",1,neutral
9876,Well hopefully I`ll see you both   at the conference,2,positive
7105," Likewise. However, what was the comment about originally?",1,neutral
1979,"I am Apple transfer, and I am yet to find am app for android with the same functionality as the built in iOS app. This one is ok, but does not do what I need it to. Literally all I want an app to be able to do is have reminders pop up when scheduled, then stay on the screen until they are completed. This app will make the reminder pop up when scheduled, but if I don't complete it by the end of the day, it will not stay on my screen. Seems like I have to try and find a different app.",1,neutral
16179,Thinks my 'not girlfriend' needs to not be a douchebag right now...  i`m not in the mood to feel neglected,0,negative
22910, Well I will send out an email and you all can pick your fave cake and ice cream flavor  and the 'cup' part is belgian chocolate,1,neutral
4189,sitting on chloes little trike thingo its a girraffe  ill most probobly get yelled at with in the next minute or so! ohhh well,1,neutral
2083, have a safe ride up the coast. Don`t be going 90 even though you can.  when its windy just smile cuz u know u have it better.,2,positive
2377,"Excellent! Plan your day by the hour! This is what I've been looking for for years. Also, tick tick supports some amazing, innovative widget modes.",2,positive
24490, http://www.CultureShockMag.com  shoutz 2  the mix on the site is gonna b nervvoouuss,0,negative
9217,Do you have any plan to make desktop view? I am using pro and pretty happy except that part. Getting more info for schedules and it would be amazing if it provides desktop view. A bit inconvenient as a one who is relying on this app a lot.,2,positive
8749,"Does not sync automatically. Very frustrating. Have to go in and ""Sync Now"" even though setting is set to sync every hour. Done with this app",0,negative
1176,Watching WALL-E.....it`s so cute but sad,1,neutral
10331,Beginning JavaScript and CSS Development with jQuery #javascript #css #jquery http://bit.ly/TO3e5,1,neutral
9396,Has got to look for a job this weekend,1,neutral
5604,http://twitpic.com/4wsue - yeah  well thanks *blushes*,2,positive
21003,"tried oprahs free unfried kfc and loved it  i went back for another try and topped it with boba and wolverine.Chilled with pope,dave,ben",2,positive
1165,Tedious and annoying to use. Went back to using Google Keep.,0,negative
8634,Aw one of our fishies died,0,negative
2195, Haha...ooh it was gorgeous wasn`****!! And a whole weekend more to follow!! Ouch...i had blisters from my shoes yesterday,1,neutral
24608, this traffic is ridiculous im may not make it,0,negative
3690,"App friezes when changing plant offline,fix needed",1,neutral
4890,very useful app to track and keep record of your habits,2,positive
12016,I really despair over the whole copyright situation http://bit.ly/yLY0I ~ being visually impaired means you don`t deserve to read  #sccr18,0,negative
18647," not in this part of Surrey either, feeling quite a bit nippy I must say. Afternoon to you",2,positive
1926, happy birthdayyy! hope you have an awesome day. didn`t see you at next last night!,2,positive
15785," ooooo,  an explanation?, Thank god for that or u would forever be wondering!..I love a good night mare tho!!",2,positive
3157,"_ YEEEAH :`D lmao, dentists aren`t nice  espesh after they decide your too old for goodie bags with stickers & awesome toothpaste",2,positive
11879,No http://twtvite.com/3koyqo #twtvite #aptw Have to miss this now because of other engagements,1,neutral
6967,I give it 4 stars but needs main edits: 1. There got to be alerts to remind one of the activity.. not just notifications. 2. Widget should be on lock screen beside being on the home screen. 3. This app can have the option of overcoming or controlling other apps; as to prevent distraction of following the routine.,2,positive
8170,"To Do list apps, like this one, are not useful without the capability of using recurring tasks. Too bad because the interface is otherwise well done.",0,negative
1656," That didn`t work, unfortunately.",0,negative
16721, Didn`t work for me  Except when I used the word autofollow and got followed by an bot selling an autofollow program.,0,negative
16343,But I have to cause I missed a lot of classes,0,negative
5073, --- has demi ever replied to you? Coz I haven`t got any...,1,neutral
16155," it shocked D & I, too!  Puts things in a whole new, empowering, light... now doesn`****?",0,negative
2468,_SRod Shouldn`t you know your National Holidays?,1,neutral
12035,Saturday will be the worst Saturday I`ve had in ages,0,negative
5477,This app has worked great with no glitches. It does exactly what I need it to do and has had a valuable impact on my life. One minor update I'd like to see is a way to customise the category titles. Sometimes the preset ones don't match up with the tasks I do.,2,positive
25381,I need to get some shut eye... But I just can`t let`s try 1 more time. Ta Ta Twitterworld,1,neutral
2002,"This task app is the only decent option I've found for combining tasks and calendar events into one scrollable widget. Tasks can be set to repeat from the date completed, which is essential for things like haircuts and cleaning schedules. Unfortunately, neither the app nor the widget (which is especially important) has many customization options. One option I would like, in particular, is the ability to hide the widget's title bar. Obviously color and display options would be nice, too.",1,neutral
6522,relaxing night at home with best people,2,positive
8282,is feeling her eyes burned-fried after 10 hours attached to the screen uploading new summer clothing for my store www.Chittypulga.com,0,negative
1148,"Now, lets do funkey stuff, talking with magento, through xmlrpc with codeignite and output with amf (Zend) to flash",1,neutral
397,I hate the dentist,0,negative
24171," Ouch! Sunburn`s bad! Hope it`s not to sore on your bedding, that`s always the problem.",0,negative
2802,Not well again   it`s definitely not hayfever,0,negative
7185, Bad rum experience in college - still haven`t recovered,0,negative
10721,"_ackles New to Twitter. New to Supernatural - im only 1 day old :0) Jst ordered 1st season, after seein 1 gud random ep lastnte",1,neutral
10465,dont get to see my boys tomorroww.im sad,0,negative
1943,TUTORIAL ?,0,negative
66,"Hi all, just recovering from a party, looking forward to an exciting bank holiday around the diy shops...life cant get much better.surely",2,positive
6878,"Nice idea but the widget's ain't showing on my home screen, tried everything but hell, doesn't works.",1,neutral
19922,"_L Thanks,I think your the first girl to say that...besides my mom",2,positive
12246,"hey, i`ve just updated my twitter",1,neutral
8407, britains got talent is rather disappointing this year,0,negative
673, lol that was a great movie,2,positive
9853,"Nice planner but you shouldn't have to pay to have ""week""view. I may not purchase now.",1,neutral
6285, gah! no money..... at least not for bakugan,0,negative
11035, I already know what happens on Supernatural.,1,neutral
15289,im up  ..going to work!,1,neutral
13455,Feelin a little blue tonight.. Love might be good,1,neutral
19898,Woke up late & trying to get **** done before work,0,negative
25271,"traveling alone makes i meet new people,new circle ..strangers become friends",2,positive
8262,The creating of tasks is pretty straightforward and easy to use but I don't like the idea that tasks in filters are the same copy of tasks in lists. Sometimes I change my mind with which tasks and lists go to which filters and if I want to remove the filter then it deletes all the tasks within it as well. I want to be able to delete the filter without having to delete the tasks themselves entirely.,1,neutral
8283, hahah im way too lazy to check my phone  ooo michells! are you wtaching the recruits?,0,negative
685,"Didn`t get bitten by a rabies infested person last night  yay for me! Gonna scare Rachel with Quarantine tonight, this shall be fun",1,neutral
5711, Definitley Miley,1,neutral
16736,How freaking cold is it out in Sydney tonight...,1,neutral
13431,Booo. Finally I could get back on here. My Internet went out,1,neutral
21893, it`s not sooo noticable it depends on how you look at it...but I know it`s there and now my iPod isn`t perfect,0,negative
3104,"Been using Habitica for a few months. Tried a few other to-do list games, none of them beats Habitica. Best way to keep track of daily life and still have fun.",2,positive
539,"I cannot add invitees u less they are in my contacts and sometimes, not then either.",1,neutral
10356," ROFLMFAO!!!! You love us better, don`t you!",2,positive
18842, I picked up some stuff I missed the 2nd time  And to think you missed all the in jokes too!,0,negative
1660,"Love the app, I've signed up to premium a year ago and I'm continuing my subscription. I'm using the getting things done (GTD) methodology with this app. A feature idea: allow users to choose when ""today"" ends or when ""tomorrow"" starts. E.g. my day doesn't really finish at midnight every day, I consider my day finished when I go to sleep, which sometimes can be at 3-4 am. So I would choose 6 am to be my ""tomorrow"" so those tasks don't mess up my to do list on nights when I work late.",2,positive
14613, I want a massage!!!,1,neutral
26824, I wanna come!!! How come u didn`t invite me!,1,neutral
9363,Absolutely essential to my law practice! Full featured yet extremely intuitive to use. Syncs perfectly with Google Calendar. One of my earliest & smartest app purchases as soon as I took the Android plunge.,2,positive
21688, I did?!  yay! Where did I get that extra ï¿½300 from? Hmm.. anyway  I`m going to be partying hard when I get it,2,positive
1568,"_Kaufer You cant argue w/them, as they actually have zero things to complain about so they make stuff up",2,positive
16621,"Sydney - Toyota - Landcruiser - 1996 - $10,000  - new ad received and will be posted on the HCC site soon",1,neutral
2228,Not very intuitive sometimes but a useful app I use daily.,2,positive
7395,Why the **** can`t I be over this ??? I feel like crying bit I realy don`t want to  why is this bothering me sooooooo much !?,0,negative
3690,currently watching American Idol,1,neutral
8217,complicated,0,negative
8932,"everytime I snooze an event it disappears.....this calendar is useless. Maybe I did not explain properly....it does not dissapear as in not in my calendar as an event....when I have set a ""Reminder"" alarm at I get a notification pop up, I snooze it for 30min I do not get another reminder in 30 min.",0,negative
6021,It's good but it needs to link to other MS desktop apps rather than online cloud MS. Eg outlook opens in cloud not on desktop.,1,neutral
5549,It is one of the best apps I've ever had! It's very applicable and useful and also easy to use.I love it.👌❤,2,positive
2275,"After the latest update, when I click the 3 dots at the top right to delete a task, I can't pull the menu up to click the delete button",2,positive
7889,i`m so tired,0,negative
23728,"_Watson I can`t this weekend, sorry  And Steph is working.",0,negative
2181, - halla!!! doing ok- got a cold but trying to ignore it  how about you?,1,neutral
21257,still can`t believe all of the gig posters in the Little Civic have been taken down!?,0,negative
27189, dont get too excited bby i hear thunder rolling in,0,negative
10323,iPhone May Get Radio Tagging and Nike  : Recently-released iTunes version 8.2 suggests that VoiceOver functional.. http://tinyurl.com/oq5ctc,1,neutral
1715,watching 'slice of life' (laughing at the songgg) and then going to sleep,1,neutral
2033,ok thats it.... sleep time,1,neutral
27334,_3girls LOUISE !! You r not adopted - ballet it is. You`ll love it and then the cocktails after even more!,2,positive
10376,@_anniemay OMG No fair,0,negative
4989,says just passed by to say hi  busy with movie task from school =. = http://plurk.com/p/rozcz,1,neutral
4534, could be.,1,neutral
4282,those workmen extending R block can`t start this early surely.. its 7:45am and already they`re making a racket and woken me up!,1,neutral
17306, Thanx sis I`ll b sure to let them know how many people r praying w/them...,2,positive
15420,this darn cold just keeps getting worse  i bought some hayfever pills just to try out maybe i`ve had that all along,0,negative
22871,I missed the  announcement   Something about being flow out for a concert? Can anyone fill me in?,1,neutral
25118,"Immediately regretting my decision to come into the office today, miss my bed",0,negative
2124,pomo timer is still glitchy.,1,neutral
25668,I have ants in my apartment,1,neutral
23662, awww!  We can do that and then go to Chick Fila,1,neutral
17782," weeooow, i feel fat.... i remember when i used to weigh that much  pfffffffffffffffffffffftttttttt long time ago, hahaha",1,neutral
1398,"Great app! Easily share lists with others. Easy to add or check off items. One enhancement request would be to make another default view option the list of all projects, rather than having to choose one project to default view.",2,positive
8694,Easy to use and the colors help organize my tasks,2,positive
5762,"Very bad transitioning from wunderlist, can't invite others, several error messages .",0,negative
11455,wut do i do now????,1,neutral
5522,"  cool, i saw it now in the link thanks",2,positive
12172,odd i tried to call mitchel musso but it dosent work....,0,negative
10508,Bought it.  Now I have to wait 2-3 weeks.   Boo.,1,neutral
13484, College cops: they get suspicious when they see more than one person in a group together.,1,neutral
4085,oh yeah... happy Mothers day to every mom out there and to my friend`s moms,2,positive
13160,Tryin to figure out how to direct message and is gettin frustrated,0,negative
15011,"how is it, is it good?  _flora",1,neutral
9186,Go overall application. I wish it was easier to make changes in already established recurring appointments and it would be nice to have a refresh button. Everything else works really well.,2,positive
24221,****. My friend`s in such a state and I don`t know how to help him. Nothing I say seems to be helping and I wish I knew what to say,0,negative
2404, We Agree!! You guy rock,2,positive
2486,Remmber time crisis ? Try it on the #iPhone,1,neutral
581, no bueno.  hollykins needs to feel better asap.  p.s. i miss you.  you done with uni soon aren`t you?  SOPROUDOFYOU.,1,neutral
3096, Cool Guide.. My best Tip.. Do NOT Use Them Unless Absolutely Needed !!!,2,positive
17109,being LAME and not in deland with his favorite people,0,negative
5633,Wunderlist was better!! Please change the UI back to Wlist style which makes it easier to read. For example don't have completed and non completed tasks right next to each other in a list. Also comments needs to be separated automatically with a date specified that states which date that comment was added and by who,0,negative
9535,I don`t feel so good after eating all that food  ugh.,0,negative
12854,Just got home i love stake and shake milkshakes,2,positive
2063,anyone have tickets to the mtv movie awards? some guy scammed me,0,negative
14286,My dad is trying to force me to learn to drive. I don`t like doing things I`m not good at in public,0,negative
3056," i`ll get my size 40`s out now, straight to the post office  See you later, hun",1,neutral
24653,Sharapova loses 1st set 6-1,0,negative
22243, lol ! You take David lah ! I want Danny  not tom !,1,neutral
25213,_Anderson your tweets were awesome  **** the heat. That`s what dencorub is for,1,neutral
19185, why you come down in sept? that`s when i start school,1,neutral
19927,stressed beyond BELIEF. need a nap,0,negative
1513,Desktop version is better,2,positive
27220, I can`t believe you tweeted that. It was our special moment,0,negative
3702,waitin for dr dee.... had lunch with my beautiful lady  before that i was on the gym ... ( yeah need to loose 10 more  ),2,positive
1851, I wanna watch that movie again. Maybe that dvd will work in my laptop since Dawson`s Creek doesn`t,1,neutral
3911,App is so cute <3,2,positive
11068,ugh. I totally can`t sleep.,0,negative
3212,The music video I made for my  project for `This City is Contagious` by  is uploading to YouTube now.,1,neutral
3496,"'Hi Im Jonathan from Spotify, 4 just 9.99 a month u cn have unlimited music w/ no interuptions' But I luv r little chats J, dont leave me",2,positive
15296,in rye..happy mothers day mums  ily mummy  lol,2,positive
17239,Well it almost was a good day... Guess I just retry tomorrow,2,positive
55,Upgraded and lost all my tasks from previous version ... very disappointed!!!,0,negative
16507," Fine thanks, not long now till Christmas....I`m excited",2,positive
11986,big shout out to all my home girls you know who you are,1,neutral
4018,"It's silly to think that something so simple helps me to focus, but so it is! The ritual of planting a tree and then not doing anything else until it's finished growing has been very beneficial for my self-motivated work. And I love looking back on my forest to see a visual representation of my hard work.",2,positive
5679,Ugh..  this sucks.,0,negative
6178,"when i decide to be on time for something, that devil is always there to counteract! Frustrating but not discouraging...",1,neutral
526,App is good but it could have better,1,neutral
1460,Several features are limited if you don't have the premium version but it's still really useful. I use the widget on my homescreen very often.,2,positive
19320,Taking the caltrain to go see the giants. It`s Cold and someone smells like pee,0,negative
9674,Changes and cancellations do not get updated on the widget. Secondly it is not possible to scroll between months  easily,0,negative
13857, my knee is hurting so bad im limping...so we get to suffer through work together,0,negative
7186,"Tired, But glad its a bank holiday",1,neutral
995,Rise and shine  Time to get prettifide.,2,positive
6712,the puppy shall loose his um... manly parts today  poor guy....,0,negative
3333,****`m transtelecom,1,neutral
12370,I`m thirsty in the middle of the night and get to the fridge only to find my Brand New bottle of Cran-Cherry juice gone....  FML moment!!,2,positive
20831,Alcohol makes me tired. And I miss and want him so much. It hurts,0,negative
8208,It doesn't ring to notify me,0,negative
3294," that`s half the solution, it doesn`t address the intrusion into the link-sharing process, but thanks",2,positive
379,_30439 I really wish I could go!,2,positive
6147,Why we can't sync SharePoint task list with this or any other task management app.?,1,neutral
18357,Waiting for the Denver game to come on.. but i dont think their gonna win it  Lakers suck lol :p.... Come on Denver!!,1,neutral
26687,Does anyone out there want to be REALLY awesome and buy me one of these for my birthday? http://poprl.com/1vN0,1,neutral
1367,is watching Mock the Week and is slowing cooking,1,neutral
3116,"Awesome app,very helpful for forming habbits.Thank you for this wonderful app.",2,positive
8008,"sigh.. stayed up late cause was on a role w/ assessment, now I`m so tired my eyes r stinging & my head hurts.. & I still need 500 words",0,negative
4341,"Had annoyances with the UI, the font was too big for me and I couldn't see a lot of things at once. And for all its gimmicks, it's really just a simple app.",0,negative
4808,Great app for tracking habits with tons of options! Only thing I can't seem to do is set a habit with a start date in the future. Is there a way to do this that I am missing? I'm a planner and like to set things up ahead of time. Otherwise it's fabulous!,2,positive
25197,Ok hubby really isnt going to be logging off anytime soon  what to do what to do?,1,neutral
3857,"Awesome app, really. Especially for students managing their time. My friend actually introduced it to me and I would be glad that we could view each others' profil without using the Pro thing. Like, we can remain focuse TOGETHER even if we don't live near each other.",2,positive
2983,"Right I now need breakfast. Let`s see if I can make it while Tweeting ;-) What am I thinking, I`m a bloke, multitasking is out lol",1,neutral
2028, Me too,1,neutral
9915,Great app. I would rate it a 5 but there's an error where my completed tasks becomes unchecked constantly causing it to keep on becoming an unfinished task and it's annoying.,2,positive
14920," Hi Mel, if you feel unhappy just take a bit of fries but don`t overdo.  If can help it don`t",0,negative
7209,Poor Nicole just absolutely DESTROYED her cell phone,0,negative
6234,   grats to aaron and christine,1,neutral
27124,just fed three very hungry stray kitties three cans or tuna. i hope they stay warm and safe tonight,2,positive
8134,_in I loved that movie! And I miss Raul Julia.,1,neutral
10617,getting ready to test out some burger receipes this weekend. Bobby Flay has some great receipes to try. Thanks Bobby.,2,positive
5295,"Wonderful app, must have took a lot of effort to make it",2,positive
25388, my friday feels boring too. no time for fun today and not so much in the mood for it either,0,negative
861,Great.... makes you organise your life.,2,positive
1680,Easy to list things and good reminder!,2,positive
16050,Snoops uncle who was the COOLEST dancer EVER!!!!!!  http://twitpic.com/4wfqn,2,positive
2435, Skinny dipping with work colleagues?!  Maybe not.  I`d never live it down with this lot!,0,negative
20020, Aaaaw no!  Are the windows open and that?,0,negative
10470,Feeling so low and depressed that I`m not on holiday,0,negative
3116,whew finally got in to RC..,2,positive
4948,Rs1050 have been deducted from my account twice for yearly subscription but in the app its showing that i have not purchased any subscription yet,0,negative
1672, I need to do some more post but I don`t have time on this tour  ........... Apologies to all my supporters.,0,negative
5504,"Love it! Has really helped me focus and complete tasks all the way through, if only so I get to check them off and maintain my completion percentage",2,positive
1311,App is good to use but it's premium so Not using now.,1,neutral
1748,Want upgraded version even to set the duration . Pathetic app.,0,negative
10904,Now i`m fully awake,1,neutral
17697," I love the humor, I just reworded it. Like saying 'group therapy' instead`a 'gang banging'. Keeps my moms off my back.   Hahaha",2,positive
6684,Has Ruth today,1,neutral
23694,i miss my husband,0,negative
7736,Helps me to plan my day! What I'm missing: widget shows comming events only and you can't see the previous events. So when you are a bit late the widget is not helping.,2,positive
25455, Europe sounds gr8! Will finish my exam on Teus and then we`ll  talk about it,2,positive
4330," my hubby`s a vet, so we `get` that animals are like children!! all the best! hope ur biz is going well",2,positive
5443,great app. could be better if I could have the same habit with multiple notification times so i can do it several times a day without having to recreate the habit several times. thanks,2,positive
17944,gonna have a lazy day today,0,negative
1236,This app seems great. However I switched to another app mainly because the reminder alarms and reoccurring task options are locked without premium. What the free version let's you do is fine but not impressive enough to risk a subscription billed annually. They should give a free premium preview for a week or two so this app can showcase itselbetterf. Without access to reminders it felt more like a note keeping app that i had to remember to check which hindered the promised productivity boost.,1,neutral
26070,"hmm  is following me and to think, they declined thehodge.co.uk for inclusion into there network",1,neutral
14115,Remind me to get out & take a pic of my blooming clematis before the wind storm tomorrow.,1,neutral
8483,had a 100% raw day,0,negative
26464,is #6 seed in regionals!!,1,neutral
20386,Happy mother`s day everyone! still playing pet society!,2,positive
15894,Fog horn of DOOM! A great way to start the morning... living next to the harbour is really great,2,positive
27443, Yes! I love him. I have seen the eps so many time that I quote his lines with him.,2,positive
2565,"nothing could get worse, or could it? if it did i think id be on the verge of killing myself or someone else, things are not good anymore",0,negative
18154,Y CANT WE ALL JUST GET ALONG,0,negative
16837,haha so bored...but happy mothers day!,1,neutral
4970,"че то вступительного туториала не достаточно, чтобы понять что делать",0,negative
2214,I hate the exams . first time and last time in this school  then i`m out ! after 10 years! yaaaay !,1,neutral
172,URL in previous post (to timer job) should be http://bit.ly/a4Fdb. I`d removed space which messed up URL.  ^ES,0,negative
4760,"I've only been using this app for a week or so but I love it. It's easy to set up and use, and I appreciate that it gives me a percentage of my successful days.",2,positive
16290,"yay for nice weather, boo for cici not being here this weekend",0,negative
3715,the app is good. but ive few complains. sometimes i need to use the web browser but i cant open it since it would wither my tree. so thats a hassle. and also make 1 tree for one hour.,1,neutral
20417, starbucks? I thought u were trying to b good?!,1,neutral
4216,"Not feeling very good at all, why does this have to happen today of all days? Not going to friends tonight",2,positive
17887," My friend Cliff has the tix, so I have to wait on him   Or you can ask trent to just let me in.  You  know, over all else >.>.",1,neutral
3757," hahaha, as cartoon mascots go, the virl.com monster has some very nice details... a good shadow + realistic tonsils.",2,positive
1423, hey I didn`t get the email yet,1,neutral
3207,I`m coming up with a new plan with my bestie. Oh this one is gonna be great.,2,positive
6059,"The app is great, and I´ve started to use it rather than wunderlist. Just 3 stars because I don´t think the My Day section makes sense. Tasks flagged as to be done today, in others lists, should appear in My Day, as those are the tasks for Today, seems My Day only considers tasks added specifically to that list, and that makes it confusing and redundant, as in Planned, the right logic is applied, where you see planned tasks for today and ahead. Shouldn´t the same logic apply to the My Day window? Or I am doing something wrong?",1,neutral
9167,Guess it was too much to hope for me to have a nice relaxing Mothers Day!... Happy Mothers Day mommies,1,neutral
5043,"I wanted to buy the app but the subscription feature turned me down. I wish there was a one time purchase option to unlock essential things like calendar, unlimited inventory etc.. (and the subscription for themes, sounds and other cosmetic stuffs)",1,neutral
26054,"ohhhh, how sad...I didnï¿½t get it!",0,negative
1585,Love this app! It has really helped improve my productivity!,2,positive
878,TODAY FRIDAY: I really hope you will read my messages here and reply to me soon. I could not reach you by phone before you go to work.,2,positive
25309,"Good afternoon all. Sorted technical glitch. A rainy BH monday so a lazy day, then daughters and their menfolk round for a roast dinner",2,positive
6371,Loved how everything is that u offer now. And loved the themes backgrounds and also that u can change the colors. I love pink I changed it to that. I will recommend this apo to other's. Hope u stay forever. This is the best app of the to do ever. And the only one I use. And will ever use.,2,positive
1169,use Google tasks instead,0,negative
2909,"_Mom Emailed you - it`ll be on the porch anytime. If you come tomorrow, we`ll have to miss you! Don`t worry about knocking!",1,neutral
1453, yes yes yes lotsa fun  i cant wait. dont like make up with shaun too much in front of me tho cos ill get awkard haha,2,positive
14750,there are some really scary noises coming from outside,0,negative
20305,  _erincharde  hey you guys should invite me out...moody is my only friend these days,1,neutral
5528, But he got to do it with Effy!,1,neutral
12292,"did ice skating last show part this morning. Mozart. awesome, can`t wait to do it Friday and saturday. love U all",2,positive
2469,Please extend the beta program with more seats 😊,2,positive
5579,Second day of usuing. Above my spectation,2,positive
17136, oh I`m sorry for that. how old was your grandpa?,0,negative
11841,  lol.. zzzzy in office and I`m alone in my bay again.,0,negative
10520,Just got home from chick-fil-a with the boys. Damn my internets down =( stupid time warner,0,negative
4143," Need a tickettttt  Gah. Ya you`ve got me on there, reason346.. Haven`t listened to dear Elliott for a few weeks...overdue..",0,negative
25485,"[Aeroplanes - We Know, Plato!] One of my favorite WKP songs!  ? http://blip.fm/~5jq91",2,positive
5628,i DID argue with byron because he said im fat,0,negative
3517,I right here...don`t worry,0,negative
3787,need more songs to download. suggestions? ill take anything,1,neutral
1261, The problem is that I`m not finished with it  But I have logged in mass hours this week on it. And i`m not being paid! POP!,0,negative
20295,Another friend knocked up.   Pretty soon everyone will have kids. Goodbye carefree youth!,2,positive
22664," made me want taco bell, **** you sara! oh well now i`m going to go change into my jammies now.",1,neutral
22722,Carol Vorderman cancelled her interivew with me... so now I have no proof against all you non-believers!,0,negative
12082, Basket Case is mine  I miss it.. Going to have to listen a **** load now,0,negative
6494,"maxin` and relaxin`, almost bed time",1,neutral
499,I love this app however I sent the link to several friends and they got the app and I received no premium time whatsoever . Don't be dishonest with your apps . That's lame .,1,neutral
18659, go and see my puppy! I don`t want to be there alone,0,negative
9771,my brother left me for the day now I am here by myself,1,neutral
318,No longer getting reminder pop-ups. What happened?,1,neutral
21786,  in chicago until 8:20  ...just landed xoxo,1,neutral
9613,Didn't get past not being able to use it in portrait mode.  I think I should be able to choose whether I need widespread view as in a spreadsheet or a portrait view to view a page of writing and this does not give me the option. I may end up using it this is only the second app that I have tried for organizing by used to be hand & ink written notebooks.,0,negative
20989,Did not win Kelly Clarkson Tickets. Sorry Cecilia. Really wish I could give that to you! You so much deserve it.,0,negative
8018,I`m at the anime store iat rivercenter going crazy at all the Pokemon stuff. I wish I had money,1,neutral
6694,"Oh please! I wanted to complete an unfinished tweet, and 5 tweets cropped up in between!  and now my tweet looks dorky.",0,negative
1154,"Completed subtasks are now forced below uncompleted ones and hidden by default. I thought that was a bug regression, but apparently it's by design. Subscription cancelled (for now?).",0,negative
4161, yes! it definitely paid off ... thanks 4 the advice,2,positive
5674,"No replacement for Wunderlist, tasks are only getting added on the bottom of the list... Completely useless... Update: Still not fixed even so many people complain.",0,negative
2664,"wearing a pair of trousers that were loose last year, tight this year",0,negative
20117,got to clean the bathroom today.,1,neutral
18439,Doh! I was hoping to get a book for the missus but exclusive books are closed,1,neutral
2890,i wish i could go to meet in the middle tomorrow.,2,positive
10231, The little weeping nervous girl was put through... along with a 12 yr old quite good dancing boy. Greg the lovely singer came 3rd,1,neutral
8398, I need to watch Star Trek,1,neutral
8686,"Up and around a little earlier than I wanted to be (phone rang 5:30 AM).  Exercise is a good way to start the day, right?",2,positive
1848,Add a feature that let's me tick tasks off from the widget. Either than that I love the app,0,negative
14703, ****! I wish I were going! Found out too late to get wranglers for my kids and .  I miss #mountainjam every year!,0,negative
10648,"too much good food on this Mother`s Day. not that i`m complaining! Seafood, durian puffs and macarons! yum!",2,positive
2800,"Decent app. Works like intended but does have bugs for the extra ""game"" part of it. constantly have to close and reopen the app because the loading bar never really loads, or white screens. Another thing is I dont think we should be paying 3 gems to change our class. I accidently chose a class when I upgraded enough, and I thought I was fine as the bottom said you can change a class later, except it didnt say we needed 3 gems to do it. I dont usually get that many gems unless i buy them.",1,neutral
5173, Same  also trying to get my house ready to sell... I can`t believe how much **** I own !,0,negative
7801,  still waiting to have a beer with Moldovan. At least he`s happy I came.,2,positive
19011,"  LOL --> don`t mention it, my pleasure!!",2,positive
20797,about to start getting ready for work.  took lexi out to the park earlier! wish i could lay around ALL day.,1,neutral
1412,  Thank you!,2,positive
10183,Going to see star trek soon with my dad.,1,neutral
19272,The new tecas driver license design is ugly,0,negative
14453, My friend and I have a request that you play Nothing Sir when you hit Perth on Tues. From Jazz and Charni,1,neutral
22020," hee hee - btw thanks for your LinkedIn tips - i`ve still to use them, but thanks in advance",2,positive
2501,Almost time to say Good Bye to my twimulations. I`ll miss my tweeps,0,negative
4812, i`m sorry your day wasn`t so good  does it make you feel better to know you`re beating oprah on ms twitterworld?,0,negative
4557,"Full package for IDR 139000, got a 33% discount but still IDR 139000",1,neutral
8133,"Spent the entire morning in a meeting w/ a vendor, and my boss was not happy w/ them. Lots of fun.  I had other plans for my morning",1,neutral
2351,I have been playing skate for two hours. Now i need to get out and actually skate. But it`s too late,0,negative
6136,"Does not support advanced repetition like ""every last Friday""",1,neutral
12512,Margaritas with my Momo. I`ve missed her.,0,negative
11807,"The tree-lined avenue,begins to fade from view,drowning past regrets, in tea and cigarettes,but I cant seem to forget,when you came along",1,neutral
23217,The Palm pre doesn`t record video,1,neutral
1458, Happy Mother`s Day!,2,positive
19842, Thank you for FF,2,positive
13624, ooooo i love pretty feet,2,positive
11897,This porridge tastes ****! I cba with today man.,0,negative
3639,"How I wish I get at least 2 days-off in a row. 1 day off is not enough to rest.  3 days on, 1 day off, 4 days on, 1 day off...Ugh!!!",0,negative
5855,Boxes are too wide on the widget. It was better on wunderlust as I could see a lot more at once.,0,negative
17590,  the cokies arnt real imaginary will hav to do mmmmmmmmmmmm cookie...,2,positive
22088,_II I have no choice  have to get on it!,1,neutral
7570," Ironically, that thought goes through my head (no pun intended) for *every* headache I have...  Hope it goes away soon.",1,neutral
3649,When planting tree with exceeded timer count on ... The tree doesn't get planted even after the set time ! Please fix this.,1,neutral
718,"Two months ago, I became irrelevant.",0,negative
18673, YIKEYSSS!!  I`M HARMLESS REALLY!! JUST WANT SOME ATTENTION FROM BRODY!!!,2,positive
17698,Ive got the greatest boyfriend in the world. I love him so so much.,2,positive
202,Questionable experience. Upgraded to premium but WhatsApp integration is not working. Seems a little confusing.,0,negative
21897," dbl booooooo for being sick, flippin blows! ... bahaha i kno i dont have many friends on here either. i feel so lame  haha",0,negative
9772,"The app would be nice and work well if it wasnt for this 1 issue but its a pretty big issue as far as daily planners go...It only shows half of a clock or calender in the create event/task subscreen meaning i can not select any times that would fall on the right hand side of the clock or I can not select a ""due by"" date  for tasks because the right side of the calender is missing...I would already own the full version if it wasnt for this problem",1,neutral
19232," Good to see you hear as well, Andy!",2,positive
135,Now I have a sunburn,0,negative
25113,still aint get my vanilla frosty yet.,0,negative
2199,"Pros: this app is very similar to the functionality of Wunderlist and adds features I wanted. Free version is fully functional except for the limitation of 9 lists Cons: Some of the widget buttons are small and I am not a fan of subscription services for premium features (I would pay a one-time fee, even for each upgrade, but i absolutely won't subscribe)",2,positive
1215,the fact my room is so hot is making me feel sick,0,negative
121,What`s with the gloomy weather? The sun must be too tired to come out and play  heading to victoria gardens for some impulse buys haha,1,neutral
3994,omg... i want full JB- hey baby song,1,neutral
20109, tnx for the repLy on myspace...,1,neutral
720,All of a sudden I`m craving broccoli and cheese soup really bad... my mouth is watering envisioning a bread bowl in my head...,0,negative
25031,Traffic is down to a crawl on I-94 right now.,0,negative
3912,awesome application,2,positive
15947, ummm. Idk. Courtney`s date is hooking us up.,1,neutral
22950, I told u I tried but 88 said it was 2 late  cause the girl I was with took 4ever 2 get ready. they wanted to meet up by 11.,0,negative
9090,Happy Meal - B.O.B. toy  http://tinyurl.com/cjtqaf,2,positive
3803,"I love this app so much, I've had it for almost a week and I've only found one bad thing about it. It's absolutely adorable and it's helped me stay off my phone and make it fun to do so. The problem I've had is that when I get video chat requests from Instagram my trees die but I fixed it by muting video chat requests. Overall it's super fun :)",2,positive
8487,talking to nat,1,neutral
26259,Prom`s over. At denny`s now  with katie and kelly<3,1,neutral
8020,"This app is practical, beautiful, fun, and easy to use! Highly recommend!",2,positive
9745,It says I changed my password and now can't get in calendar what can I do to fix problems,1,neutral
26538,bed bed bed  do you never answer texts anymore?  I thought of you the other day and sent one but never heard back. Sad day,0,negative
27088," he`s not **** Lol. He`s a riot definitely, but not at nkotb concert. I want 2b a smitten girl with no distractions that night",1,neutral
23469, lol brandy and mr whiskers is on,1,neutral
13532,"sitting in katies house with jo, the other two are away doing stuff, and i have swine flu  and bronchitis but thats a diff story.",0,negative
4375,Apparently it`s 21 degrees in Kilkenny now! And some comedy would be a great remedy to my boredom! Why the hell did I leave Kilkenny!?,0,negative
26458, I have a FACEBOOK but I use MYSPACE and TWITTER the most. I hardly check my Facebook..,0,negative
7075,My english is broken,0,negative
6567,Hmmm.... My whole body feels sore!,0,negative
3132,"_shantz heyy shantell!  twitter is cool, thats why! and guess what!! i followed britney spears, and she followed me back!",2,positive
25127,"_juneau I did, until my parents got all f`d up and I started comfort-eating",0,negative
3582,"I really like the paid version of the app, the only request i would have is I use this app for pomodoro (25 min bursts) during the work week and I miss having the full tree image. Is there a settings option to change this?",1,neutral
14353, Extremely excited! i`m 15 days behind you,2,positive
13278, Time for some Halo3 then?,1,neutral
22226,Again documentation day,1,neutral
1650,Let`s continue being productive today,2,positive
16768,Happy Mothers Day!!!!,2,positive
7849,It's my most favourite app. Thanks for creating such an amazing app.,2,positive
23468,Great first impressions about the little netbook- they only downside is there is no access hatch to upgrade the RAM,2,positive
18930,Hey where my left ****? She never respond bacc..,0,negative
1052,Subscription required just to set a reminder.,0,negative
7884,"I really like how this app is working. It's easy to use and routines are very useful. I had little problem and I got a response in one hour, so thank you for the help!",2,positive
16904,also finally home with no friends or anyone.. kinda nice to sit in a quiet room.. do wish the gf was here tho...,2,positive
7688," still no class loaders, or even custom assembly loaders",0,negative
20315,  sorry to hear that. Is is a 365?,0,negative
17811,welcome to the family new pillow  im going to lay my head on you tonight!!!,2,positive
13008, Sadly no robot songs in my library.,0,negative
19234,eating organic jelly beans,1,neutral
292," Yep, finished, chocked full of spelling and grammatical errors, but I`m cleaning it up tomorrow and popping it up  hehe",0,negative
23432,Roxy was right. This palmade stuffs pretty cool,2,positive
19386, ~Congratulations Daddy,2,positive
13608,Round two of Vega: Vanilla Chai flavor.  Just realized that I have only 45 days left,1,neutral
25346,Doh. In a rush to get to the Puma Open and I just got pulled over. So sad.,0,negative
2945,"lazy day, staying off the foot as much as possible.",1,neutral
13282,hand hurts,0,negative
25484,wats up with the racism in australia? Its not nice,0,negative
24383, I like all the songs  I can`t say just one guys! love ya,2,positive
1923,"Tweet **** ? I am up to 10,000 tweets",2,positive
1035,i only hav 8 followers                 !,1,neutral
575," I am just `okay-okay` .. like the rest of the sane population in the world, I hate mondays",1,neutral
2099, woop right am off to 'try' to get 2 sleep haha its 2 hot  have a good nightt x,1,neutral
3998,"Love it! Gotten through a bunch of essays with this app. I love it actually let's your phone play music, which I always turn on before starting the timer. I do have one complaint, and it is a small one though- I think there should be breaks during the timer. I've needed to use the restroom a lot during studies, and I feel guilty because I'm wasting time. So I think there should be a 5 minutes break option. Maybe you're only allowed to use it once or twice per tree, depending on the time it took",2,positive
2942," woop rehearsing songs  Yep, sounds even enough to me",2,positive
15815,"...living in my studio, sounds very important ;) oh Mildura is totally boring!! Mhhh...whatever!  byeeee",0,negative
9836,"app has kept organization relatively simple the past several weeks.. i have no prob giving this 5☆, except having issue on my tablet viewing monthly calendar (off-center).. i find myself going back & forth btwn tablet & phone.. if this is a settings issue that can be resolved, pls advise.. overall, i think the app could help many out there..",1,neutral
9330,just doesn`t understand why this thing wont save my photos  Defo uggo! lol,1,neutral
1807,"Nothing is free, very bad",0,negative
1482,"Plane tickets to UK and everywhere in Europe are BEYOND cheap (for June-Oct!!), but there`s NO gig in the near future announced yet",2,positive
21055, im a pleb  i had to take it out of the freezer.. and put it in the oven!,1,neutral
14880, Yay! Thank you.. Feels like ur yelling at us   LOL,1,neutral
3714,is sooo close to finishing her exams  role on monday and i will have my life back.,2,positive
6029,"Been sick all week and still not feeling so well, can`t go to Lena`s cook-out  Gunna spend some time with the fam!",0,negative
10962, I`ve missed one this year(!). It`s the forbidden fruit. Of all the trees in the garden I munch in disappointment on that one.,0,negative
10642,Zac Brown is in Virginia Beach and I`ll be in NoVA,1,neutral
6206,"I like it but sometimes does not response correctly, and need more options to do the daily use easier",2,positive
2423,  i jus listened 2 `not okay` it`s nice i lik it.. I`ve been thinkin abt thomas throughout e whole song..  luv ya,2,positive
2442,Too good.,2,positive
14470,"Aaaagh, aircon not working in my office",0,negative
14812,_Roy i tell them it`s facebook minus everything but the status updates.,1,neutral
25847,I think me gettin a physical change,1,neutral
7164, hey is there a way u can make a somatic theme for leopard? some themes have installers already that are shapeshifter independent,1,neutral
7096,One of my favorite app to view my planned tasks as a graph when helps for a quick visual of what's next and when. Thanks for the app.,2,positive
20401,  Joe and I loveee you.,2,positive
736, How much longer is the NKOTB Block Party? Love it! I need to go to bed so just wondering what time it`s over..LOL..thanks!,2,positive
2622, OmG U NasTY,0,negative
25254,"bummer, my phone gets disconnected. on the weekend of my birthday. darn </3",0,negative
5554,Helpful.. helped me to stay on top of things. As a mom with school. This app makes stay on top,2,positive
17775," im sure  s`okay, ill save my $$ and before u know it weiss will be mine.",1,neutral
6533,Should have an option to add reminders. it only displays events,0,negative
20868,Going to Houston and Nola this weekend with . Who wants to join us?,1,neutral
378,"Just one thing and I will definitely change to 5 stars. Make the 'Quick add bar' easier to use! Just expand the letter 'ADD A TASK' in the notification bar. Or at least make it easier to reach when using one hand. I'm right handed but the 'add a task' is located on the bottom left of the bar so it's hard to reach with a thumb. Please, I believe it's not too much to ask for.",1,neutral
7196,Mmmm Ham  Yummy! I have hat hair...Stupid Deli ._.,1,neutral
8459,_I Yeah poor Yao! Hope u had fun looking at the Lakers JerseyZ haha! Enjoy ur time buddy !,2,positive
21568,"Going to bed, no plans for tomorrow, just hanging around  Good night people <3",2,positive
16115,Really tired JAKe always gives me more work,0,negative
202," are you getting my messages or do you have to add me to recieve them, soz I`m new to this",1,neutral
2183,_iddon blerrrrrrrrrrgh. im too hot and all sticky,0,negative
4150,"Update: dropped 5 star rating to 1star. App will not sync. I have it on Android and iPad,and neither one of them will sync to the server. App store shows 8 months since any updates. Would not have paid for premium if I knew it wasn't going to be maintained. Original review: I wanted to make something like this myself, but they've already done a great job. I feel more obligated to the daily habits I'm trying to build, and it's great that it tracks my completion streaks.",0,negative
3480,"Cleaning my roooooooooom, about to continue playing with my DSI",1,neutral
7698,"Ok so i bought a pro version. It is a decent app but has some issues. I created a few routines but when using programmer I can't apply them based on Day of the week instead I have to choose date. For example on every Monday, Wednesday and Friday I have a different routine but on Tuesday and Thursday I have a different one. But using programmer I can't apply routine based on day of week ( have to choose a date instead).",2,positive
10601, It`s kind of like your birthday is 3-days long!,1,neutral
12256,hates the net. ayaw bumukas ng twitter.  http://plurk.com/p/wxlxs,0,negative
23689, the movie on the plane is Mall Cop- (but i saw it with the nephews already,1,neutral
19860,I had a dream about a pretty pretty beach and there was no beach when I woke up,1,neutral
793,  sad face.,0,negative
2704,Jus Got Hom Fr. TDa Funeral... I`m So Sad! I Cried So Much Times! Much Love Grandpa!<3 I Never Got To Say My Last 'Goodbye' to Him.,0,negative
223,Walking to class. I hate not having a bike....especially mine.,0,negative
822, Hey Mitchel when will you be live again? I didn`t get a chance to call you,0,negative
15832, LOL!!! I`m going to see it maybe today,1,neutral
1226," Oh yes..i think almost every Tuesday in June. Which dresss, I just bought one, then felt guilty and took it back",1,neutral
1641,Its very helpful.,2,positive
8336,Good app for task but should be linked with reminders.,1,neutral
6801,its ok,1,neutral
7839,"Very good app, to plan your day. I really like it",2,positive
9429,"Very effective and user friendy. Got it connected to my Gmail, Outlook en work environment.",2,positive
1612,is hungryyyyyyy!! going to eat traditional indian food...the pakistani way. woowoo!  hahaha! >[_()\/3,2,positive
7051, just took the Terminator trilogy :-D but what I need is actually TV series and I still can`t find anything tempting,0,negative
4953,"read a negative review which had a reply to someone calling out the subscription, they said all ""major"" features are available for free. No, no they aren't you can't access the calendar at all it's an entire tab on the bottom of the app it's pretty ""major"" in my book",0,negative
10670,i love his nose kisses,2,positive
841," I`ve read good things bout it. Just not feelin it tonight. Proly finish it tomorrow, after Star Trek",2,positive
3268, I took my ring out...,1,neutral
18912, Shiraz event was in an `anti-bahai` center.not in a mosque or in election campaign.Sadly children wr involved in zahedan,0,negative
4936,But I have cause I missed a lot of classes,0,negative
14804,Beer pong  at 6am  with jess,1,neutral
6972,My favorite aspect of this app is the visual organization of my daily events! It's a great little widget for people who need to keep track of their life but literally always forget to open the calendar app. I would like to see more color custom options 😊,2,positive
7320,Saturday is Partytiiime,2,positive
9208,I really love how i can see my task list and calendar side by side. The only reason why im not giving it a 5 is because i would really love a desktop version to use when im on my laptop.,2,positive
9711,It's actually good but it doesn't have a feature where your task appears on your lockscreen that will remind you everytime you forgot something to do.,1,neutral
19365, Uh oh!  Hope nothing too damaged.,2,positive
15590, And I fell asleep 10 minutes into the Saget roast.,1,neutral
20596," i did, thanks laura",2,positive
14784,My last full day of even day classes. I`m a little sad,0,negative
7028,I enjoy the countdown to my next event. Very helpful.,2,positive
10182, you should add your blog to CMF Ads,1,neutral
8604,*sigh* I`m going to bed... I just don`t feel right anymore...,0,negative
2706,fully inspired to write a song.,2,positive
1720,went to the cd store to search for the cd. But,1,neutral
19525,"http://twitpic.com/66uor - went on a really long cycle ride with my mum, brothers and my BFF Han today. My bum aches now!!",0,negative
1964, I don`t want to be a complete hypocrite - I attended an R-rated event while I was there - the timing was just ironic.,0,negative
9389,"Really nice overview, like the colors and how adjustable it is. Won't consider any other calendar app",2,positive
2098,Good but flawed. The app does not support tasks from caldav such as icloud reminders 🙄,1,neutral
5220,"We actually have milestones due for 3 high profile projects in the next 2 weeks, & they are all scheduled when I am on vacation -",1,neutral
26033,gonna get a tan. i am so white,0,negative
1438,Good app easy to use. I like the fact that it emails my daily to do list.,2,positive
12730,backache,0,negative
6895,The circle widget should be bigger.,1,neutral
2894,"App is slow and unresponsive, makes using it a pain",1,neutral
24794,_bug68 Bill is super!! Thanks you!!,2,positive
24517," Union Square? Somerville? You`re better off with the 87. That probably helps you zero at this point, though.",1,neutral
11751,"thanks to the forever 21 curse that makes you spend 3 hours there everytime you go in, i couldnt go tanning today",0,negative
10534,yankees won mets lost. its a good day.,2,positive
21567,Gonna head into the shower now...  Going to a friend`s birthday party =],1,neutral
17704,watching it rain,1,neutral
20496,"Sadly, the time has come to put my mom in a home",0,negative
19007,Back in from LI 2hours ago n still made it to work  yay me,2,positive
23292,_twist86 **** is picking up!,2,positive
3824,Forest is a gamification of the pomodoro technique. It's more helpful than other pomodoro-type apps. The vibration notification is too long and loud. Otherwise an excellent app.,2,positive
8310,  i would love to come visit you in Korea.. next flight that is under 100 i am there!,2,positive
21610,missing Taylor like crazy  cant wait till he`s back,0,negative
644,Sites that republish my blog`s feed often end up higher than my blog on Google search results,0,negative
8792,"Been using this app for years, This app called itself business calendar but now includes popups which blasts the speaker at full volume. How am I supposed to use this app during BUSINESS MEETINGS?? Like the others who gave their feedbacks, guess it's time we move on to another calendar app like OneCalendar which dosent have ads",0,negative
26780, I`m not part of that generation unfortunately.  This is really good though,1,neutral
348, I only do computers. Am hopeless at everything else,0,negative
4399, http://twitpic.com/5h3ad - And Brazil??? WE LOVE YOU TOO!!,2,positive
4989,"Confusing, over complicated, and bland looking. The fact that I had to go delete the habits that it had already chosen for me, made it worse",0,negative
12038,"Chris pine, please be mine.  haha",1,neutral
2211,but  Humira isn`t right for everyone. Some respond better to Enbrel. Ask your Rheumy. But not much long-term testing done,1,neutral
10697, Haha no. I just connected my phone to my wifi.,1,neutral
9371,I've been using the app for more than a year and it's a real thing! Very functional and customizable in many different ways. I simply can't use another calendar app since I started using it,2,positive
8220," noooo! Little piggies.  i`ll vote anyway, hmpf. We need to hang out soon pls. :hugs!:",1,neutral
4283,Sync not working anymore,0,negative
3916,Nice app but pls include better sounds,2,positive
2331,My fingers hurt,0,negative
27338,Kinda meant mother. Im giving props to  for taking us,1,neutral
9414, looooooooooooool thanks,2,positive
2405,"I have used Wunderlist for about 5 years, but now its being retired. I tested and tried 10+ apps since then, and none were that great. I stumbled upon TickTick, and wish I had started using it years ago. TickTick has much greater customization options, and does a great job of incentivizing completion of tasks via feedback. It has made my life much easier. I do wish the widget had options to change how it appears, the ""to dos"" do not have breaks between them.",2,positive
12358, well nothing. I can give you a pen.,1,neutral
23069,Is going to sleep not peaceful  wanted to hear him say Good Night but that didn`t happen  Good Night everyone....,1,neutral
14680, used is definitely cheaper... may have to get later ones that way... but new is ok for now...,0,negative
16069, automated ****-downloader would have to know which **** you like. youporn has this new recommendation feature,1,neutral
2805, Can you please  with that? I`d love some egg +bacon +ranch +bed for giving birth 3 times in 4 years!,2,positive
22759,sick on wifes bday= double,0,negative
11264," In France it was last Friday and also the coming one, we are working",1,neutral
7011,wants to go swimming,1,neutral
2834,Habit widgets stopped working. After a day they just go blank and don't ever come back. The widgets where my favorite part of this app so that's too bad :(,1,neutral
9146, me too baby... Miss you,0,negative
24909, That is the 3rd NKOTB contest that Canadians can`t enter   The overseas fans have theirs now!  It`s bound to be our turn!,1,neutral
3296, Excellent then Chiang Mai is definitely a possible next vacation stop! thanks for the info.,2,positive
8079,When you try to write a task and you want to set the reminder at the same time you have to make a reminder for each one and its wasting my time. If I could I would rate this app 0 stars,0,negative
19543,Burning time at wacha,0,negative
27257,"Darn all of you! I wish i could watch bgt now, but if i did i wouldn`t be able to fast forward through the ads  + dinners very soon..",1,neutral
19304,Just lost Internet.  And I was in a raid for 25 OS.,0,negative
10696,quick catch up on missed Neighbours ... poor Libby,0,negative
411,was hoping to go to Red Lobster this weekend,1,neutral
4832, yum. Do you do home delivery,2,positive
630,im back to this z-index problem...again,0,negative
12440,"Just finished The Village. So in love,could watch it over and over! Wonder why I can`t get to sleep tonight",2,positive
16699,RB  vi...t.y both  ? http://blip.fm/~5jfu9,1,neutral
21114, LMAO!I was JUST thinking how I **** hate @ least 3 people that I`m following...but I haven`t unfollowed em` yet. I`m a loon.,0,negative
5765,"You guys bought Wunderlist and I changed to TODO. Why are killing a great app, like Wunderlist, and replacing it with an unacceptable alternative?!?! You have fallen short. I cannot invite anyone to share lists. I have been very patient while you fix the invitation aspect but after months I am looking for a replacement to Wunderlist, which I understand you will kill in April, as well as TODO.",0,negative
2356,This application is the best for to do task. I think it is more than you expect it will fulfill your all requirements. it has most creative function that you haven't imagine. Thank you so much developers.,2,positive
360,"A decent app, but for me, it's not worth paying £15/yr for, and that's at 50% off. £30 is just ridiculous for a to-do/calender app. There are other task/calender apps, just as good and free.",1,neutral
4822, it wasn`t that good tonight  I know DCD though .... I won`t say what happened!,0,negative
12832,watching beauty & the beast  haha,2,positive
4140,VERY CALMING,2,positive
2564,:  nice to see you on twitter!,2,positive
819,  well hit me and we can see...it depends then,1,neutral
9375,"Integrates Google calendar well, has a clean interface and easy to add one time and recurring events. I've tried many and keep coming back to Business Calendar.",2,positive
8458,"Working great for me. Simple to use, relatively detailled, free... !",2,positive
14803,"dont know why so tired today  bye, time for beddy",0,negative
6427,Perfect. Wonderful idea,2,positive
10214, nooooooooooooooo! well the 4G will prob be out in June but that doesn`t help u now,0,negative
141,Wants 2.99 per month to do things I can do for free with Google.,0,negative
9333,I cant use my blackberry today. This sucks.,0,negative
6744,http://twitpic.com/677bi - IVA!!!! i already miss yoo my sweet  ****,0,negative
4392,"The *only* part of this app that doesn't impress me is the widgets, everything else is beautiful! Good visual layouts, simple quick tracking, but enough features to be flexible for different needs. UPDATE 12/30/2019: The app no longer syncs and does not import data. I've got a handy cvs export with 3,000+ lines of habit data, thank goodness, but can no longer reccomend the app if it requires manual input to restore data.",0,negative
5942,"Appears to work the same as Wunderlist, and imports your lists, but if several people share a list, you can't share it anymore.",1,neutral
5309,Lots of fun!,2,positive
18900,Listening my own playing on a friends album and being disgusted by every second of it... **** I suck.  Normal reaction. Every album.,0,negative
3915,Me gusta Es para quitar el vicio,2,positive
2826, so technically....i havent really gotten out of bed. so i think you`re right and i`m gonna stay here!,1,neutral
8979," Hello, I see your online, can u talk to me pleeez!  From a fellow BAMF. lol",1,neutral
21157, unfortunately noy   my life suck this year.,0,negative
222,Bad day  The day you realize what mess you`ve put me through will be one of the happiest days of my life...,1,neutral
7782,"This app is the best to schedule my day! Further more, here are some possible features to add! ; a homework option w/ reminder, water reminder, mood tracker, monthly routine, and calendar? Also would like if premium was cheaper :(",2,positive
1399, what did you think of the finale?  I thought it was kind of a cheap way out,0,negative
21763,: thx for the follow!,2,positive
9190,Ads have changed from a small bar at the bottom to a full page screen that you could close to a full screen video that you can't close until you watch the whole thing.,2,positive
17210,"Nine o`clock on a Sunday morning - Outside, sat around the table enjoying the early rays of sun, reading Twitter article in Sunday Times",2,positive
8542,"BBQ`s gone well ! Weather stayed good which is a right bonus. Just off to bed, training in the morning at 06:30 then work",1,neutral
13252, ouch  does picking your nose count?,0,negative
21222, he`s retiring from the tonight show  im so bummed. he was awesome ha. AND CONGRATS MY DEAR,1,neutral
21208, Same to you!,1,neutral
11660,I hate having headrush,0,negative
3984,Here at work having lunch. A lot of work and not enough help,0,negative
491,It's very nice. I would definitely buy the premium version if it was one time payment but they ask monthly subscription...,1,neutral
5361,Just started using the app. App is user friendly but I put my phone in vibration mode and notification alarms never worked. All the times I set passed without any notification. I am surprised because I had taken HabitNow off the battery optimisation list on my phone and I expected alarms to work without any hitches.,1,neutral
6804, Haha.. Hey you should check out   Love her/his tweets,2,positive
14399,last real seventh hour,1,neutral
229,"Stupid popup reminding me to add reminders or do something covers my keypad and stays for a long time with no way to close it. I can't keep checked off items. It reminds me multiple times, every couple of seconds, to clear off the checked items, again blocking me. I can't move items between lists and if there is a way, it isn't easy enough for me to figure out. Cumbersome.",0,negative
17931,start again... so now theres 6 people coming with us when we go to melbourne...for short stack. originally 4. but still only 3 for ss,0,negative
9591,"Not very intuitive. I couldn't find a way to switch between week, day, or month views.",0,negative
3342, good morning! Got to be afternoon in Germany,2,positive
7875,i`m hungry but can`t eat anything right now because my tongue hurts so bad.,0,negative
3868,"I use it a lot and it really helps with my concentration. The timer is slightly slower than actual time though, so if you want to know the exact time you worked for check your clock before and after",2,positive
12892,I received some excellent birthday presents!  Party was the usual success.,2,positive
25123,You fooled me!,1,neutral
4209, perhaps because it`s 3 am Minday morning,1,neutral
15865,wants to buy really red* lipstick. But I won`t wear it that often,1,neutral
23779,I hate it when Trevor drives,0,negative
24400,OMJ JUSt qOt HOME fROM tHAt PARty! it`S 2:OO a.m! i`M MAN tiRED! GOODNiqHt AND HAPPY MOtHER`S DAY 2 ALL!!! tAkE CARE & GOD BlESS!,1,neutral
5658,"good morning twitter-ers  rise and shine,, just on my way to school",2,positive
5971,Eh they shut the freeway down! omw to a job interview so i guess i`m gonna be late,0,negative
10959, apparently were not as good as the Brazillians tho`,0,negative
17113,"Just potted some geraniums then talked to the grandkids, well Maddie - Jack was outside playing.  I sure miss `em!!!",0,negative
169,"hate working when its sunny,boohoo",0,negative
11163, Good to know I`m not alone in my confusion,2,positive
298,Reminder feature is not working 🥱,0,negative
6410,My car is in the car hospital for the nxt 7 days  I gotta go pick up a loaner car b4 6! Bein without wheels 4 7day will set me back heavy!,1,neutral
22252,Very lonely here in Gosforth gallery  but excited for meal at Six followed by Antony and the Johnsons tonight. Woohoo!!,2,positive
18143,Buying my first mac,1,neutral
464,_by_spork we shall see,1,neutral
15968,its sprinkling outside  i hope it doesn`t rain during our game ..,2,positive
13637,3 tweeets {:    FGS tweekdeckkk hates me  -cryyyy,0,negative
88,Hi. App states its free. Yet there is a charge after 7 days. Dont mislead people,0,negative
1664,_92 yeah im okayy lots been happening while you not been here !! anyone special at the moment ? ****,1,neutral
6267,"Really needs and undo button, gesture or shake to undo. It's hell of a problem to find accidentally completed tasks.",2,positive
25527,.... So I always get left out,0,negative
8809,now feels like a dork for using the wrong Ping group,0,negative
13557,is cute,2,positive
2651," you don`t even care about there, their, and they`re.",1,neutral
7413,I work in a school and the schedule has times like 4:42 which this app doesnt do. Like it but absolutely useless to me.,0,negative
4136,very nice app for phone addicted .,2,positive
224,Again working on the internet shop ... don`t think we will achieve the goal of uploading by the previously set time   Will keep going,1,neutral
10274," that was a really good interview to read, really enjoyed it  x",2,positive
4954,"app crashed after creating a daily task with 2 day habit. would fail and bring up a warning that the task failed and to press OK. however you couldnt tap ok, it just did nothing. this happened every time. gave up and uninstalled the app. on a pixel 2 XL",0,negative
2222,"Excellent overall, very flexible with many useful features. Only suggestion I'd make for improvement is a feature that as the user if they really intend to complete a task that has been snoozed multiple times.",2,positive
3198,jolly good last night,1,neutral
26939, I did,1,neutral
6484,"uft im tutoring the lil sis  shes so cute, even though shes an eighth grader :p",2,positive
2409,Moved to TickTick when Wunderlist announced it would become Microsoft ToDo. I'm loving it so far. Better than Wunderlist. Specially the web app.,2,positive
6905,"It took me a while to understand how to use certain features, but once I did I found it to be EXACTLY what I needed! If Google would allow reminders to come through, it would be the PERFECT time management tool! My only thought would be if there was some sort of tutorial or guide to help know what some things were for (like when I'm changing the color scheme, I can't always tell what's what) For those not wanting their calendar clogged up, just make those things hidden after you've added them.",2,positive
8259,"Very good app but something lacl There is options default task set today, Tommorow etc, one more problem when we ADD task in any list it automatically saved in other. Other when we add task any date it demand time necessary it shoud be Optinal",1,neutral
9341,"I have this app for 3+ years and still think it is a great app. I bought the full version after some time but the free version is great too. Easy, initiative, visually pleasing and reliable.",2,positive
5881,"Ad a few widget customisations and I'll give a another star or two. Chose between dark or light. And let us set transparency, so we can match it to other widgets. That would be great.",0,negative
7179,Great apps!,2,positive
10087, too bad i dont have either,0,negative
2505,"Can't even start it properly. Just says ""Path 'profile.name' is required.""",0,negative
12361,I`m bummed that the  contest is only for the 48 states   What about Hawaii??,0,negative
2375, Since you travel quite often and use online travel sites we would love some feedback on iXiGO.com from you,2,positive
11510,Now I`m at a doppppe rock show in the LES .. Moshie moshhhh pit  http://twitpic.com/4wkhi,1,neutral
9702, Sry I missed your calls. I fell asleep out of boredom. Colorado Sunrise was enjoyable though.  I actually could hear it. xD,1,neutral
5500,I am really appreciating these reminders and the ability to track my progress!!! It has a lot of customizable options and it is easy to use. Highly recommend,2,positive
5796,"Seems to work great for me, but my family have trouble accessing the app, having to log into their Microsoft account EVERY SINGLE TIME. Get it together, Microsoft... it's frustrating and ridiculous.",0,negative
5568,This app has a great way to keep up with and manage your life. It keeps me organized and inspired to heal myself daily.,2,positive
19678,Illy`s note in the book: 'From one `geek` to another - keep up the good work!' sigh.  He is missed - and he was great for espresso.,2,positive
9405,can`t wait to make that call tomorrow. gotta keep moving forward!,2,positive
8866, http://twitpic.com/66sbz - thats actually adorable! ooh how i miss dude,1,neutral
10968," need to get an intel based mac 1st   but this impacts on dual core vs quad choice, latter probably better for virtualization",2,positive
2905,"The application consistantly tells me I have no internet connection, and 
has become a pain to use. I know I have internet, it is slow, but present. 
The application would be much more useful if it could keep track and update 
your progress when it feels the connection is stable enough.",1,neutral
2684,"****, I Burned My legs  !x",0,negative
3922,I love this app. It gives me purpose to keep on focusing. One suggestion: can we have full screen/ zoomed view of the forest??,2,positive
10452," that`s cool. Well if you need any more help regarding that, Google is your friend. Plenty of info on that!",2,positive
10990, everything okay?,1,neutral
345,Is getting ready for work... Working all weekend,1,neutral
22186, no labels?  Sorry I know I`m really needy.,0,negative
7776,"_Ernman Hej Malena, lycka till Eurovision! The United Kingdom will be voting for you!",1,neutral
16971,- going somewhat out of town? (x visitng uncle boyet & famm!,1,neutral
8574,work til 9,1,neutral
24894, I didn`t see this until after,1,neutral
1956,Done! Goin home to eat dindin and contemplate what the night holds for me,1,neutral
9193,doin homework ugh,0,negative
23725,"Happy Mothers Day! Same day, more chocolate",2,positive
23743,i feel like **** right now and i have one more month of school left  FML HARD,0,negative
3550,"I'm a premium user and I've bought it for about 3 weeks now. However, I've realized lately that although the timer records the amount if time I've focused, the app doesnt record nor update my data, for example in the friends page it always says that I've focused for 0 minutes when in reality it's a couple hundred minutes already. Please try to fix this problem. Thank you!",1,neutral
3851,Really great tool helps me to know what do I spend my most time doing and I strongly recommend it to everyone. It would be a better experience if they could add a feature to give me the freedom to organize my own forest and change the way my trees are put,2,positive
14474,"Im so done with this cold. I really wanna go out tonight, but i really dont feel like it.",0,negative
7238,Doesn't let me add even one item to my day without buying the pro version.,0,negative
9559,wants to go home.,1,neutral
2851,I want to get super pretty  and i want a cig,1,neutral
5077,"It was really good for helping me to get motivated for a few days, but when I shut my phone off the notifications stop coming until I open the app again, and check off something.",1,neutral
1637,"Outstanding! Best ""To Do"" list app I've ever used, and I've tried a lot of them. Worth every penny.",2,positive
25205,"Yep, this is about as 'boonies' as it gets, if you look at the map   In transition. Gotta find a place and a job. - http://bkite.com/07kjR",1,neutral
16144,ipod touch: worth the money? because i`m thinking of buying one. my ipod is dead since this morning,1,neutral
17683,If you`re going to actually read them you have to at least sign up  no fair!,1,neutral
3230,Keeps turning off even when set to the proper settings . I made sure it was not an issue with my phone. I set the settings of the app to their adequate setting and yet the app still does not work when my phone if off.,0,negative
1246,"Barack Obama is a legend, just watched his dinner speach, it was pretty funny",2,positive
13752,is chilling at home,2,positive
1686,why yes jeeves. bring me that noose there  TOO MANY ASSIGNMENTS!,0,negative
2141,"why weekend just 2 days on sat sun, but my weekend is on friday only.",1,neutral
6562,Clive it`s my birthday pat me  http://apps.facebook.com/dogbook/profile/view/6386106,1,neutral
7924, im fine. but a bit tired  im glad that its weekend now.,2,positive
22036,French isn`t meant to be taught to asians,1,neutral
23801,no one wants a #VirtualKiss,1,neutral
7293,there was a mix up with my dentist appt this afternoon. so they rescheduled me for tomorrow @ 9am.,1,neutral
380,"Oh god, a moth was living in a **** power outlet!  (Actually, my PowerSquid.)",0,negative
5761,Forcing to open Microsoft account even when we are providing mobile number or another email account I don't understand if it is very good app and useful then I will open account,0,negative
5229,It's very good. It helps me more about my difficulties in habits tracking. I found it best of all,2,positive
17720, Taking the souls of your friends and family and watching them die is a nightmare. Trust me,0,negative
4262,"Paid premium, it doesn't sync at all. Costumer service unresponsive for a long time. Don't spend money on Premium, this app is dead, the last update was in 2018",0,negative
4614,My sleeping beauties  I love my grads!! http://twitpic.com/4we5w,2,positive
2927,is now going to see his very ill uncle on saturday and spend the night at his house as even more bad news has come up,0,negative
9536,"Cooking microwave pizzas, yummy",2,positive
18110," Thanks, Nick. Means a lot coming from a designer of your caliber  #symphonycms",2,positive
22385,"Fish fingers and potato croquettes it is then! Would love some baked beans, but they tend to hurt me.",1,neutral
3427,May 10 is Human Kindness Day.,1,neutral
24456, aw you could have played the **** game with me this morning! Nobody else wanted to play,1,neutral
8839,Cant put in anything in app,0,negative
23250,Watching Dr. Horrible with .  don`t be mad!,1,neutral
4011,This app really helps me when working on school at home.(We've been doing a lot of that bc of COVID-19) I really suggest this app! Hint: if you want a free tree from the store order them from least coins to greatest,2,positive
1610,"Excellent app, continuous improvements make app be in the top 1% of Productivity category",2,positive
1527," I`ve always been pretty athletic, I especially love b-ball. Anyway, yeah I can run",2,positive
14045, : They R sending TW business ppl 2 the mainland 2 return the favor - Re: Chinese police representatives in TW,1,neutral
9042,  follow?,1,neutral
5304,Tis' good.,2,positive
4912,Fab app and helps everyone to stay on the track. I love the reminders!!,2,positive
3711,This app really is a great idea but for those who dont care about a little digital plant like me it really isnt going to be affective because they wont care if the plant dies. Im going to try to download it again so i can have a little more discipline but other than that i think it is really nice.,1,neutral
5393,where`s my new ,1,neutral
6300,  May the 4th be with you too,2,positive
712," Hello there, Taylor  I MISS YOU. Its been 2 months </3",0,negative
2485,"Friday Night Magic last night, I lost so bad  I suck at draft",1,neutral
8060,"at the beginning was good but i wait two months later and the app keep putting back as not done reminders that i mark as done already and the other task that have date and mark as priority don't even showed me, if you can fix that ill stay with the app otherwise i will keep looking... sadly the only remid app that work good was the apple one but i don't have iphone anymore so? came on please make this one work",0,negative
21916,my n95 hacked  no signing needed.. thx OPDA,1,neutral
12898, i will,1,neutral
2490,"Yeah, that didn`t last long..",1,neutral
2242,I was gonna get off at 230 2day. Just found out I`m stayin til 630,0,negative
719, whatever do you mean?,1,neutral
316,"This is a lovely app, but I would rather to pay one time off for using it. It becomes too expensive if you use it for years :( Doesn't connect to google tasks neither",1,neutral
6156,Is trying to buy a new bible...but they just aren`t the same...why did my dogs have to chew it up?,1,neutral
8232,"This app would do better with a calculator tat adds& subtracts shopping List columns with$totals. Also tabs/swipes for delete/retrieve.⁦👍🏾⁩⁦👍🏼⁩UPDATE--2/16/20. 1.You can't edit[actual item]on a list,like change It's name. 2.AND you CAN'T See*or do a running sub total -add or subtract price totals.What good is a list tat when u put the price of a item your Task list can't be more helpful when creating a cost grocery list or whatever,like[hardware store]items list!!! So I deleted",1,neutral
878, you okay bby?,1,neutral
1220,My throat is on fire,1,neutral
13660," Got tickets for your gig in Glasgow, gutted we have to wait til November though",1,neutral
14579,"Jesus...I`m being SLAMMED via DM`s from the Papaya lobbyists.  OK. Holy ****: Mangosteen, Durian or Papaya...or cybersecurity on a stick.",0,negative
24293, i know... I don`t want to be left in our home by myself during the weekend...,0,negative
23371,"is planning for surviving financial status after quitting my job, gotta find a new job within 4 months",1,neutral
20050,"Basically I`ve listened to Miley Cyrus for fourteen hours now, and I love it.",2,positive
6854,"It show the full day events on next day actual, which is incorrect. Otherwise it's good. There should be option for alert tone.",1,neutral
908," thanks Alen, it seems that we can only submit community news, is this an error, or must we prove ourselves",1,neutral
19490,What a burden. Abit of a fail lunch with Dan,0,negative
9624,"Doesn't sync reliably, and that's one of the most critical features for a calendar app.",0,negative
1739, me to mi sausage,1,neutral
6263,"6:29 pm - ok, let`s go now through #bowman #strategicClock but first.. a break :-0 aargh.. tired",0,negative
21043,"Urgh.... feeling like **** today. Bad headache, tired, blood sugars too high.",0,negative
5540,"friday here at last, not much fun when your skint though",0,negative
1835,is surfin`..,1,neutral
3200, thanks to follow. have a nice rest,2,positive
9350, I`m probably going to be doing the same thing,1,neutral
11430,Ah this is getting to me,1,neutral
7807,Pretty cool app..helps a lot to get into your new routine! Recommend to everyone :),2,positive
14603,Not feeling very well.,0,negative
1116,tomorrow`s mother`s day  me n my sis gonna make an onigiri for our mom~!! its gonna be so kewl!! cant wait for tomorrow >_<,2,positive
27217,"  We don`t feel too comfortable using it. It`s not awful, but pretty icky.  Scurrying to find a deal...",0,negative
26995,"homee from wango tango, i had fun  really tired now. wrapping moms present and passing out. <3",2,positive
15724,"my back and legs kill from yesterday and we have a big old leak in the kitchen, looks like staying in pjs all day infront of the tv",0,negative
4982,Ahh ! I just woke up.  forgot to reset my alarm clock.,0,negative
8979,Great app when it works but don't assume you will get any support when it doesn't. Always read our help files and that is it.,1,neutral
20920,_d Zwarte maillot,1,neutral
2948,Layin in bed awake. Txtin my girl in vegas. Wishin I didn`t have to work and I was w her,0,negative
1635,going to EK nao... will meet bloggers there instead of Makati  http://plurk.com/p/stnt0,1,neutral
24068,dont put behind the wheel lmfao today was fun,2,positive
747,Havin a much better day today!! Finished the last Twilight book yesterday. Classes start next week!      Get at me yall!!,2,positive
21030," Nothing, stayed home",1,neutral
19730,my ipod died  not running until it is charged.,0,negative
8113,"Sh t, I`m getting even more sad. I`m currently at the library and j think it`ll be the last one tooooo",0,negative
18476, Good! I hope that it was a wonderful experience!,2,positive
1295,"  poor you lmao, just stick your head out the window!",0,negative
4783,"So far, so good. I've been using it for about a week. It's easy to set up habits, a schedule, and reminders. Checking things off and seeing my success rate is very motivating to me. I upgraded. It's a one-time fee of only $7.99.",2,positive
2409,back time.  I wish I was a teenager again. I wish I could feel healthy again. I can`t remember what it`s like to feel healthy anymore.,0,negative
992,"Getting somewhere with my first 'real' KiokuDB and catalyst app, yay",1,neutral
6195,following  keep me updated for the latest dance scene event,1,neutral
20575,"**** fight night 4 demo won`t load, keeps crashing at the first screen. time to delete and re download i think",1,neutral
9672,"I loved this app when I tried the free version, the side tabs and all. It felt like a planner. Then I open it up and it must've updated because the looks changed, no side tabs. So I paid for the pro version to get more out of it. Nothing has changes, I go to landscape view and it won't scroll. It's glitch to. I have paid the $4.99 and it keeps telling me to upgrade. I've already paid!!! I emailed you guys and still haven't heard any support a week later. So my advice to you all, keep your $5.",0,negative
9289,Early monday cramming... yay. Only a few weeks left,1,neutral
3084,"This is such a fun way for chores to be rewarded. My household is full of gamers, and this is a great way to create and maintain habits, as well as track chores on a daily, weekly, or monthly basis. They are great about getting back to users. They have real conversations, and listen to user feedback.",2,positive
23713,i was invited to one on the beach but it was too short notice i mean why the hell tell you 2hrs before?? really?,1,neutral
9998,Can you add time in notes also like events,2,positive
13095,had a very interesting day yesterday... wondering if today will be just as crazy. Hope not. Still diggin` Spartacus!.. aka: Mike-E!!!,2,positive
1280," I just started watching 30 Rock too, borrowed seasons 1 and 2 from my dad   so good.",2,positive
14981,"I looove guitars, and playing them. I think they sound magnificent. If only i was better... If only",2,positive
9498,"Gus, formally known as world`s ugliest dog has died  We`ll miss you, Gus http://bit.ly/exjcn",0,negative
1054,"Functions fine in general, easy drag to subtasks. Can't adjust the Notifications to not go through ""Do not disturb"" mode (bad if you work off shifts), can't set timing of notifications. In a productivity app, scheduling is important. Reminders require premium, seriously? I'll just install one of the tons of free apps that include it for free rather than pay $3 month. Overall: Average functioning app that requires paid premium for some basic functions.",0,negative
677,Senior`s last day.,1,neutral
6360,"I find this an excellent to-do app with sharing capabilities. I love how there is even an option to have completed tasks ""crossed off"" or disappear altogether from a list. I find myself turning up the volume to hear that sweet bell tune when a task is completed, lol.",2,positive
4101,"_esl  If in doubt, wash separately   Normal concern is something fading onto the white.",1,neutral
2159,"Lately, doesn't sync between web app and Android reminders well. Still a nice app, but that is an inconvenience.",1,neutral
8377,has a broken iphone,0,negative
21501,  ok Cristal we gonna tweet talk again when its not so late...just follow sweetie....tweethug 4 ya,2,positive
422,"App looks great. UI is wonderful and the feature it have , they all are useful. Only problem because of which I uninstalled the app was simple and basic features like recurring task creations are made premium. Switching to tick tick for the same reason.",1,neutral
9698,May the 4th be with you. Happy Star Wars Day!   http://tinyurl.com/cjamjt #starwarsday #geek #dork #fb #awesome,2,positive
1868," very well, nothing flash - but different to chocolate 4 a change. good 2 meet U yesterday  gr8 atmosphere & discussion",2,positive
1060,The new update is awful. I have to do so many extra clicks to perform basic operations like moving tasks to different days. Multi-select doesn't work any more and the widget is totally broken. Rescheduling anything from the widget locks it up completely.,0,negative
243, Let me know how that turns out!!,1,neutral
13469,aww my son gave me a purple g shock for mother`s day,2,positive
17362,"Ever since Orchid quit drinking from a bottle, she`s been eating us out of house and home! Holy **** girl! Still not drinking milk though",1,neutral
25751, I`m praying for you and your family beav! I`m so sorry for your loss,0,negative
5047,4 hours of shopping over... good effort. Best part = chocolate shop.... YUJM!!!... yum even,2,positive
14682,going to check and make sure no more fishies are dead. poor fishies,0,negative
16430,Jonas brothers concert  was greaattt,2,positive
7598," NOOOO I`ll miss you too much!  I went stag to my prom and all the high school and middle school dances, if that helps. >_>",0,negative
8633,I love this app!!! FYI although it is a free to use app I dont remember seeing a single ad!!!! Definietely reccomend,2,positive
9477, umm..nope not anymoree,1,neutral
618,"LIKES ~Free; The possibility of arranging the tasks list in my own order with a simple clic ans scroll, and having it in that order as home screen widget; The possibility of having the events list widget just next to the tasks list widget. The events list also show the tasks and this seemingly appears like the rare feature of an events list and tasks list integrated on one screen. DISLIKES But it would be better if the tasks kept my prioritisation order even when they appear in the events list.",2,positive
1408,Easy to use. I will however like to have a time boxing feature for my daily activities.,2,positive
4258, apparently!  Haven`t tried the site tho. Maybe will get better results.,2,positive
13533, *hugs* im glad you got to spend time with your mom.  if your free tonight drop by for some spaghetti,2,positive
25532,****... Why does it take so long to install SBS2008?!,0,negative
18578,bored well its not like any one can see this i havent got any friends,0,negative
26093,On my way to school!,1,neutral
8943,Boognish wishes Clemmie would be nice to me  http://apps.facebook.com/catbook/profile/view/6831309,2,positive
3633,"Its a cool app but im afraid it doesnt all too well on my huawei p9 leica, it doesnt kill the plant when I switch apps, rendering the whole experience pointless, I followed all the setup instructions and forums but it still didnt work : (",1,neutral
17023, definitely dont be offended. im messing around with various twitter apps and strange things keep happening.,0,negative
11770,"Now that Hugh Laurie has mentioned he follows  on twitter, thousands of idiots think this () is him. IDIOTS!",0,negative
875,"Uber Bored ATM, after Out of the Blue, will have shower, then watch house or numb3rs (vid) then CSI + CSI NY + Bones Double . .. . YAY!",2,positive
24620,Was about to head downtown...now there`s a flash flood!  - Photo: http://bkite.com/07XFs,1,neutral
10177,San Francisco today.  Any suggestions?,1,neutral
20005, you look smashing darling  is trent reznor really getting married i just want to rip out mariqueen`s fake **** -_-,1,neutral
25926,I miss him  ARGH,0,negative
5374,"It's very useful so far, however I'm not sure if you can change your daily routine. I made one for Monday and it auto filled for every single day of the week, whereas I need them different and when I go to try and add a new task to my day that I want, it changes it for all of them. Disappointing and useless if theres no way to bypass that...might as well go back to pen and paper.",1,neutral
12527," you, my friend, are a true fan",2,positive
1983,Cut my thumb with the saw in small metals   again...,0,negative
9952,I would like to be able to import my contacts to it. I would give 5 stars for that,2,positive
2870,"An ok, but expensive app",1,neutral
22213, ok I just love it when big buff tattoed (preferably Christian)  men strut...fluffy dogs are optional,2,positive
161, Aren`t you suppossed to support the local economy ... LOL ... good for you and congrats,2,positive
7050,bought awesome shooeessss,2,positive
25110, my gut feel says its gonna be a boy ababa,1,neutral
1515,I run multiple businesses and so far this has helped me organize my days tremendously. A lot of initial decisions had to be made about where I want things and that took a while but now I'm really glad I took the time to do it because it's all coming together and actually relieving some stress. Hopefully I can come back and add the 5th star after I've had more time using it!,2,positive
9422,Very good!,2,positive
1281,Have to go to the dreaded DMV tomorrow,0,negative
15767," not  you, me, just drank too much.",0,negative
18973,I am parked in FS yet no ticket.,1,neutral
5216,"SO USEFUL!! I struggle with ADHD on a daily basis, I can never remember to do simple tasks and things like notebooks, whiteboards, stickynotes, alarms, they just Don't Work. But this app helps change the game dude!! It's a clever way to incentivize completing tasks, and it's helping me build better habits with the reminders and penalties for not completing it if you miss it. SUPER USEFUL!! I feel more productive and motivated to get my tasks done, I'm grateful this app exists",2,positive
2824," Thank you.  Usually the learning happens after I get a little rest and review my notes.  Which reminds me, I`d better get some rest",2,positive
1790,anyone got an FFE account? if so.. add me,1,neutral
7136,  just listened to the songs on your myspace.  really good,2,positive
22909,I think today I shall listen to some Gary Numan before starting some remixes,1,neutral
13208, not for long goin for some sprints now,1,neutral
19028,just chilling out in my room on the computer,2,positive
13810," wow, I see a Mr.B obsession in you!!",2,positive
7722,"It is a great app, love the design and the possibilities. But it really needs tk have a setting to change the hour configuration from a clock to keyboard so we can edit the event and routines in a split screen.",2,positive
20273,_v  haha i was in your boat yesterday.. you`ll pick it up in no time,2,positive
12573, have a lok at EF too! they are jummy,2,positive
4360,"bought premium version, didn't get upgrade, sent proof of payment, still no response. not good",0,negative
16681," I will  I enjoyed doing the peg bags, I`ve adapted the design for a tote bag  Bit cuter than I normally do",2,positive
18175,I want it to be Wednesday already so I can hurry up and go to New Zealand so I`m busy and not sitting here bored and stressing,0,negative
6448,"Apresenta problemas de autenticacao direto e, o pior: qd desinstalei o programa e o reinstalei,na tentativa de conseguir autenticar e logar na conta,perdi todas as minhas informacoes anteriores,ja q a unica alternativa de importacao que eu tive era a do wunderlist,nao a da conta da microsoft salva na internet.",2,positive
1818,  i love you mooorrreeee,2,positive
2595,Too many errors,0,negative
3549,"The fact that the app does not let you use other studying apps that you have on your phone or google to find information is a bit annoying. Currently the only way to get around this is to collect all the information you need before turning on the app, but, that opens you up to distractions and wasting time.I feel like this app is specifically designed for reading purposes only, since I can sometimes finish homework before the timer runs out but the only way to stop the app is to kill the tree.",1,neutral
12010, Thanks for the link Geoff,2,positive
2707,"Hey,  I`ll be in sa then  maybe if we cross highways we can grab lunch?",1,neutral
19535,_ Awww. So that`s him. Nice attempt at hiding from the camera,2,positive
4207,Very poor customer support despite being a paid subscriber. Strongly recommend against this app. Not able to sync across devices and there was no response despite sending mails.,0,negative
5871,An option for Daily jobs to carry over is necessary. Having to re-add tasks is stupid.,0,negative
2917,is feeling really sick,0,negative
23722,Ahhhhh! My 'Let The Right One In' DVD broke,0,negative
9383,eating breakfast  getting ready to go to school ;(,0,negative
19398,"Haha! just overheard on the us. 3 yrold to mom 'mom, I think I should learn to read today'",1,neutral
7599,is loving the half day! If only it wasn`t raining.  Soccer Practice tonightt.,2,positive
4252, nvm i just got ur message that ur sick,1,neutral
12539,man i **** up that test  playing cod now . 31 days till the summer !,0,negative
11124, what`s follow Friday?? Lol.,1,neutral
172,Missing grocery list widget and quantity for grocery list items!!!,0,negative
25042, Why aren`t you at blue martini with me??,1,neutral
1009, That`s me on a good day,2,positive
7534,"Not going to Suffolk tomorrow.   However, now MB & I are planning a picnic on the Mall with friends Neil & Jodi.",1,neutral
2223,"My go-to todo list app. I'd love for the habits feature to be improved, though.",2,positive
15481,says Morning.  http://plurk.com/p/x34ap,1,neutral
5844, 'coomee to ja-maiii-cah an feel alllll right!!' hahaha,2,positive
4045,"I like the app because it's just as it is described. It is very easy to adjust times for focus, tree species to plant, and the motivational messages that are showed keep me going forward. I don't the fact that the trees and music are both too expensive. other than that, not really any challenge",2,positive
7275,I have not installed it...not sure if it was somehow installed by hacking,0,negative
5472,woke up.,1,neutral
6445," I`ve never seen any of the X Men films but they are supposed to be good so I thought, why not?",2,positive
7102, oh oh oh are you offering to send ducks!  I love love love confit duck,2,positive
7307,bad,0,negative
3579, Soetimes I envy those who have spent their whole lives in one place and have deep roots... the grass on the other side syndrome!,1,neutral
13000,"Law of Attraction - Some assembly (action) required  If u have asked 2 enter medical school, u still need 2 fill out the application",1,neutral
8098,I wanted a to do list.. this is not such.. continually asking to name things unnecessarily complicated ~ KISS,0,negative
8146,The Good: I drank Jager and licked a hot asian girl`s foot. The Bad: I was reminded once again that I will never get asian girls ever.,1,neutral
19315,"I assume nobody uses PortableApps anymore except for myself. In that case, forget what I said earlier",1,neutral
2104,Well can ya please send some luvin to    im sensing deep fiery anger surrounding his presence right now...,2,positive
7574,Hmph I had to order some bootleg Pharos GPS phone they dont have the BB I wanted at Office Depot,1,neutral
8440, good!  now let`s go get this done..... www.HennesseyBlack.com,2,positive
20267, bahaha.. Weekends are just too short.. Esp when it`s nice out! I wanna stop time like evie on outta this world! Morning!,2,positive
10061," I saw this link, but I get an error on the CNN site when I open this page and cannot read the article.",0,negative
7118,"  I love you, though!",2,positive
5673, damnnn. training starts  at 11. but that would have been cool. next timeee,1,neutral
1675, Haha...YAY!!! I`M CURED!!!!,2,positive
11666,"   Let us know what happens, poor little guy.",0,negative
12959,yep... i think i might have just made the decision to go head first...  we may be witnessing a historical moment... real talk,1,neutral
12374,"if you have 75 cents, U can buy a share of GM stock.  Probably 50 cents tomorrow.",1,neutral
8026,love it. Cant wait for it to do even more.,2,positive
8899,"I used to love this but now I need to pay an insane amount or have both the Pro and free versions both on my phone. ""If you already have purchased the old Business Calendar Pro, you just have to keep it installed on your device to activate all the pro features of Business Calendar 2. Unfortunately we have no possibility to automatically check, if you are a pro user of BC 1. We can only check, if the old BC Pro app currently is installed on your device. """,0,negative
3989,I just wanna be better already,2,positive
10152," Kewl, I only got my iPhone and gotta hope it lasts all weekend  Only got a shuffle, might bring that anyways... See ya 8am!",2,positive
5867,"Just not the same open feel as Wunderlist, don't like it",0,negative
1549,i`m sad...i`ll miss you grandma angie.. you were always like a 3rd grandma to me..,0,negative
17840, That sucks to hear. I hate days like that,0,negative
5261,"This honestly makes tracking my daily life and staying responsible so much more fun. Having rewards is a great way to remind people that it's important to reward yourself for your hard work! I'm a really competitive person so this is really handy for actually getting myself to do things. Even if the reward is small, it's still gratifying to level up for not skipping uni or using the treadmill! Super rad and would definitely recommend to anyone looking for a more fun life tracking app :B",2,positive
1306, good luck in the pressure test! don`t worry everything will be great,2,positive
15122, it was me the whole time I did a ton of things so u would believe me but u wouldn`t listen or let me prove it. Or blve me,0,negative
25621,My siblings left me alone.   Bored. (:|,0,negative
5494,"I love the app, and the widget is very useful. It's also nice to have my tasks and habits in the one place. Only feature I've found to be missing so far is to start the week on a Monday instead of a Sunday",2,positive
4303,The motivational messages are annoying. You can only track up to 5 habits in the free version but it is totally not worth paying for more. Good riddance. I suppo this kind of app is just not for me.,0,negative
1370, it`s like the library equivalent of 'it`s 5 o`clock somewhere.' someone else in on the ref desk somewhere,1,neutral
13314,I love being ignored except to be yelled at. I love my life.,1,neutral
10261," Ashotn looks great, and you look fantastic as always! You two still have the newlywed glow, and that`s forever.  TRUE LOVE",2,positive
603,I love when ryans a housewife. Makes me smile.,2,positive
17832," check out her new song 'sentimental, wat-a-joke-ental' she`s a fren  www.last.fm/music/marple+meg",1,neutral
8959,Why is it so fiddly to get items to abutt next to each other? i end up entering the time manually!,0,negative
2393,_J think so.. although think i am being ignored! not a good day,0,negative
27456,i wanna leave work already! Not feelin it 2day,0,negative
10458,just got back from greenlake.  it was such a nice day today!,2,positive
2224,Amazing night at the drive in,2,positive
3901,At least it`s Friday...working `til 1:30AM,1,neutral
10553,"Safeway with Marvin, Janelle, and Auntie Lhu",1,neutral
25585,Just got home from work and tired,0,negative
26488,third driving lesson then back to the office,1,neutral
1991,"mmm, pizza for dinner. yum. but i burnt my mouth though ..",2,positive
7473,Chilling out....now the boys have gone  Time To Relax,2,positive
7785, Think of the prize at the end. So sorry to hear that though.,0,negative
9302,Okay.. so someone has my keys or they are -really- good at this 'hide from James' game.,1,neutral
6220,"It's a bit redundant when dealing with recurrent tasks, doesn't allow scheduling those recurrent tasks to specific times of the day or set an expiry date for the recurrence, but otherwise quite functional and useful.",2,positive
2026,Down in Wellington for the Monet Exhibition. Casually just bumped into Wayne Brady in our hotel lobby!!  Mega exciting!!!,2,positive
8277,"Seems laggy moving between lists and tabs after the latest update. No way to delete a parent list without manually deleting all sublists first? Edit: I see the delete option for subtasks, but how do you delete sublists and parent lists? (I understand it's a hobby project, and I appreciate that. Just making sure I'm not missing something.)",1,neutral
16884, YEAYYY! good for you,2,positive
17505,yeah  just made twitter,1,neutral
4131,Very nice app,2,positive
6787,Please can you integrate with Outlook calendar,1,neutral
9089,Follow Friday rickbaker24 i only have 6 friends,1,neutral
9769,Can't make calls from the app by clicking on the phone number like Google calendar,1,neutral
7480,The layout for the app is awesome. But it would be better if non-routine task can be added into the timeline with the same activity for routine task.,1,neutral
19067,Dam only 5 votes  not gonna win anything now,0,negative
23971,"Heeey, we won ice hockey....we are winners!!",2,positive
4742,Easy to use.,2,positive
18884,man.. it`s starting to rain real hard..,0,negative
4051,  Haha ! Go Martin ! His fixed our Ski like a million times ...,2,positive
26674,I`ve burnt my collerbone and arms and face! aww!,2,positive
8585,"This is a great app. It's peaceful to look at, easy to use. I really wanted a flylady app (housecleaning reminders), and was able to add those routines tonight. I will uncheck the daily chores every night, work away at the weekly zones, and get my house back in shape! Meanwhile, I keep track of grocery lists, who needs new shoes, big city reminders for our next trip. Thanks for making such a simple, versatile, customizable tool!",2,positive
21154,"In math class now, about to shoot myself because its so boring.",0,negative
5716, TINK! (whatever the **** it means!!) from your JKUK girls! Show us some love! ;)  ****,2,positive
3033,"The only issue I keep finding is that I get constant errors ""disconnected from servers"" even if I have full Wifi or full 4g connection. It gets clunky with the network connectivity. HOWEVER, it has changed my productivity radically in these dark days of my life.",2,positive
10159,Ugh.  Las #vegas airport is at a 'ground stop' which means I`m stuck in the plane on the tarmac (again) at LAX.,0,negative
6631,"Hello Team, I am not able to set different colours for different sectors. Could you please help me show how its done?? I purchased your app in light that It will give me option for above.",0,negative
9068,"i beat aye to the music hall.  babyy, im like the cinnamon that beat the apple to the apple jacks.",1,neutral
2855,nursing my scratches and bumps from Festivus mud wrestling. I swear there`s still dirt in my hair but a good time was had by all,0,negative
1997,"just paid $221/mo for a dedicated server . Would rather get a slice , but I using MS SQL",1,neutral
526,today got her POP! t-shirt & lovess ittt  haha x,2,positive
3035, its a nice pair of shoes. i checked other nike shoes if its worth buying... it is,2,positive
7080,Its a nice app a plesent representation of what you put in your task list to-do list or meeting list . Learning the app and for myself getting everything to sync up properly took a little bit of patience but I got it and all's good.,2,positive
10581, you should come over before friday and teach me how,1,neutral
18868," morning sweetie, you cool?  ****",2,positive
1093,"nothing better than to have your Grandaughter smile and nothing feels better than that big hug!! Grandkids, what a hoot!",2,positive
2493,"So proud of cg, took 5 yrs in the making to get that number 1 spot  gnight twitter bugs...time to read myself to sleep.",1,neutral
16886,Sometimes black girls just piss me off like a ****!,0,negative
14462,Thanks for the follow my new Twitpeeps!,0,negative
10126,"Browsing through the web. And expecting to see the PMS forum back up, but no luck",0,negative
2278, I KNOW! I love Nicholas Braun & I think he`ll make an okay Cameron but I don`t wanna see it either,2,positive
2201, thanx 4 thee follow,2,positive
7816,"Exactly what i was looking for, a way to set up and visualize my weekly routine",2,positive
2410,Incredibly useful app. Very good for making lists. Not that great for habit forming but that's fine.,2,positive
10160,_STYLE  I like it,2,positive
345,The poor Pirate had out his last wisdom tooth and is looking really peaky.,0,negative
6876,Interesting. I type `bike` i get 10 bike company followers. `Download` gets me 5 IT companies. Amused.  Can you say `keyword`?!,2,positive
3853,"It really helps me being productive, but maybe you could make it more worth it to continue after the time has ran out? Like get more money or a medal or something because personally i feel like doing more than you planned should be rewarded.",2,positive
1962,"If time tracking was added and the parser/interface of the ""what would you like to do?"" field was fixed (this alone is making me want to switch back to Amazing Marvin), I would rate 5 stars.",1,neutral
5056,"I love the idea of it, but currently it's far too complicated for me to use. I'd love it very much if all the setting rewards and gained skills was a little easier to do.",1,neutral
433,Its ok. Looks great. Sends reminders. A couple of features available in free version. ★Cannot add hyperlinks ★constant push to upgrade [additional comment in regards to developer respons ] : How can i add hyperlink in notes? seems like it can only be stored as text,1,neutral
6169,I love this app. It's easy to customise. Can you add a feature for a timer? That way people can measure how long they did a certain task for.,2,positive
24777,My cucumber has gone limp,0,negative
6148,is needing to make a new video,1,neutral
15741, you`ve got the H1N1 tsk tsk tsk it`s a shame  haha feel better bro,2,positive
9363,Buongiorno !!! woke up and of for my Italian lunch,1,neutral
6268," Totally unsurprised that Dave isn`t coming back to 10. But Annalisa is wrong for it, opposite of big warm mellow Dave.",0,negative
355," ohoh i missed all ur tweets  im gonna have to stay awake all night to see the announcement now, **** time difference",0,negative
20537, YES!!! haahaaa.! break out the jellybeaniesss!,2,positive
16694,I always want to be perfect. Thatï¿½s so hard cause I even know that itï¿½s impossible. ...,0,negative
498,"I really wanted to like this app, but location based services doesn't work. Im giving this 3 stars still because technical support was very responsive and is giving me a full refund.",1,neutral
11547,Someone bring me milk for my cookies!,1,neutral
21933,I wish my roommates were coming home soon  maybe i should take a nap to waste time,2,positive
22904,Long to-do list. Little desire to do it all.,0,negative
9913,"I'm using 2 calenders and 1 To Do planner not including this. All has their pros and functions I want, yet they're different in style. This is one of the best. I just love using the week view seeing at one shot, time of events laid out in planner, including notes on that day with pics uploaded if needed. It sync with my AnyDo planner which has a calender. But I just love how I can use this a bit differently for scheduling. Best if only it has a daily mood tracker added in the notes function.",2,positive
3224, What phone do you have -- an old rotary?,1,neutral
1865,_n Where can I get some?,1,neutral
5556, I don`t mind him not paying rent. I`m just over the moon at the idea of him moving out at least 12 years early,2,positive
9252,I am horrible at appraising peer work. What are these Americans thinking when they compose poems? Or maybe I am the one with the problem.,0,negative
20009,"Josette....where are you??   I looked across the pond, but you are nowhere to be found.",1,neutral
4301,Sync no longer works. Also app has been buggy lately - closes down and does not respond. I'm now using Loop Habit Tracker which is more stable.,0,negative
2112,Please make Weekly view free for every device,1,neutral
19532, oh that sucks  Tell your DH to act like a grown up maybe? I`d be stressed too,0,negative
1836, I will - but you will never know it`s me,1,neutral
1198,"baby i need you , right here , right now",1,neutral
14361," oh wait your in Greece, I`m in the U.S of course you think differently",1,neutral
2154,"Very very good. Better than Todoist IMO. Docking two stars because is getting buggier. Couple weeks ago wouldn't sync, and now notifications are vibrating when phone is in vibrate mode. Considering a switch to Microsoft to do.",1,neutral
2433,random night of fun  now im chillin at home.. happy mothers day!,2,positive
18430,just relax,2,positive
2203,"i think my cold is getting worse, not better!!  i cant stop coughing - it really sucks!!",0,negative
11387,Roxie is not feeling very well  http://apps.facebook.com/dogbook/profile/view/6878284,0,negative
11546,"I hate exam time. I want my life back  Also I want the ability to revise back - if I ever had that ability, that is.",0,negative
2416,"_tweets I wish I could be there to give you the biggest hug right now. I`m so sorry, I can`t imagine how painful it must be",1,neutral
16948,"about to head to Starbucks. was gonna take the bus to Paradise and Starbucks, but missed it by 2 minutes.",0,negative
24268, You are welcome.,2,positive
20048,"Hummmmm..... ohh  i miss you so much!!! realy, but i hope you have a nice friends, like us :]",1,neutral
20318,Field day is sad. No ribbons for me.,0,negative
4678," hey hunny bunny, what`s a weekend? is that like a day off or something?",1,neutral
2514,"App is completely broken. Can't even make an avatar -- none of the options show up. Also, get an error message when trying to show a display name",0,negative
9002,"pretty cool.. its features are much better than the previous version. However, the widget shows up too many Google Play apps pop-up advertisements, which is sometimes really irritating and takes my time for schedule planning.. (I saw a review from the app developer.. maybe, that problem could have been coming from other sources like my phone or google play app itselft, or the like.. Sorry for the comment that I have left even when I was not sure.. I thought that way because a lot of popups have ben shown when I was using this app.. Sometimes Gallery or Photo app on my phone (my phone is cheap but compact) even sometimes show up ad.. maybe that could be the real cause of the problem..)",1,neutral
63,What better way to spoil mum than to let her kick back and relax over a nice meal and a bottle of her favorite wine? Our wine was a red,2,positive
20965, ok2  g`nyt? Haha too early.,2,positive
16609, Italy or greece for me  Love Italian men hehe ;),2,positive
8826,I used this calander app for years and found it to be excellent. But recently it started playing full page video ads making accessing information on the fly unreliable. I'm sure the paid version is still great but I cant recommend using this as a free calander app anymore.,0,negative
15895,@_missrachel how much?,1,neutral
26472," ..uuuups today is mother day???....sh***....iï¿½ve forgot it, my work doesnï¿½t have a end *sigh*....thank you for remind it",1,neutral
2924,I`m a lil sad looks like nomore brooklyn 4 a while WTF ,0,negative
14177,So many wires to sort out,1,neutral
14061," lol what bothers me is that i`m messing with my metabolism   drinking lots of water pretending its different food, Mmmm grapes!",0,negative
22306,stopped for coffee at Maryland rest area; so did at least five entire middle schools; just my luck,1,neutral
5390,I would give 5 stars if it had the feature to rearrange the items with your specific order instead or being predetermined,1,neutral
27459,"  good as, cya in melbourne",2,positive
1585,I must have viewed that picture of me and  from saturday morning about a milling times  x,1,neutral
3612,I enrolled myself in beta version and gained almost 1000 coins. But after sometime the app stopped working properly! The start button won't work or the estimated time was almost 3 times. The I left the beta version and reinstalled the application. It's working fine now but I lost all the coin count and now I am back to square one! I was so upset! I love this application though! But please fix these bugs guys!,1,neutral
9633,Ads. Just too many.,0,negative
22234,   someone is ignoring me  & being mean..,0,negative
3535,"It is a very good app for staying focused while studying, but the problem I'm facing now is that the music keeps stopping at random intervals and I have to unlock the phone to keep the music playing. Please look into this otherwise it's a great app.",1,neutral
2361,subway  im going to get subway....  love it! ate it often when i was in new zealand....,2,positive
269,Notification is now pathetic.. shame. I liked it a lot. I think its time to jump ship. It's been fun.,0,negative
10253,VIRAL MARKETING FAIL. This Acia Pills brand oughta get shut down for hacking into people's messenger's.  i get 5-6 msgs in a day! Arrrgh!,0,negative
3234,"I purchased the pro version in my motorola g5 plus , than uninstalled it, now I can't even get that purchase back! I understand it happening between two different devices, but I'm still using same device. Please help with it",0,negative
25217,I wanna go shopping!! I don`t get paid till next week!!,1,neutral
385,"Overall, the app is pretty good. I have a few complaints, but they don't imapct the basic usefulness of the app. 1. The app doesn't make a noise when a reminder comes up. 2. It has been sporadic and may not keep a reminder posted even when it hasn't been marked complete. 3. The format for setting a reminder day is clunky. Recurring reminders are especially difficult and may not even be available (for example, there is no way to set a recurring reminder to every 6 months).",1,neutral
9409,Best app. Using it for 2 years now and its perfect for me,2,positive
15336,And other girls come over... And my boyfriend forgets that I`m here,0,negative
1349,Just woke up. Making breakfast,1,neutral
2743,"This is a good app to motivate, but wished there would be analytics to show progress like graphs, etc.",1,neutral
5096,It is a good application. It is very useful. It is just okay.,1,neutral
16010, in june. the 6th. a sat!,1,neutral
1328,Happy Mothers day to all mums,2,positive
9878,Just OK,1,neutral
10861,"I`m a giver, and life rewards the takers.  We givers make takers possible, but we get no appreciation for what we do--we just get taken.",0,negative
3547, waaa you too,1,neutral
24664, Congrats on the tax refund.  Those are always nice.,2,positive
9754,"No matter what I do, even setting 'no notifications' when creating event or task; they  continually pop up. Not happy with this feature.",1,neutral
15444,Is wondering if my ankle will ever stop hurting,0,negative
13574,LOVED Britain`s got talent last night!  Shaun and Greg were both amazing!  Were they HOT too..can`t say I noticed?!!,2,positive
10431,curses the Twitter API limit,0,negative
24291, are you are a RIOT!!,0,negative
17845,Everyone is here. We`re off to party now,1,neutral
7936,2 hours after teleconference. but can`t go back to sleep. got some work to do. sigh sigh,0,negative
16274, it`s my evening.,1,neutral
2325,"The dream Task/Reminder app I have been looking for, and looking for a long time. UI, facilities, features are just amazing. Hopefully they don't ruin it by adding and updating it with pointless, unasked for features like so many other apps! I'll enjoy it while it's good! Also, please don't over saturate it with features like Essential PIM, was good at one point but now it's full of bugs and absolutely dire.",2,positive
1730,Oooh the hangover,0,negative
5923,"I miss the Today, Week & All shortcuts that Wunderlist had at the top. The Planned replacement is not as easy to view or follow my week ahead at a glance. The automated transfer seems to have worked well so far. UPDATE: Sharing lists previously shared with my wife now creates a double so that needs to be fixed ASAP. Wunderlist would randomly delete scheduled reminders in bulk, hopefully To Do has put a stop to that.",1,neutral
8962,Not much use,0,negative
1780,Another update but the stats section is still totally useless and buggy. Week starts with Sunday even i changed to monday. On a sunday the stats resets and stays empty for the whole day. To update the progress % i have to exit and enter the app several times.,0,negative
641,10.11PM~ todays a drag for me. so bored. im about to get into the romance book so i prob wont be on til the morn  night twitter babes ;),0,negative
9072, - all is fine  thanks! you guys dont have any quakes there?,2,positive
9851, I cancelled a run in favour of... staying in. Wish I monies for pubulation tho,2,positive
17164,Least u can get some more! Im broke,0,negative
4376," LOL...oh, man, can I un-twit something? haha! I mean my lean mean fighting machine. I sooo can`t believe you called me out!",1,neutral
23858, i want one so bad  get one for me ?? (:,2,positive
10132,"Ok, first assesment of the #kindle2 ...it fucking rocks!!!",2,positive
2948,"Great app! I would like more progression content. Resetting levels is easy implementation, but gets stale quickly. Mages do too much damage. But this app had been transformative and amazing. I will consider contributing to development.",2,positive
2748,Yeah yesterday I turned 16. My parents rented me out a hummer limo. It was pretty cool,2,positive
7275,My chick wont shut up  Will only stop chirping if i sit with the bloody thing.,0,negative
25055,"Oh yeah, MY LAPTOP IS FIXED. Shame my internet is still **** and slow.",1,neutral
9333,"I've used this app since it first came out. I've not seen Any errors or bugs. It is very, very easy to use, syncs with google calendar flawlessly (and has more info and can be used offline)! I've used it to synch with friends google calender.",2,positive
22456,Seen the doctor today. Everything was fine! Might go for ultrasound scan just as a precaution,2,positive
12586, Im in so deep its disgusting. I would even take a LITTLE help. BUt alas i sense it will never happen . . .,0,negative
20146,Panera is not being nice to my iPhone,0,negative
7410,"Time Changing on widget is not responsive enough, need bout 1 mins....",0,negative
12135,is now writing 100-word newsbites  http://plurk.com/p/wyb4h,1,neutral
17663, You will know me and Kristi in Raleigh... right??,1,neutral
6872, it was ok. Cute @ times.,2,positive
9992,endless streams of tea~~~~... it`s a holiday day here... how do I know? it`s raining,1,neutral
2619,stayed home from school today   doctors sooooon.,1,neutral
2766,   I love you,2,positive
3821,"The app concept is so great.It drives people to work on.but there is an issue when i try to remove withered trees.I click on watch ad to remove,then it opens an ad but suddenly disappears the ad and it doesn't remove my wethered trees.",2,positive
7934,omg i am in so much pain  ouchies,0,negative
5751,For today bottom sheet keeps coming and going in a loop,0,negative
17311, besides I haven`t had strep for like 10 years because of that reason. I`m more tired than anything else,0,negative
3874, Hi!! How are you? You`re an amazning actress  Greets from Slovenia,2,positive
4310,"It's misleading to list data export as a reason to buy Premium, when it is not included with Premium. It would be great if you could change this to accurately describe your three tier pricing system. Additionally, the Platinum purchase option is currently showing me the full price even though it is advertising a 33% off. The greyed out full price is exactly the same as the 33% off price. Will give higher star review when these are fixed..",0,negative
7451,Loved the sun today. Did not love a black suit and black top plus 6 trains/tubes to get to my meeting and back  Need to shop for summer,2,positive
2043, I work for Disney...not all it`s cracked up ta be.,0,negative
10273,NOOOOOOO my DVR just died and I was only half way through the EA presser. Hate you Time Warner,0,negative
16734, You should direct your 'wanting to invest in ' questions to  or .  They are the big cheeses.,2,positive
24609,"wow this morning 8.15 hrs ding dong breakfastservice, was a surprise of Marjoleine, Guido and Dirk for mothersday.Mother hapy, father too",2,positive
11204, what is it? i cant get onto bebo on this one!,1,neutral
7107, yo wake your **** up  and go to work  go get that paper  u aint sick dont lie,0,negative
3570,_lou hahah hopefully!  enjoy your day,2,positive
9419,The application is as I wanted it.,2,positive
1603,"Greatest App I have ever used. Well thought out, organized, the only App I can honestly say that I use every single day. Never forget a thing! Helps me sleep better at night.",2,positive
2908,"Had a great weekend with One, hanging with Nick & Brendon, church this morning! Can`t believe Loretta won the Mothers Day raffle again!",2,positive
1900,"great app for your phone but if you need smartwatch functionality, look to Any.Do rather than this app. In dialogues with the devs, theyve stated they have no intentions of integrating even simple WearOS apps (like add task from watch). Uninstalled",0,negative
8873,Recent update causes the widget to crash every time I go to my homescreen (on a pretty common Samsung tablet).,0,negative
7628, wow! I`ve joined the photography scene pretty recently so this (large format) makes it even more interesting,2,positive
24372,Still at work.,1,neutral
13104,is going to be in Texas in 15 days!!! eeekkkk!!!,1,neutral
18988, you own a didgeridoo?!?!,1,neutral
10517,The new redesigned cricinfo : http://tinyurl.com/mxlcuv I hate change,0,negative
305, I am soo excited about your pasadena seminar...if only i can find the confermation email,2,positive
616, Gmorning Hermana! Thank you for your testimonial it is wonderful. Posted already.,2,positive
1268," ooh, work im afarid  looking forward to a sunny weekeknd tho!!!",0,negative
6779,cant get demo to play .its probably a great app..,1,neutral
8486,"Very good tool to use. One suggested feature for future development: it would be helpful if an already set task could be dragged as a sub task for another already set task. When reordering tasks by dragging them, if the task is dragged over an existing task, it should automatically become a sub task there. The reverse should also be available, to drag out a sub task by taking it in between two tasks.",2,positive
616," either way, you always tend to make my #followfriday list, sweetie - you do rock that much",2,positive
5100,"I am liking it, the subscription model is a bit steep and harsh, especially for the full buy out at 50+ dollars. A suggestion, I'd like to see two categories under the ""Skills"", one that says ""Increasing"" and one that says ""Decreasing"". I am trying to set up a ""Daily Grind"" negative skill that decreases ""Will Power"" and ""Motivation"", while increasing ""Submission"" and ""Routine"". I've noticed the Dev team is really good at responding, so I am hopeful for a response. Thanks!",2,positive
301,"Sunny synday morning. Nicole is up later than usual, mommy got some sleep",1,neutral
6504,It`s Raining!,1,neutral
26320,It`s teddy chucking time,0,negative
7877,Simple and neat,2,positive
10798," Alright, sorry. But I think you should go anyways",0,negative
23981,Training #Stud-Life: A fost Tiberiu Lovin la noi. Am aflat ca sunt imbecili peste tot. FUN,2,positive
9049, I give it 2 snaps down  how`s work going?,1,neutral
2611,"Doesn't work in my country I have to use a VPN for it to work, which sucks of course. Syrian Arab Republic",0,negative
5726,Please fix dark mode!,0,negative
10630, I know exactly what you mean. My treats are more `awhile` than `once in`,1,neutral
866, me because I might not have enough money for college!!!,0,negative
26416,http://www.mmemarko.schilderweb.nl/ for my homepage,1,neutral
23001,Been invited to join a group in Second Life called 'Ballistic Autistics'.  Cute name.,2,positive
194,"I love this app, but recently the app keeps crashing everytime I enter. Plus the calendar is completely wrong. 😕",0,negative
10448,"4 very big ???zongzi) for lunch, ate more, but not work more.Work less but eat more, what  can I do w/h it? Too useless become.",0,negative
1184,"I'd be fine with paying $10 or $20 for this app. I'm not fine with paying $3 a month forever to continue using it. Without being able to use reminders on the free version, it's no more useful than a $5 pocket calendar, and I'm not willing to pay what they're asking.",1,neutral
4072,My dad`s not feeling well. I want to make him soup. Suggestions guys? + get well soon ayah,0,negative
953," haha no problem, it`s fun isn`****",2,positive
9430,slept for 11 hours after an exhausting but a fun fun out of town trip. high for the day so far? woke up to good ol` fried chicken,1,neutral
10460,Sometimes people never learn to shut up and stop talking ****,0,negative
4270,"Very bad premium services, developers are not taking care of this app anymore",0,negative
1514,"Off to the shelters around me to look for her.  I hope she is okay, so afraid that she is going to get hit by a car. Can`t stop crying",1,neutral
8466,"sociology is done, english and biology left... i`m going to DIE",0,negative
2123,"""Custom Swipe Options"" hidden in premium 😂",1,neutral
13396,think i may have broke a toe at the bar tonight......thanks drunk girl for steppin all over me!!!!!,0,negative
4793,"Best app ever! It keeps track of your habits and, if you turn on reminders, it also keeps you accountable of the goals you set. Simply genius!",2,positive
1192,  I`m SO jealous! I don`t know when I`ll be able to see Conan.,0,negative
20458," yeah man, they brought it back on the market a couple years ago...it scarce through",0,negative
24072,"Im regretting the alcohol I consumed last night, MY HEAD",0,negative
19822,but i did have a really nice smoothy at baulko shops,2,positive
4688,"just woke up, and my tummy hurts  there`s always something wrong with me :S",0,negative
9517,is wishing that i could be famous for acting and dancing,2,positive
17593," yeah the freedom is awesome, it`s great being a little more independent",2,positive
22827,gooooood morning,2,positive
23828,I got a Coach purse,1,neutral
21439,Yep. That good feeling didn`t last.  back to sleeping for me.,2,positive
2956,Great concept! Has me waking up on schedule and doing my tasks so I dont loose life and earn exp! Just one thing. I cant do quests. I got the dust bunnies quest but I have no clue what to do with it. Help?,2,positive
5245," yeah, I had a suspicion about that!! I think I`m going to come home and want to spend a ton of money on tools!",0,negative
2973,diiinner  its sooo cold right here D:,1,neutral
8194,I uninstalled the app because it sends my phone info to the developer,0,negative
12995,look how   choke on this **** talks to me,1,neutral
3500,"Pretty good app. The thing I don't like about it is that you can't leave the app or it will reset your progress. I use my phone for homework a lot, so this made it inconvenient to use. So far I've had better success using pomodoro timers instead. Maybe make it where you can whitelist certain apps so that you can use them?",0,negative
4847,hmmm i neeeddd foooddd  nd is looking forward 2 playing with the puppy 2 day nd seeing lewishhh,1,neutral
13642, any chance you might come back to moncton? i had to miss the show tonight,0,negative
22586,Geoff posted a boo: Coming Home From Tenerife Boo  http://boo.fm/b25651,1,neutral
3763,"I really like this app! However, it doesn't force keep the trees growing in the foreground anymore, unless you give the app access to almost everything on your phone (you basically have to give it root access, and even then it's not guaranteed to work). The security risk isn't worth it to me :(",1,neutral
1934, Aren`t we though? lol He`s at work now and I miss him  blah Wut cha up to?,0,negative
549,"Time to watch OP, then some Dead Like Me, then sleep.",1,neutral
15363, agree completely. it`s all about attitude & chutzpah,2,positive
5210,"This is an awesome app! I initially thought the idea of ""gamifying"" my life was a little silly, but fun. After trying for two weeks it is far more motivating than I ever thought! 😁 Thank you, this is finally getting me into habits I have been trying to develop. I one thing I have difficulty with is the subtasks; once I complete the subtasks they don't carry over to the next day's parent task. However, the rest of the features of this app are so great you still get 5-stars!",2,positive
14359,is watching the canucks,1,neutral
11543,"_xD Si  pero parece que las personas de facebook no estan de acuerdo  (that was probably all wrong, but I tried...)",0,negative
8544,"_stiller They sure DO. More than 40,000 to boot!",1,neutral
7348, I would like to be able to go just to ONE of those,1,neutral
95,"It doesnt offer anything that I cant do on my google calendar. At least not in the free version. I'm not going to pay for an app that is basically just going to import my google calendar, when I can do the same things with google for free. Also, I saw another review where they have deleted reviews, which is shady. If this gets deleted, I'll look into the legal laws governing false advertising.",0,negative
11286, thank you very much!!!,2,positive
5786,"2night- dance parties, fun times, & awkward situations  highlight- driving w/ nims and annie listening to satellite windows downnnn",1,neutral
10622,"So, no yarn arriving until Monday and I don`t even know what`s in this shipment.  I have nothing to dye.    Now what?",0,negative
3660,The app keeps crashing and I lost all the progress after reinstalling it (I have the paid version),1,neutral
2787,"It's a good sentiment but it didn't really work for me. I wanted to like it but the motivation for getting stuff outweighs the motivation to actually do the things you're supposed to and unless you join a guild or any sort of group, there's no accountability. If you don't want to use it as a social app, then I can't imagine mustering up the focus and drive not to just lie.",1,neutral
4835,I love this app! Very easy to use and it phelps me to keep track of my progress. A+,2,positive
25501,who goes bowling anymore?... me and my friends,1,neutral
9717,why won't my homescreen widget display all day events? this makes it really difficult to use,1,neutral
5677, Not sure yet... they said we`ll see,1,neutral
9164,"() UGH, i love tila. haters need to shut up",1,neutral
26283," nice on the jet ski testing! Hope the book is going well. Cheers for adding me, got twitter after watching the gadget show",2,positive
24692, Just the mother of all bad days,0,negative
1328, that was delicious! lets have a walk sometimes with you and your hubby.. and others! me misses you,1,neutral
15146,night 5 not talking to my victor  i`m so bored at night now. grrrr i hate this ****,0,negative
17442,"shall bring his own glass to work from tonight, no more `half half` hor!!",1,neutral
2764,"Insomnia at its finest. Go to bed at 11:30, fully awake at 2. Grrr. Anyone want to call mee?",0,negative
8578,"Love it. Exactly what I was looking for. Nice looking, very functional, and it can go on my homescreen with check boxes. 10/10",2,positive
18076,Come on Vancouver. Throwing stuff onto the ice? I thought you Canucks were supposed to be all polite and stuff?,0,negative
14154, I`ma say you should smudge yourself before I start calling people given the malicious action we pulled the other night,0,negative
12642,"the maccabees new album is a winner ,everybody should take a listen fact",2,positive
21701,_Bayliss Naww... when should we go on mega scotter?,1,neutral
14091,  Hi Jenna. Hope all is well   Just thinking of you and wishing you the best! Lots of love from over here in New York!!!,2,positive
25588,"i thought ur account  was fake. but, it`s true, sorry david!",1,neutral
498, I can`t belive you only have one episode to go  ****,1,neutral
18798,"I feel so stupid for saying this, but.... I DON`T KNOW HOW TO TWITTER SOME ONE PLEASE HELP ME. Ppl please do not laugh, ok laugh but...",0,negative
24720, Yeah yeah? How the heck are you anyway? Sastch it up again this year? I had to bail out for lack of expenses,1,neutral
7922, You`re welcome...,2,positive
10314,_de_baillon,1,neutral
26932," Hey, it was a GORGEOUS, day (and night) here, too.  Played in the sun then a full moon lit my way home.    Life is good.",2,positive
9222,I wish there was a task manager. Only reason for 1 star drop. Otherwise this app is working great for me.,2,positive
4357,"Free version gives only 5 habits, there are far clearer and better trackers available for free.",0,negative
5112,I really like the app. I'm having an issue though where the widget doesn't populate when a new day starts. I have to delete it and readd it or restart my phone.,2,positive
8186,Cleaned out me Followers List and blocked the **** girls & **** Now I look like a spammer,0,negative
1497,guess I`ll start getting some of my camping and fishing stuff together for Wed & Thurs trip to Braunig Lake......,1,neutral
18593,Gave my mommy her Mother`s Day present. Tickets to Aerosmith (her favorite band everr.) Yay for a good reaction.,2,positive
2545,"Just starting and learning how to use. Unable to set correct due date on tasks. When I select that task has a due date, todays date appears. When I click that date the calendar displays. Allgood so far. But when I select a date on the calendar and close it, the due date is still today.",0,negative
6204,"I tried out several to do apps to replace my sun-setting Wunderlist and liked this one the best. The only feature I'm missing at this point (and it is a big one, thus the 4 instead of 5 stars) is a list of all tasks/to dos. One master list of everything from all other lists is a crucial feature and very much needed! For now I am marking all tasks as important so they are all captured there as a workaround. P.s. I am loving the tags feature, and the audio when you check a task off. So fulfilling!",2,positive
2298,kinda has a headache...,0,negative
21707, Hooray! Your avatar is back! Wil go and put it in the Gardeners zone now,1,neutral
8451,I'd give this a five star if not for the backing up which prevents importing mismatched versions. Kinda redundant if we can't use the backup that we took two weeks prior.,2,positive
1620,i hate it when my bff is groundedd  boooooooooo,0,negative
15242,has some bad newss,0,negative
13041,is gutted she isnt going out tonight,0,negative
24294,Gonna get my ticket to Las Vegas today. Gotta check my milage. Can`t wait till August,1,neutral
5138,i feel less than nothin`.. lower than zero..,0,negative
2157,watching the movie 1984 for my book report  im lazy to read,1,neutral
24932,bad mood now,0,negative
6758,I want to buy this great album but unfortunately i dont hav enuff funds  its 'long time noisy',0,negative
3861,"I love what this app is doing and what they are attempting to achieve but at times when I try and double my coins, it does not get added to the overall total. It's a small thing but I hate watching adds just to not receive the reward. 🤷",2,positive
16429,"33 minutes left before my flannel hobbit shoes get wet  RAIN, PLS GO AWAY!",0,negative
892,"tiiiiiiired! Going to bed! Drinking leads to making out with boys, who you later forget their names.... Don`t drink kids. Goodnight",0,negative
16751, Hello May you have a great day,2,positive
16380,That was a fun show. Grabbing a bite to eat now.,2,positive
24622," And so very you.  You know I say it w/ nothing but love, dude.",2,positive
2969, I hope so ^^ Eclipse is up and running again btw!  http://tinyurl.com/d792yd,1,neutral
19224,_burnett Firmly embedded in her Hampstead constituency then,1,neutral
9540,Why does this basic app need access to my contacts and refuse to work without? Give me a break you filthy parasites.,0,negative
7400,Reminder didnt work on Vivo,0,negative
10771,is thinking today will be a longg day!,1,neutral
26709,thinking 53 more days is the only thing that gets me through work. ahhh i dont want to go,0,negative
12376,I never thought falling in love can cause so much pain...  good thing that I`m so over that phase!,1,neutral
21773, i got a messgae but it didnt work cause i have a text saver not like money credit  im sad now. wat do i do?? xoxo,0,negative
6046,Missing integration with Google calendar.,1,neutral
52,Couldn't find Google Assistant integration anywhere. Even though it's been advertised everywhere when searching the web for the app. Edit: It's even in the description of the app here. That's false advertising. I will edit my review when it's out of Beta and working in the final version.,0,negative
25334,Got a Saturdays framed signed foto last night  and a Valentino rossi 1 aswell  eee what a night,2,positive
19078, Have fun amorsote even tho u forgot my bday,2,positive
27085, yeah... it`s gonna be a long while for me.,1,neutral
11176,"  yeah I saw, looks like hard work, But I would know  whats upp handsome",1,neutral
26710,"Pretty sure my laptop just died 100%. HP DV2000, wireless problems constantly, tons of heat, won`t start at all now. Fried circuit?",0,negative
1303," Inorite, humid as well",1,neutral
4498,_mills  better than a spider or some type if Australian wildlife one would imagine,2,positive
12285," - Aw, well I`m glad to hear you`re okay. Try a hot bath or a cup of tea maybe to calm you down. I worry about you!",1,neutral
7391,"U should work on the phones like oppo and others so that customer don't 
find problem",0,negative
15672, whaaaaaat? oh no! why didn`t I know you were here?,0,negative
21738,"i want a dog or a cat or something  i want something to unconditonally love, thats not materialistic or a family memeber",2,positive
603,Awesome app very helpful and does its purpose very well. Just wish it was free or a one time purchase.,2,positive
24421, heyyy girl.. havent tweeted u all week. hope all is well with you,2,positive
2691," I think that boat sailed my friend... The few CCO`s that had them, had them months ago....  I wish you luck though...",2,positive
528,"Perfect night. Best month of my life so far!! You my boo, ",2,positive
3498,I installed it and used it only once..After tht i cant open it..please help me i really want to use it bcs i've already purchase for premium and i dont want my money to go on waste,0,negative
6045," awwww ray you`re the best.  it means a lot to me that you say that! i can`t wait to hang with you again, hopefully soon!",2,positive
7249,omgeee that hurt like helll. finally got it back in. can`t close it put the ball back in,0,negative
5860,broken my leg  comment me please,0,negative
7097,"Was literally just about to upgrade to pro and install on my new Fossil Gen 5, unfortunately the watch face does not work. It worked before when I had a Ticwatch last year, so is there a reason it's not showing up on the Wear OS app? Edit: Got a response immediately over email and was able to troubleshoot my issue. Y'all also earned a pro member 👌",2,positive
8844,It doesn't allow the ability to automatically set reminders when creating a new event. I use both the Google Calendar app and Business Cal Pro and they both allow the ability to automatically set reminders. And yes I have this setting enabled in my Google Calendar web Settings. This is an important feature that's missing!,0,negative
15427, See you on may 16!!,1,neutral
808,Making my boyfriend look different.  He`s  cute no matter what. <3,2,positive
23935,"wow, EMC`s new site is - different",1,neutral
4774, - I used to have NKOTB sleeping bag too!!  I don`t know where it is now,1,neutral
1794,Just snuck out my window.. Now im laying on my roof looking at the stars. Its a nice night out tonight.,2,positive
15252,Happy Star Wars Day!!! May The 4th Be With You!,2,positive
4287,LUCY IS HATING ON MY GWEG!,0,negative
20877," GAAAAAAASP I didn`t know it will be the final one!!  Sad, I`ve been reading those books for years",0,negative
13365, nope  but the T1i looks super sweet!,2,positive
22594,GAH! I have the headache from hell. Reminds me what my lovely wife goes through all too often,1,neutral
2164,"Constantly crashes if type too fast...pointer disappears, page bounces to another section then back again, sometimes deleting text just entered! Went from a Galaxy Note to a Galaxy J7. Didn't have these issues with the Note...so, to be fair, not sure if its the app or my new device. Help!...Update: Now, app causes device to not work properly. Get this message: ""System UI not responding"". App causes device to freeze. Uninstalled app, device went back to normal.",1,neutral
6999,"Instead of just giving me a clock for practice. Give me an app for accountability, something in which I can see my entire day at one place and I can manage accordingly. Make it simpler guys.",2,positive
26076,Twitter stop being a **** and let me change my background image!  (imagine a shiny NHL ring in the background),0,negative
7867,This is one of the apps which I would recommend everyone to do check this out!!,2,positive
848,#musicmonday Epic song. (Y)  ? 'Lights and Sounds' by Yellowcard ~ http://tinyurl.com/db7ppm,1,neutral
2393,Going to bed...going back to Korea tomorrow,1,neutral
8014,Im not happy,0,negative
24927,My TI89 died. I don`t know why.,0,negative
4577,"Hell, my iTunes music library is even bipolar!",0,negative
21571,I have a belly ache...,0,negative
140,Today is going to be a normal day for I hope. We had a group of pilots from a large airline come in last night so it was too much drink,1,neutral
6270,I don't Like how the due date doesn't change for the next day.,2,positive
1672,It's beautiful I love the premium version thanks 🤗💕,2,positive
19579, I feel like a Truck just hit me too! I also Resemble a man hit by a truck!,0,negative
25877," yeah, that does sound a bit bad man... i got **** exam week this week",0,negative
2588,Constant connection drop outs. Will update review when this is fixed.,0,negative
8909,"it was good until the recent updates. i installed this app because of its widget. however, the recent update destroyed everything that i have customised. there are a lot of setting to make the widget looks good but the update limited the setttings. i event went all out in purchasing the app thinking it could be like it used to be, maybe i can change it back with unlimited setting, but it's not as good as before. im disappointed",0,negative
10184,annoying new trend on the internets:  people picking apart michael lewis and malcolm gladwell.  nobody wants to read that.,0,negative
813, yessir that is 100% right,2,positive
11684,: yay! Lol. Now I know how you felt when I was gone.,1,neutral
15805,IDIOTat)tux11 That`s cool.  Th*nks for the follow.   (techyuppie) #IDIOT,2,positive
2486,It's a wonderful app,2,positive
25399,There was no traffic at all on my way home and all traffic lights were green.Im afraidIowe karma a big check,2,positive
1174,"Loves the 2nd half of even days, orch and jazz band with daddy",2,positive
6086,Cannot show all task of different accounts in widgets?,1,neutral
23077,it is always sunny on days when i can`t possible be outside.  life is out to get me,1,neutral
7479,It's really confusing! Its hadd to make routines and stuff. Just over all really confusing. But over great way to track routines. I love the tag idea. Mabey you should add a default school tag?,1,neutral
2476, I don`t have a VCR...,1,neutral
23872,wtf at facebook spam saying that my DAD is my secret admirer,0,negative
8971,"The app crashes quite often recently but when it works it's really useful to manage events and meetings, easy to use",1,neutral
7742," Yes, that would be pretty creepy. I think its all a bit more innocent than that, I think he just wants to sell some icecream",1,neutral
5559,Always get my hopes up too soon...we were soooo close,2,positive
4749," You`re welcome!  Math is really *not* my favorite thing but it`s also so useful, so...",1,neutral
16826,  Lettuce & spinach does best in cool weather.. I live in florida..not much luck growing those..,1,neutral
12596,  does it mean you will b going 2 bed earlier on Mondays?,1,neutral
19750, how is Aussie...im hopin to be there in Sydney in less than a week just got my VISA on thursday whoot whoot,2,positive
20916,I can`t upload a picture. Everything`s too big,0,negative
6395,This is great!  I just found out that it`s Star Wars Day.       'May the 4th' be with you!  Have you hugged your Ewok today?,2,positive
5192,Tells me tomorrows activities are overdue today,2,positive
19003,is going to our cabin soon,1,neutral
2937,"Come on, man, give me some slack!",1,neutral
26503,http://twitpic.com/4wbn6 - my hubby and his adoarble baby brother,2,positive
21525, If only they weren`t in Shelby Twp,1,neutral
15356,http://twitpic.com/4jaw9 it`s the frog who`s been attacking Chelsey..LOL! Funny,1,neutral
4211,"Bought the premium version; couldn't access my 100 habits. Emailed team; took many emails for them to address problem; asked to redownload app; all data deleted; problem was never solved; more emails to get money back; told that they are a ""small team""; worst experience with any app I've ever bought.",0,negative
17498,  haha i like modern studies..... its my favourite subject  haha i guessing you dont feel the same? ****,2,positive
3655, Umm yeah. That`s probably a pretty good note to self because eeeeeewwwwwwww.,2,positive
22823, That would panic me a little!  Maybe you can read on an orbitron at the gym like I do...when all else fails?!?,0,negative
19649,"Im going in now, it looks like the sun has gone",1,neutral
12313, Am busy yes...But then always am. Hope you had a great time traveling.  Where did you go?  Welcome back!,2,positive
7141,Free app works perfectly. Syncs everything.,2,positive
16242,Working.  I can`t wait till 4:30. Funeral on monday.,0,negative
5282,u ever have a friend that u just wonder why are we friends? i know what you get from me but i`m questioning what i`m getting from u.,1,neutral
1789,Missing Nate more than usual tonight,0,negative
7129,Good app does exactly what it says it will I like that cause it's hard to find nowadays,2,positive
19598,happy birthday great-grandmother  ../././. bad news on a good day >< but ame is living,1,neutral
3918, I heard your moving to Sydney next year im not happy,0,negative
22969, I was thinking the swine markets are in decline. But since we can`t say that anymore...,0,negative
26912,Hmmm. Using TinyTwitter on a small non-touch screen is really not much fun,0,negative
5337,I may have to take a trip in to the loft to get the fans down...its like being in spain!! Except without a pool to cool down in  xxxxxxxx,1,neutral
8815,   Oh Duh....I see that now .....thank you....,2,positive
6965, Thanks for the info,2,positive
3469,Why can`t I sleep ????? Is it too much to ask for :-P,1,neutral
6611,Great idea in principle but it's so hard to work out what's going on that that so far it's useless :-(,0,negative
1344,In Kelantan! Good to be (sort of) home! :pI`m guilt stricken after having that turtle egg.  Really. Won`t do it again. Really.,1,neutral
19546," thank you sooooo much for my snoopy T-shirt! I love it to bits! It`s a perfect fit, just got it this morning!  Peace",2,positive
3318,This app doesnt open at all.,0,negative
14775,@ Nickchien _ i am happy to break my twitter virginity with you two.,2,positive
5395,"Love the app. Best of it's kind IMO. Not perfect but so close! This app has the potential to be used for so much more than just habits and tasks! If I may suggest: - having the "".00"" digits be optional and not by default when setting/entering goals. - having multiple reminder/notification throughout the day on one habit to enter data multiple times a day (ex: 200 push ups a day, with 4 reminders so I can do 4x50 or something instead of having 4 habits) or the ability to group habits.",2,positive
17834, PH and I are having a macaron smackdown...except he is not aware of it...It`s all being played out in my head,1,neutral
2822,"I constantly get a message "" problem with the server "" please fix this, I liked the app a lot but I am unable to use it cause it doesn't connect nor update my tasks",1,neutral
1548,_Hodges Yup. Their loss.,0,negative
6341,@_finn_ Except I dropped him on my break and now he`s got a ding in his side.  At least it wasn`t the screen.,1,neutral
10836,my teeshirt is faaar too small for me but i like it too much to stop wearing it,2,positive
4317,"I had my phone switched off one day at the time my reminder usually pops up. Ever since then I've not got notifications at all, no matter if I try reset them or whatever. Kinda annoying because the calendar app on my phone has also stopped giving notifications lately so I keep forgetting to take my medication.",0,negative
20052," cool, your too good to me you know",2,positive
1692, Are y`all coming out today??? We could go to the graveyard!!  HOORAYY!!!!!,2,positive
21808,offically in DC .....  missing my numero uno,0,negative
6011,lost some $ at work....nt happy right now    --SLOANSTER--,0,negative
3910, Where DO you get all those wonderful toys?,2,positive
187,just watched yes man. bahaha. that movie is messed up,0,negative
24645,Laying in the dark thinking of you.,1,neutral
23838," so sorry to hear that.  I lost two hard drives this year, I know the feeling",0,negative
23272,"Oh noes, Not Your Average Joes in Lexington is closing!  Sad",0,negative
4976,"The English used is very poor,  thus, if the developed cannot master simple rules of grammar, why should I trust them with such sensitive subject matter?  Uninstalled!",0,negative
3359,"_NZ busy,fun mother`s day thanks  got what I wanted...a Wii Fit!!! Yay",2,positive
5425, All is well..That ends well! < unless of course well times the power of three = the sum of ends if X being All,2,positive
16413,Can`t paint anymore because of the light,1,neutral
11915,That`s okay... I didn`t want to watch shelby anyway!,1,neutral
19170," i was stupid and didnt get it, now i cant find it.  i think i have to do ebay but that scares me",0,negative
18809,"wowza, only the second tweet of my entire trip and i leave in 3 days   but first - BLOW UP SF TOMORROW NIGHT!",1,neutral
20636,The weather is gross outside. It puts me in a bad mood.,0,negative
20060,_44 Thanks!! It was a bit out of my comfort zone but it was fun,1,neutral
1178,Just got notified my podcast was accepted into iTunes. http://budurl.com/SBit Of course I then realized it was miss formated  Fixed now.,0,negative
21317, really? I hate the mobile twitter..its hard to tweet with a sidekick,0,negative
2135,Work on notifications... Its the best though am happy,1,neutral
10506,finally Mike0hh`s birthday <3 can`t wait to **** ruin it,0,negative
11754, uh oh,0,negative
837,third date went well....moving on to fourth!!!!!!,1,neutral
18523, Were getting old Donny. I got one starting high school next yr and one going into the 7th. Where have the years gone?!,1,neutral
26595," nooo, poor cat  he just wants a cuddle... or food, its hard to tell",0,negative
1277," http://twitpic.com/4vuuy - thats the most colorful thing ive seen all day,wow.",2,positive
19826,had the best weekend,2,positive
6532,No Outlook Calendar support. Most business people use Outlook...,0,negative
5181, Yes! You do!,2,positive
6857,"Went to get dog from vets, theyve stitched her ear, charged us for it but she still bleeds like a waterfall everytime she moves. D: WHY!",0,negative
7335,"Wasn't sure to begin with, as it's not all that user friendly... but how frustrating to take a chance anyway & pay for premium only to have it NOT sync with my Calendars....! Wasn't really any other reason to pay for premium except that.... What a small waste of money; it's of no use to me now! 😒",0,negative
4665," SAME. its just not happening, and im going out too!. UH-OH.",0,negative
3357,AHHHH! Cant find anything because I have way too much open,0,negative
2090,painting my nails green in an attempt to look like an army person. annoyed that everyone seems to tan apart from me! freckles and sunburn,0,negative
2552,App didn't work at all. Was buggy from the start of my sign up where I used my Google account to login.,0,negative
22535,WELL i do not think i am getting a call anytime soon. PAINTING MY NAILS!,1,neutral
6463," great. so you`re saying *I`m* old, being 28 and all??",2,positive
5453,Though I would love to see it make improvements,2,positive
18191,just had steamed fish w/ oyster sauce,1,neutral
22522, I do have one coloured one on my leg.  Its a butterfly filled with colour!  x,1,neutral
24166,Going to work.  Could use some happy pills,2,positive
4185,I bought the Premium version and it will not sync. I have snet numerous requests to support and have received no responses,0,negative
25404,Looks like my Twitter is down,0,negative
2010,"Confusion regarding 'sharing' your schedule with other team members or subscibers. Seriously, would it kill them to put an 'added', 'enter', or some kind of 'task completed' button... it would save a lot of confusion. Sending an invite to fellow workers results in a vague link that seems disconnected with the original intention. No 'Connect with Users' or anything other than a link. For something that's supposed to be time management related, I've wasted hours trying to figure this out.",1,neutral
21562,'jaunty jackalope' `s too boring a name; 'intrepid ibex' is still my favorite among them all ...,1,neutral
3716,"Hey, I downloaded the app and paid for the premium because I saw a memo in a box. It said if I ""unlocked premium"" I'd get 7000 coins... Which I have yet to see in my app balance. I only have 116 coins and it is asking me to pay more to receive any coins. What gives? 🤔",1,neutral
2584," arg..tried one pic, but she moved so i failed to save it...then they never showed her feet again  but they were purty!",1,neutral
22374," But it is our reality  , we must survive. What doesn`t kills, makes stronger. PA`LANTE LORE !",2,positive
16649, left.  so sad. waiting for mom to come home. want to have papa johns for dinner.,0,negative
325, Thank you so much phaoloo !!!!,2,positive
21425, Thanks! Good morning,2,positive
20170,I can`t believe it`s Monday already! A week in Vancouver already gone.. what a good weekend,2,positive
11902,This cigarette is so relaxing,2,positive
5224,Laying in bed with a book & some beautiful music.  thank you kaki & nicholas sparks.,2,positive
359,is spending her Saturday morning taking notes for a research essay because some stupid **** recalled the book I`m using. Not fair,0,negative
27448,  but that is the only logical reason why you`d get hollered at 3x in the past hour. but what is dnw?,1,neutral
21970, Yoko Ono - Ben Lee  - ? http://lala.com/zAd It`s easy.,2,positive
21229,_newnew yea I saw the oil show u put on gotta I likes,1,neutral
2094,I would really appreciate if dev focus on improving existing features like natural dates and time rather than adding new features.,1,neutral
9596,notifications stopped working then it deleted all my tasks,0,negative
13376, looks to be a great morning already!,2,positive
9282,I like the usability and design a lot. Unfortunately it has to be synced with your normal calender which is a deal breaker for me. I wanted to seperate work from my private life to keep a work life balance. It's sadly not possible with this app.,2,positive
10569, I`m so sorry!! I hope she`s ok  ****,1,neutral
2290,"Guess I`m gonna try the nap thing again 2day, but since my kids haven`t cooperated with it yet this week I`m sure 2day won`t be different",0,negative
14802, let be me your first,1,neutral
297, Im not bannished... but I am at work till 6,0,negative
11541,I`m gettin ready for my trip back to MA...  I don`t wanna leave!,0,negative
9057,I like the calendar but get really annoyed at having to constantly change the colours as they keep going back to default.,1,neutral
900, Thanks man.  That sorted it. I only ever remember 222.222,2,positive
6896, 9 days  I`m about ready to visit Torchwood and see if they`ve heard anything,2,positive
27288,WHY CANT I FIND IT!!!,0,negative
8023,had a great night with friends,2,positive
1557,free version has a lot of functionality but i do plan on paying after a few weeks of using it... just to see if i will use it consistently,2,positive
21081,@ kbal24 I am sorry that you are feeling that way.,0,negative
8045," MANDY!!!  IT WON`T LET ME VOTE  I WANT HER TO WIN BUT I CAN`T HELP, I AM GONNA JUMP OFF A BRIDGE (KIDDING) BUT THIS SUX",1,neutral
8395,"Nearly perfect in terms of design, usability. The overall concept and user 
experience matches what I need. I would rate it four stars, if sync to 
cloud/other devices was added and five stars if sharing/collaboration was 
possible.",1,neutral
1944,How did Day 26 go from a good budget video (imma put it on her) to such a low budget video (Stadium Music) The end may be near for them,0,negative
2497,Has been rejected,0,negative
1374,"It's pretty useless, google does a better job",1,neutral
546,"is back at working auditing away, time to make the hard decisions and be happy",2,positive
9137,"OK, it's sending hundreds of notifications with no end after an update yesterday!",1,neutral
13097,Not babysitting tonight. I miss that kid.,0,negative
10577,"[Wrong!] #liesboystell Your the only one, I love (they really have several women)  http://tinyurl.com/nl6pct",0,negative
7768,what a great day,2,positive
6117,feeling extremally ill,0,negative
1095,"I am not receiving my notifications on any of my tasks/projects I have scheduled, so I end up missing out on things I want to take care of. I have it turned on in Settings. Why is that?... I utilize the Smart Schedule tool, but still no notification. Pls help or fix.",0,negative
9838,"It takes me about 2-3 seconds to switch between Events and Tasks tabs. Can you make it faster somehow? P.S. App is great, just what I need - schedule and to-do list in one!",1,neutral
7872, Not us as far as I know  hee hee. We`re thinking a few more years first .,1,neutral
5310,Working good so far,2,positive
4320,I`m Having a Baby Girl! (In the next 17 Days!) I think I`m gonna keep this handy  http://budurl.com/f9p5 Funny Stuff!,1,neutral
2864,missing loverboy so much,0,negative
8696,I love this for lists. Currently I am using it to keep track if my school work while over this school break!,2,positive
20042, it was jokes!!!  me love the mag..really!,2,positive
2996, hehe his name was Jack Dawson & he died on the Titanic  u c that movie Miley?im watching it rite now. amazing.tell Leo I<3Him!,1,neutral
18342,Lets get rich and give everyone nice sweaters and teach them how to dance...,2,positive
25672, Welcome  They are beautiful snow leopards.,2,positive
7080, I`m sleeping on the wooden couch tonight!,1,neutral
2155,Love this app! Keeps me organized and productive. Only thing I'm bummed about is I can override the locking feature. Even sent an email about it.,1,neutral
10890, was jst out there wednesday,1,neutral
7757,"Just funny sitting here with external keyboard, mouse, and macbook on bed  just looks strange but it`s comfortable",2,positive
4545," Shoot, Rob I missed it. Just got home.",0,negative
13525, sorry I didn`t message you yet... I couldn`t get my thoughts straight. But tomorrow I`ll try  goodnight,1,neutral
9897,I feel like I need to catch up on twitter haven`t done much of it this weekend!,0,negative
1450,I like the design and speed of the app But some features are behind a pay wall that are very helpful ( but they need to get money someway right ) The only thing that i dont like about the app is that its not possible to schedule repeting tasks,2,positive
7063, http://twitpic.com/67w20 - Jordan baby was talking to me!!!! I wish I coulda met you!! ugh,2,positive
4343,argggggg car crash tv its just sooooooooo horrible to see her like that  #bgt,0,negative
23890,"Drat. All my land boots died at once. I think of boots like parsley- one going to seed, the other first season. What to do now?",0,negative
24876, unfortunately I am stuck at work so I can`t get said prize,0,negative
2710,"on my 42nd written ****.. i get less ideas every day, and every day",0,negative
10044,My favorite planner 🙂,2,positive
14558,i woke him up in the end. Got bored.,0,negative
4120, I was going to hidden-file it and you`re thinking about youtube? SO NOTT! Lol. Hey put the phone down and more swimming,1,neutral
12604,Hellerrr new followerss. I`m Tricina & uhhm I`m cool,2,positive
15505," well, someone told me it`s only there for two weeks  i`m going again next week with a friend IN SCHOOL TIME :p ...",1,neutral
3694,Following _aisa These guys could be shifty but worth following regardless.,2,positive
13754,in the mood to listen to some Reg stuff  (Sir told me: U used to be a huge fan of mine but now it seems you`ve forgotten my songs!!!) ),1,neutral
8790,"Wow. Had a 30 second ad that gave me the uninstall this app command. I used to like the 1st but eventually moved to the 2nd but after that atrocious ad, I uninstalled and used google calendar which the widget is not as nice but works great.",0,negative
8987," I`m definitely make-up challenged. So, curling lashes and `tined` moisturiser? Does this tip come with a glossary?",1,neutral
6951,is happy that tiff can`t drop BIO so she can suffer with me  nyayhahahah!,1,neutral
4920,Great app for tracking new habbits!,2,positive
971,"so glad it is friday  two classes, then lazy afternoon. too bad it isnt nice and warm out today",1,neutral
17436,watching a youtube vid of  sing paranoid live   is so cute when he sings lol,2,positive
10084,sam and sean are teasing me saying they are gonna get wings without me,1,neutral
1974,I also have to make space on my computer for the game. I don`t meet the minimum requirements for Sims 3 at the moment,1,neutral
11899, Just read up on your Mom   Hope she`s okay!!,2,positive
25715,ugh. i just want things to go back to normal. i miss my best friend,0,negative
19111,"Star Trek is awesome!! Kirk is hot, Spock is cool. It`s fun, cool and sexy. Definitely worth seeing. I saw it at the Cinerama.",2,positive
26332," we`ll be back sunday to play @ the horse, I was out last night at mex you were not  miss you",0,negative
2435,"Ugh, still sick. This Calgary cold has lasted forever.",0,negative
388, Thanks for the warm welcome! We didn`t make plans   because our arrival time was so up in the air.,2,positive
19827, No kidding there! Ugh ... One thing I know for sure - it won`t be me showing the property this weekend,0,negative
12496,Had a nice pre mother`s day dinner out. Now a cocktail before retiring for the evening,2,positive
4908,Good one.,2,positive
19448,  I hope you have a nice sleep,2,positive
8061,I cant even get on thing on the opening page much less start a list??,0,negative
3611,"I like the concept... But it don't work. :( I am able to go on Facebook even if the tree is growing! Even now, I have a tree growing as I type. I really like the idea... but it don't work (on my phone).",1,neutral
25391,Monday...Funday!  Wake up people...and keep me awake please   Today is going to be a long one..I can already feel it. Eww,0,negative
5252,"Every time I pay off my library fine, I get a new one.  I`m a bad patron",0,negative
2427, Hahahahahahahaha hope so.. I hope you`ll like it,2,positive
7409,Timer don't follow exact minutes. In case of 5min reminder it takes about 6/7 minutes to notify. Painful,0,negative
2100,_Guy Me neither  But itï¿½s getting better,2,positive
3275,"I wish I was out of school...But sadly, I still have like another month left.",1,neutral
26801,i am waaayyyy hungry!  oh fyi my work email is down again BLAH!,0,negative
8180," That`s great Bastos!  I`m happy for you. You gonna do the mabaho leg, to celebrate? haha",2,positive
7171,Want to get a Blackberry but can`t afford it  . Just watching the telly and relaxing. Hard sesion tomorrow.,0,negative
8243,As I am a regular user of this app...This app needs some update like the calendar based listing method. People will go to date and list the task...Another problem is so many color for list. It's annoying... Who don't like colors they can select one color for every task list... That is all...🙂🙂🙂,1,neutral
9182,"I especially like the fact that Business Calendar 2 works with Akruto Sync to synchronize my calendar and contacts between PC and Android phone, without putting anything on the cloud. Occasionally, Business Calendar 2 and Akruto Sync will duplicate many calendar events, making work for me to delete the duplicates.",2,positive
15083,god opened the clouds and said i hate you josh,0,negative
4145,"App was good in past but not anymore, it has stopped sync and many bugs creeped in due to no maintenance and update since. As per details in app Page, last update was on 28th Jun 2018, but still it is the first thing that comes in results when I search for ""Habit"" 😲 I guess Google should stop advertising an app that is not managed since years.",0,negative
2715, You are too kind! I swear I`m always feeding someone!,2,positive
341,Got about 2 hours sleep.,1,neutral
23146,"7 hours and many massages later, I can now spend time with my wife and son. It`s mother`s day ya`ll. Don`t forget to grab a gift or card.",1,neutral
831,"If you don't do any event today, it will not move to next day automatically. You have to manually click on event and give time and date again. I have to use task for this. I got it. It's good if time of tasks can also be shown on widget. Thanks!",2,positive
2323,i`m oh so very bored!  buut.. almost 2 days til i leave for france!,0,negative
10608,One is not supposed to have a headache on a Friday. That`s just not right.,0,negative
6561,"was in Palawan a couple of days ago, i`ll try to post pictures tom.",1,neutral
5145, I saw them a few on this tour a few months ago in Boston. So good! Glad you finally got to see them,2,positive
7793, this is very true about ! but you do have to admit it was pret-ty funny! im bout to go you tube it!  lol,2,positive
8733,"Using the app since years, now whenever open the app, trying to save an entry, full page advertisement opens for atleast 30 seconds causes missing what more to enter on different dates, this app is at its worst",0,negative
26316, OMG that`s really good i want to see the photos! have a nice day,2,positive
9807,Lunch sucked ran out of time  didn`t get anything done,0,negative
24096, nope  don`t think I will. Thnx for asking lol I will be fine,2,positive
2118,They`re gone.,0,negative
4744,the apartment is starting to feel like mine.,1,neutral
11477,So aparently my Out of Sight album sampler cd only has the video on it,1,neutral
4884,Helped get my life in a bit more order. It could still use some tweaking. 8/10,2,positive
23802,"Yay, my train is late... It starts here but it`s 15 mins late arriving from London in the first place",0,negative
23254,work suckd.. another closing nite with 30 dollars pockeded..  i need a new job,0,negative
10359,@ims What is AT&amp;T fucking up?,0,negative
2915,has made a decision and will stick to it although I`m really not sure it`s the right one,0,negative
6807,Willie is pouting because Grandma didn`t put any treats on my food  http://apps.facebook.com/dogbook/profile/view/6877293,0,negative
10925,_always3 okay well thank you you are so beautiful too,2,positive
8504,"Easy to use. Flexible. I use the sub list feature to describe steps needed to accomplish a task. I have lists for every day of the week. Some tasks need to be done each day, e.g. wash dishes, etc. Some tasks are unique and I create them as needed. For each day I have 'to do' and 'done' sections. Once a task is completed it goes to the done section. This app helps me focus on getting things done and has become an essential part of my daily routine.",2,positive
9149,i will be without an assistant for the next week,1,neutral
6422,On the bus to NYC   http://yfrog.com/08kaifj,1,neutral
11234, doing research in the library (the building next to that one) will help explain. and not just reading,1,neutral
6378,"Keeps everything organized between my wife and me. Now she can even tell me what to do when im not home. Really though, keeps us totally coordinated and stops us wasting time. Live ut for my own lists too. I live by lists so this is a dream come true.",2,positive
359,"Sorry this is not a review but a question : anything I enter in google calendar ends up in any.do, but not the other way around ? How do I do this ? Have I missed something ? Specifically, I want my Goggle Home mini to be able to tell me what's on my any.do tasks and calendars.",1,neutral
16196, probably...why not!,1,neutral
1664, http://twitpic.com/4jdtj - have a safe journey back home hope you come back soon,2,positive
17396,Gardening stuff I ordered got returned to sender because it was damage  need to work out how to get to a garden centre.,0,negative
7137, SSSSSSSSSSMACK!!!! Get back at it girl!  Are you doing WW?,1,neutral
850,This app can really improve your life!,2,positive
20250, May the fourth be with you,1,neutral
4645, he already got a shot at having his own show and didn`t prove himself,1,neutral
27295," Here, have fun with this: http://bit.ly/PlNm4",2,positive
27352," HA.. I look at Twitter games as harmless fun. Despite being author of Twitter book, I try to talk about other stuff",2,positive
20178, haha. It does have a nice ring to it (: Lets get used to that. ok! iloveyoutoo.,2,positive
12594, good luck!!  OH and I are playing inthe mixed knockout this week. Playing the pros 14yr old son playing off 5 & top woman off 6,2,positive
923,Half of stuff is paid.. reminder is something basic with notes. If this is not free whats use of app.,0,negative
13595,Happy Mother`s Day,2,positive
6836,It's such a bummer it doesn't work on the Samsung sport watch.,1,neutral
5275,Long night ahead.,0,negative
5810, lol wat u making me come all da way overr there for?v,1,neutral
10207,Class... The 50d is supposed to come today :),2,positive
20647,It`s too hot!! Thermometer showing 25c at the moment,0,negative
9492,"Was great at first, but a new bug makes it so that every time I unlock my phone i have to press the “home” button twice to be able to use my phone at all. I know that it is this app causing the problem as when I click on the recently used apps tab after the bug occurs, this app is always the only one shown. I will have to uninstall now because of this.",0,negative
14774, Link doesn`t work,1,neutral
816,"Great planning app, reliable and easy to use.",2,positive
8914,"Using Google Pixel 2 and paid for full version...sometimes the day on the calendar doesn't update. I dont want to have to restart my phone everday. A workaround would be to press the refresh button on the calendar, but i dont like having to do that every day.",0,negative
6992,Fun at the water park then dinner at the rainforest cafe (all free!) then party tonight  pretty good Saturday I think.,2,positive
803,I feel so deflated. No more doggy.,0,negative
12710,i have a sunburn line on my back from the tag sticking out of my tank top all day..... ugh. i need aloe vera!! went to the park again,1,neutral
3560,", awe, me in work, no BBQ for moi this weekend",1,neutral
3283,"Best among productivity.... I am going to buy full version soon..... But it worked for 2 days and then it crashes on opening. Sent two mail to your team regarding this but haven't received any update I have tried everything whether on internet or on your Twitter response. I am planning to purchase this app, but it's not doing well I reinstalled almost 3 times but same worked for 1 day and again same problem. Model no: CPH1859 Phone: OPPO Realme 1",0,negative
8511,"Oh, as usual, I should warn my new followers that I tend to over-tweet during #canucks games. Apologies in advance.",0,negative
10410,so tired. i didn't sleep well at all last night.,0,negative
4525,_aloud  and that hindi flick `99` that came out a couple of weeks ago that never made it to the UK,0,negative
4106," not so awesome now, huh? LOL",1,neutral
2078,I like it. Paying month after month for premium features isn't for me though.,1,neutral
22768," --sorry for running over uncle Terry, but he just wasn`t living up to his potential. expecting more from his next return.",0,negative
10436,I'm really loving the new search site Wolfram/Alpha. Makes Google seem so ... quaint. http://www72.wolframalpha.com/,2,positive
517,"Pls and pls, kindly refund me. I was charged yesterday. I didnt realize that i was still subscribed to the app because i deleted it. I cant afford it right now cuz i dont have a job and i still need to pay my tution fees. Pls refund me!! Crying** pls refund my money",1,neutral
2504,   But he`s so adorable.,2,positive
22201," I`d help you if I weren`t poorer than you lol! I`m mexican living in .mx, which automatically makes me 13 times poorer",0,negative
2133,its simple but it works,1,neutral
9446,Fab,2,positive
23317,On my way to lake geneva and I miss my laura,0,negative
410, meetings are overrated.,0,negative
5262,Easy to use and customize,2,positive
932,"Todoist is the cornerstone of my organizational system. I am an undergraduate student and use this app to manage my reading assignments, exam schedule, administrative deadlines etc. sync with windows 10 desktop app is awesome. I am a free user and would gladly pay a one time price for full features here but a monthly subscription is a turn off. most recent update added check boxes which confused and altered the functionality of the widget (which was wicked BTW!). please add ability to turn off.",0,negative
2664,"Very nice and interesting concept but completely useless because you flipping need wifi to update your checklist?! Furthermore even if my parents didn't control my wifi and I had full access, there should be a way to see all your tasks etc at a glance without having to scroll so much. Also what's the point if you can just go in the settings and set the amount of money you want? And a bunch of my friends joined habitica only to leave because it takes up too much time, and it's not fun enough.",0,negative
5517, So true Donna  Wish you a joyfull sunday ~Siddy,2,positive
17053, keep dreamin`!!!! Though.... if she does.... hook me up  LOL,1,neutral
24651,_UK That sucks! I had my exams be4 half term so It`s all good. Although they were major subjects now I have languages and stuff,1,neutral
10545, lannen fall?    we have a new EP coming out shortly.  I want you dudes to hear it!,1,neutral
9870,Received our first bit of spam from Twitter - not sure how to feel that the 'sanctity' of our conversation has been tainted.,0,negative
2058,"good app ,but some feature are to be updated still like, it should actually calculate the petcentage of work done by us on each task and should be more attractive i think so",1,neutral
1444,life`s good,2,positive
19941, i wish someone would inspire me with some sexy time right now ugh but thats not gonna happen...  ugh,1,neutral
3777," Oh, I`m so sorry. I feel your pain. I can`t kill them either, and I`m always the one that finds them. Why is that?",0,negative
7661,"Very useful, but a feature to postpone events more easily would be nice.",2,positive
3176," music is always there when noone else understands  i agree it`s very important, a single song can change your whole day",2,positive
7956,There is a subscription to the service. I wish i would have knownBEFORE I downloaded. Looks beautiful though.,0,negative
6455, You`ve made me look at old pictures of my cats.  I want them to be kitties again,1,neutral
22899,awe.. gotta go.. my mom commands me to sleep already..,0,negative
1222,Great way to start to get organized!,1,neutral
757, There`s no pause button in the game of life.,1,neutral
9787, maxxie and anwar. ep 5? i think. i am up to that one next.,1,neutral
1356,"i want some grape soda, jack fowers` fault. also,  i wish i could see you play  are your uk gigs sold out? please reply!!!!!!!!",1,neutral
868,Good. Please make a note taking app also. You make amazing apps.,2,positive
3176,Hebrew language doesn't work...,2,positive
19760,should be coming out of hospital today,1,neutral
8151,  ugh headache   i just wanna go home,0,negative
1289,_ember yay! thanks.  cover-i sad ang alist please. ),1,neutral
11040,"I want to go outside and play in the sunshine, but I have to sit in front of a computer all day   At least I can have lunch on the patio!",0,negative
10252,"Here's A case study on how to use viral marketing to add over 10,000 people to your list http://snipr.com/i50oz",1,neutral
4234,"Don't buy the primium subscription, the app does not sync as it says. Also, support never answer.",0,negative
5464,gooooonight twitter...... i hope im better tomorrow,2,positive
7458,"While it has helped me be more productive, recently the notification settings are bugging out. When I tap on 'ADD notification', and select a louder notification (for when I wake up) and press done, I find out sooner or later than it had reset it to the ""opener"" (my default notification sound that is quiter). This has caused me great annoyance because of this and do not know why this app decided to bug out!",1,neutral
18358, my sentiments exactly,1,neutral
18575,Want 2 transfer my Naini trip pictures 2my comp so I can upload thm on web bt i dnt hv my USB  Snt few via multimedia @ 5 Rs/pic. Expnsiv!,1,neutral
9821,I have appointments on the internal calendar that don't show on here. This includes new ones and ones I made months ago. No point in using this if I have to check another app to find all of my appointments.,1,neutral
6069,"Over-thought tying my shoe, couldn`t figure it out for a while",0,negative
1083,"Seems like a good tool, but almost nothing that I actually need to do with it is possible without a subscription. I'd happily puchase the app, or do a free trial period, but honestly, it annoys me when companies offer a free download only to put everything useful behind a paywall, especially when they try to give a discount for a year's sub before you even really get to try the features. Nope.",0,negative
12843,Hello to all my new followers..    say hi @ me so i can say its nice to meet you too!,2,positive
7200,App not work after purchase...plz dont buy. User Interface not good. Beacuase eralier version is good..,0,negative
10783,Cat is anxiously watching wild turkeys in my back yard....I think they have their eyes on my bunny rabbit,0,negative
4637,"This app is great, closest I've found to what I want! But I wish there was an option to add ""goals"" instead of just ""habits"" and give the goals a bit more options for their completion and reminders. Sure, I want to have the habit of eating healthy lunches, but I also want to record my goal of losing a certain amount of weight over a few months. :)",2,positive
16936,finds the hardest thing about being a Christian is to put God as first in his life.  I need help..,0,negative
9497,This app is not worth the $6 a year. Poorly developed with several glitches.,0,negative
24001,just watching hollyoaks omg,1,neutral
1827,AHHHHHHHH!I can`t get miley to notice me......,0,negative
8655,Oke,2,positive
2698, I`ll be sure to,1,neutral
5599,Today is a blessed day,2,positive
2936, Your sweetie is very lucky too!  #liberty,2,positive
24010,it was t4 i think hannah  ****,1,neutral
9774,_benzo the first step to recory is admitting it.,1,neutral
1655,"So much for having a fun day off at the Brewer game... at home, sick",1,neutral
15897," yip, that would be a sign that you`ve been on the dodgy sites Jo... eish boet, it ain`t cool",0,negative
99, We saw that in none 3D - the baddie`s the best,2,positive
23667, LOL!  good men watch the flicks w/us and just sigh!  this is a good flick so far it`s called 'Because I Said So',2,positive
2572, Happy Birthday! I hope you are doing well and had a great Birthday day,2,positive
9164,yy,1,neutral
7262,Interface is not really satisfactory,0,negative
15054,Just got back from baby sitting. It went well.,2,positive
19513," oh, joy. We have the Elmo potty video too.",2,positive
8591,"Okay decided to write the review because this app is just amazing. It's simple and functional. I love the fact how easily you can create tasks, set time etc. The only thing I'd like an option to set up default settings, like always have an alarm automatically on for the tasks I create. I can finally delete all other task/ reminded apps. Found my perfect solution. Love it",2,positive
26100, nah the lights killed the mood now you got to get out my bed,0,negative
1972," Also, HAPPY STAR WARS DAY!!!",2,positive
10455,For those of you heading out of vancity I`ve heard the hwy is closed east bound at cwack,1,neutral
15851,He still doesn`t love me... I won`t ask again,0,negative
9517,Amazingly useful app with horrible glitches every week when all checked tasks become undone and overdue and default calendar changed by itself.,0,negative
4095,Es muy útil para mantener las aplicaciones del celular cerradas mientras trabajas.,2,positive
6974,i dont wanna do this anymore! but the couch is jus sittin in the middle of the floor. do i really HAVE to finish?,1,neutral
7828, w00t! Glad to hear it! Though I am missing watching it outside the Igloo by a day,2,positive
127,I did the free trial and canceled this service. They charged me anyway not giving me any way to contact the company or get my money back. These people are rip offs I didn't even use their crappy app......,0,negative
5082,This is ok!  But it required bunch of upgrade and some new features!  Will keep it! But wait till is it perfect!,1,neutral
17135,Recovering from an Italian cruise in the Mediterenean,1,neutral
4728,"so star trek pretty much rocked my life ... oh wait, it DID rock my life",2,positive
26807,I`ve been up late this week watching Jay Leno. Tonight is his last show  But now he`ll move up to 10pm not sure if the material will bsame,1,neutral
11045,I really need to update this more.,1,neutral
5256,Very good no ads are seen using from 3 days,2,positive
16431,thinks lamb chops would be really nice right about now... or maybe some sushi  mmm.. maybe just an ice lolly cos its so **** hot!!!,1,neutral
14539,he`s pretty cute.,2,positive
5619,"Was forced to migrate from Wunderlist. My husband and I both used Wunderlist extensively - sharing and updating lists. When we were force to migrate over, it migrated everything except the lists were not shared anymore. So when I updated my list, it does not update his list. I reshaped that list and it created a duplicate list for him. This is extremely annoying because we have to reshare EVERYTHING.",0,negative
6436,this weekends abouttttto SUCK,0,negative
20949,eating my tito`s home made ice cream  yum!,2,positive
21211, hope you have a good flight,2,positive
5117,"Perfect for people who want to get organized and desire an app more robust than a checklist. It has profound customization ability. The reward system is more complex than competitors. For someone with significant attention issues, this has really helped me to feel invested. Subtasks and autofails are great features. Would be 5 stars if developers: 1. Allowed subtasks to renew as collapsible tasks not just tied in 2. Made tutorial/videos. Full functionality will be a learning curve for many",2,positive
1580,"Great design, autocomplete the date if you add words such as ""do something Wednesday"" and many other autocompletion features It's the best out there for sure, and I've tried them all",2,positive
9616,"Well, based on the description of this app and what I understood I would receive has not, lived up to its description. I hope the bugs will be worked out. I emailed for help more than 24 hours ago and have not received any response thus far.  It would be helpful to have a help and/or FAQ section to refer to. After only one day of using the app, I have encountered the following:  1. From calendar screen, + button does not give option for Project (only Event, Task, or Note).  I have the upgraded version.  2. Settings, General, Start with... is set for Day View, but shows month instead.  3. Help & Feedback only gives option to email for help. No option to search for help.  4. When deleting an item in a series comma I do not get the option to just delete the one occurrence.  Am I doing something wrong? Is there any help that I can expect to receive? I paid $4.99 for the upgraded version, and I am not at all happy. Busy people with crazy schedules need a reliable app.",0,negative
8691,So far this app works perfectly for what I need.,2,positive
3565,It really helps in focusing but there is this premium thing so I cannot do many stuff. I think you have to pay or get the premium thing to plant trees in real life but I like how there's this different kind of trees and stuff like it has music!!,1,neutral
10422,"*YAAAWN* Stayed up too late last night, still gotta work & get up super early tomorrow",1,neutral
3344," Thanks for the tip! Unfortunately a major crash in my https site, just as ExtPlorer",1,neutral
12283, I dunno...I thought I was funny,0,negative
6550,"Edit: Reply from developer says sorry if they ""offended my feelings""? Really? This isn't a dispute about feelings. To suggest such is a fallacy. Personal attacks are not welcome when discussing dislike of your pay model. Original: Everything is extra. 24h mode, colors, any default functionality will cost you more! Bad model! Because they can add and remove features and make you pay again or more. Let us pay ONCE for the app instead of you being sneaky and greedy.",0,negative
25349, You charmer   Do you like football too?,1,neutral
2444," Yeah, Sabrina..though I keep thinking it`s something else.  Cary Grant ain`t too shabby either. Bringing up Baby",0,negative
20996,"Radio:ACTIVE never gets old and never will  this is the 4th time i have listened to the cd (its on repeat) today, and still love it! =D",2,positive
12904, Soooooooooo win the PowerBall jackpot then impose your formidable will upon the weather,2,positive
2245,"Nice app, use it almost everyday. I wish you had the option to rollover the unfinished tasks for the next day",2,positive
22172,shoutout to all the beautiful moms out there that these niggas dont appreciate! some one cares Happy Mothers Day!,1,neutral
4529,This deserves 5 stars. But I am not able to see discussions since the last one week.,1,neutral
22405,i hope my morning show doesn`t get cancelled!,2,positive
13912, so jealous,0,negative
18568,ok its FF soooo why isn`t anyone following MEEEE??? LOL ughhhh I have some lazy a%# followers they wont even help me out,1,neutral
13272,I feel useless I don`t know what to do right now. I`m so bored,0,negative
1796,No notification or stick to notification n alert n all features not working after a day!...in my previous review you replied to try that feature i already did that ...my android version is 9 asus zenfone max pro m1 plz fix this error,0,negative
9387,Fantastic app! It has so many options to adjust. I love the widget on phone screen. My husband has started to use it as well. Thank you!,2,positive
26198, just checked my account I also paid twice,1,neutral
5550,If you're really serious with creating and tracking new habits within your life then this app will be very good for you...,2,positive
25608,thinks Coast Capital sent her work number to telemarketers,1,neutral
3327, today was my first day,1,neutral
2113,"Sometimes, the notification doesn't ring.",1,neutral
25181,  oh hi terri good now what about you? any good gossip,2,positive
4540,Little brothers being funny  Congrats on the engagement http://tinyurl.com/cv5nw8,2,positive
6502, i know u r!  i wont be there til the 6pm service..will u be there?,1,neutral
7163,gr8 app.... keep up the good work,2,positive
10355,@Mbjthegreat i really dont want AT&amp;T phone service..they suck when it comes to having a signal,0,negative
22628,", , , , i hope you all have a happy mothers day!",2,positive
7085,"If you use Google calendar and like circular visualizations of your schedule, this is a must have. I paid the premium charge for the full set of features so I can see a 24 hour calendar view, and I'm going to buy and ""Wear OS"" smartwatch to use this app's smartwatch sync feature to see my widget on both my watch and home screen. Perfect!",2,positive
3764,I hope that they could have an alarm after the rest session ends,1,neutral
26176,"I don`t want to lose my wisdom teeth, they make me wise. I will soon be without a trace of wisdom",0,negative
13099, I follow u lol,1,neutral
2873,"Youtube`s tubes appear to be clogging up somewhat today, connection errors a plenty.",0,negative
10865,he keeps makingfun of my typos!,1,neutral
6419, why you never answer me...,0,negative
5665,Jeff was right! Call of Duty pwns. Now i just gotta figure out what to do with this xtra copy of Wolvarine I bought earlier this week.,2,positive
23313, I doubt I`ll get one to be honest,2,positive
2425,My mouth hurts. Wish I could cut my head off,0,negative
5662,"Poor replacement for Wunderlist. So many features missing, my day isn't something everyone wants but can't turn off. Can't reorder my lists manually. Will use different app when Microsoft kill Wunderlist!",0,negative
10610,Fighting with LaTex. Again...,0,negative
24145,happy mothers day to all..im gonna help mine right now.she deserves it..you guys should too..,2,positive
19679," ROFL  Even if I kept insurance and payments under $300, Im still like.. meh. Good thing I applied for a day job pasy $2888mo",2,positive
18725,Summer/ Yet I have to read 6 books.... 6 LONG books,1,neutral
2189,Very useful and flexible for scheduling tasks. It can be better by employing ML to guess the best choice of time for any task.,2,positive
3074," woah that`s cool  just landed in London about 2 and1/2 hours ago.I LOVE the scenery, beautiful ,",2,positive
9866,Nice app but it keeps crashing on my Samsung Galaxy S6. Also reminders don't pop up well when phone is locked or offer good snooze options. Going to have to uninstall if crashing not fixed,1,neutral
4003,"Glad I went out, glad I didn`t leave early, and glad to be afterpartying it up @ Beth`s  I`m back!",2,positive
17243, we will support you,2,positive
7599,"Just started using it, a little triki to configure at first.",1,neutral
13610, follow her shes lonelyyyy,1,neutral
11507,  they r the most random things that my mind can churn..as the Chennai heat gets to me I can assure u these will b more often.,0,negative
16170, I wish I could...but I`m @ work when she`s on...,2,positive
5744,"This app sucks and will never let me, or the people i want to share the list with, log in. Trash replacement for Wunderlist.",0,negative
8290,better go and put my clothes on guys.. even if P.J`s are warm and moveable,1,neutral
3839,"It's not a bad concept at all, and I'm happy it helps in real life too... but I was excited for the whitelist feature and it's only available for purchase. Most of the work I do involves other apps so I wont use it often at all. For those who don't need other apps it's a great thing to have. I'll use it when I'm reading, doing homework that's not online, etc. Just wish I could do more.",2,positive
1803, It takes a big man to type a sad tweet like that!,0,negative
3229,...No more adventure time,1,neutral
7408,"I like the app, but you can't tick thing's off. I like to go through my tasks and tick each one off as I do it. Then I feel I am accomplishing something,  I feel I am  getting somewhere. If it had that, it would be brilliant.",0,negative
8664,"An app that is simple to use, and well-built, speaking from everything I've asked of it so far.",2,positive
3466,my it teacher made the lamest joke today about darth vaders birthday cuz it was may 4th. lol i love it. Happy STAR WARS Day everyone!  !!!,2,positive
4036,"I actually use this app for practicing flute and it helps so much. I have tried using normal timers but i usually end up and just pause it saying ill come back later and never do it but with this i can set a timer and it keeps me off my other phone apps and keeps me seated since i cant really pause the timer. And its also really nice to see my progress throughout the week for practicing with all the trees that ive planted. Overall really nice app, i highly recommend it!!!",2,positive
17317," http://twitpic.com/5rylt - ur so lucky! there, the stage its so close of theem! here not  i think we`re dangerous (?",1,neutral
3971,"This app is so simple yet effective. I've been using it on and off for five years now, and I always seem to come back to it when I really need to focus. There are a couple of hiccups with the app but I've still given it five stars as these don't really take away from how great it is.",2,positive
5563,"Amazing app would recommend it to anyone just wish it had more icons for activities, does that come with premium too?",2,positive
5707,"Please bring back Wunderlist. The problem with To Do is that it's acting as a calendar app which I already have. I don't need daily tasks, reminders, add a date, etc. That's all wasted space for me but I can't get rid of it. I make lists with sub files of all kinds of info to keep at my fingertips (literally :) that's what makes Wunderlist so terrific.",0,negative
2458,"Heading to the office through a very quiet Stockholm, at least its not sunny",1,neutral
2789,I`m really nervous about giving a speech at a wedding tomorrow,0,negative
23755,New baby arrived yesterday. A fab baby boy at 2.8 kilo  Very proud and happy,2,positive
8340,"Installed office for Mac & messed up all my fonts on safari, **** on a stick! help! can`t even read the solutions online  #badmicrosoft",0,negative
21005,i have had the worst headache ever in the history of worst headaches today!  man i hate those!,0,negative
7495,Just finished curling her hair!!!! And now has to finish getting ready but doesn`t have a ribbon to put in her hair,1,neutral
27455,"simple greetings from unexpected people can actually lighten our mood, doesn`**** ever happen to you?",2,positive
8184,I`m not impressed that it almost always rains on Bank Holidays !! Stil... It`s a free day - no college,0,negative
22795, I`m not goin have a way out there til b.dix gets off  but we swimming tomorrow !,1,neutral
13511, Oh no,1,neutral
5870,"It's good that you can import from wunderlist, but the planner is missing some really basic features. For instance it's impossible to set a repeating reminder, which makes it pretty useless... And why 'My Day' doesn't automatically populate with the things you have set for the day is beyond me. Poorly thought out, as I am finding a lot of Microsoft products are these days. I'm looking for a better app.",0,negative
22976,"c`mon people, today is #juddday",1,neutral
5527, I will be sending it to you when I get my first check if I make enough lol I have only worked like 8 hours so far,1,neutral
15191,flordia- and - where do u send in the pictures of the shrits? saw ur update on facebook,1,neutral
595,I signed up for an account on a political website so I could post a comment but it isn`t working.,0,negative
2908," saw a whole lot of your stuff at Africa Joy Casterbridge Farm, White River in Mpumalanga.was quite thrilled to see ur stuff",2,positive
9520,Please fixed it. Why i can't login my passcode. Damnly. Alot of doc i ve save inside,0,negative
5422,Easy to add habits and tasks; you see everything for that dat,2,positive
1968,"Useless. Edit: thanks for replying, I wish the tasks could be repeated every day like in a morning routine that is done everyday to give the user a sense of having a productive morning or something :/",1,neutral
2514," ****, I`d be interested in working with Care2, but I don`t live in SF anymore",1,neutral
26706," : Hi, there! I`m sorry for not telling you  Let`s meet up! With _meirizka too. You promised to treat us! XD",1,neutral
14344,FJGKFLD;`Sdh WHY AM I NOT AT HOMETOWN DAYS WITH MY FRIENDS.,1,neutral
15751, Ur welcome,2,positive
25308, Cavs has the easier route than Denver.,2,positive
21821, That version is not compatible with Vista.,1,neutral
17002, Hello  ...hehe yup we sure do ...lovely to `see` you ****,2,positive
16690,"The Aila Cyclone left my house in Calcutta with a broken sunshade, balcony and a huge branch of tree thru our bathroom window.....",0,negative
11318,"Dear Mr. President: Please TALK TO US abt what you plan to do re: DADT. Because right now, you just look like a liar.",0,negative
15280,I am trying to figure out how to use Twitter,2,positive
16647, Tell me about it. I spend 20 of the 45 min in the morning on computer. Doesn`t leave a lot of time 4 showering & hair-do`ing.,1,neutral
5139,  you may have to email the tech support ppl. that`s odd.,0,negative
5133,Lan Poker is so much fun!!!!  Someone help me remember ki compre chal raha hai abhi!!!!,2,positive
2363,Best Todo list/Organizational application I have found. I have tried many different apps like this one before finding ticktick. It's proven extremely useful for organizing my day to day tasks and chores.,2,positive
24284," Ahh man, and im off NEXT weekend",1,neutral
3813,Im sad...there`s a for sale sign in front of my house!!,0,negative
2938,"Everything is amazing but one thing: needs a high quality internet 
connection. If the connection is just a little bit low the app works 
terrible. Sadly i don't have a very good internet connection so as much as 
i love the app doesn't work for me",1,neutral
6494,"Great Concept but executed poorly. I added 2 events between 6.30am and 9.30 but when I tried adding one for 10.30am it would let me, saying it overlapped with another event which it did not. I even checked my calendar and nothing was there for that time. It's now 11.42am, I tried adding an event for 3.30pm and it said its saved but hasn't showed on the clock or anything so it's pretty useless at this point.",0,negative
3397,installed the new modem which is meant to run 5 times faster than the old one and its slower  what the hell? gah slow internet kills me,0,negative
9875,i lost one of my best friends iï¿½m sooo sad,0,negative
8422,Definitely helps me to stay organized a little easier. I personally use it in conjunction with an old fashioned pen and paper when I have a lot to get done in a day. The only complaint I have with it is that I wish I could add additional reminders for the tasks instead of having to choose a reminder time based off of a due date I set. Other than that it's great and easy to use.,2,positive
15030,"Woke up at 5am. Cleaned camera gear from last nights wedding. Should really go back to sleep, but kids awake.",1,neutral
4460,"Very nice, very simple, very usefull, but the free mode is too annoyingly limited. looking forward to having the ability to link habits with my wife or friends.",1,neutral
5872,After years of using Wunderlist and organizing both my professionell and my private life with the App I made the switch to Microsoft ToDo after they announced that the Wunderlist Service will be terminated around Mai this year. (2020). First impression was good and after years of using Wunderlist I felt at home. But on the first day in the office came the shock: You can not manually reorder the tasks!!! Seriously? That undermines how I and I guess a lot of people use a ToDo List...,0,negative
943,After the update all my completed sub tasks were deleted. I set those up because I uncheck them every month when I need to use the same lists over and over. Really annoying especially since I don't think I'll be using the new features at all.,0,negative
9109, awesome RONIN121,2,positive
1604,Easy to use and full featured. Connects to Google Calendar and elsewhere. Project structure along with Categories and Keywords allow Flexible use. Filters allow you to Zero In on the Key Tasks and Actions to Be Aware of NOW and Here too.,2,positive
7916,"btw. ear is getting better! its about time! finally - i say goodnight twitter world, (even though y`all are already asleep). xoxo",2,positive
21521,_kelly PJ days are the best days,2,positive
23891," Sweetie, if you refuse to offend, who will?  We expect it -- nay, we count on it.",1,neutral
16356, the lost cost is a total plus.  Nutella is like peanut butter mixed with chocolatey goodness. yumm. ^^,1,neutral
18218,_argie Yes I am,1,neutral
8518, thnks for followin,2,positive
8626,"Its perfect,I really recommend downloading it,it has the priority of your works,calendar,etc...thank you so much!it is so useful",2,positive
8967,"Works great, but when I start creating events and switch to a different app and go back to Business Calendar, they disappear. Also, very limited, unsearchable collection of emojis. No statistics on events, too. Would also love to see goal tracking. Needs prioritizements of tasks. Also, no option to find a time for an event.",1,neutral
3305," That sounds good, too!",2,positive
8165,"Sasha`s helped too, of course",1,neutral
5803,"Typical of Microsoft, they bought a really great app, Wunderlist, killed it and replaced it with an app that is nowhere near as easy to use.",0,negative
26864,Dahh- I do believe it`s time for bed. G`night,1,neutral
2900, http://twitpic.com/3ernb - Loving The Jumper,2,positive
2536,Spent the night finally relaxing with Nogard on WoW after finishing some work Needed to take a small break from art. I really missed this,0,negative
8610,Works great! User friendly and comes with a variety of colors to choose from. The colors are nice and they are adjustable to your liking. Easy to organize and to navigate. It's simple and functional. I like how you can set the notification to make it stay on there forever until you swipe it to the side. That way I am still informed about something important while it's still visible on my screen in case I miss the reminder.,2,positive
21743, oh it just takes me after i sign in to an error page,1,neutral
2127,people with mustaches get super powers and mustaches. no fair.,0,negative
10812, POOOOOOOOR SHEEEEP!!!,0,negative
2492, i lurveeeeee you,2,positive
1623,Excellent app. Tried everything and this is the best all around productivity app out there. Well worth the premium upgrade.,2,positive
9188, sounds like you`ve had a nice weekend lady!,2,positive
4842,'your true theatre calling? - musical theatre actor'  i wish :`( ****,2,positive
9625,Movie night with kate,1,neutral
6864,Do you have plan to make it available as soon for Android Wear watches? Than it probably will be 5-star app :),1,neutral
3504,"  it was just true  and you do cause me to having dirty thoughts lol well also some other dude, huh? ;) xoxo",0,negative
17313,omg. cat had a hairball. awake now.,0,negative
3486,"I`m so unhappy being here. I hate it. It`s affecting everything. My relationships with people, my personality, my attitude...",0,negative
2705,it keeps bugging out whenever i try to do anything. it wont stop doing ghe tutorial and wont ket me delete tast and stuff.,0,negative
6934, not all of them  You`ll be missing mine and everybody else`s on the east coast!!!!!,0,negative
8138,booo that meanie  is teasing me with a piece of cheese!   http://twitpic.com/67rt8,1,neutral
17120," haha ofcoooursee you do, its pretty much a must, and pluss its dress up night, jst added incentive",1,neutral
3402,The parking meter computed 25 plus 25 is 40. I got jipped! And the 10 free minute button didn`t work.,0,negative
23362, Well I am on the RIGHT side of thirty,1,neutral
6686,Pllllzzzzz make it for ios also,0,negative
19460,Pug just woke me from an incredible sleep!,0,negative
25889,i miss oklahomaaaaa  listening to citizen cope til i pass out.,0,negative
11661, thanks dinno  appreciate it,2,positive
26222,Theres a fricken prisnor trans outside r hotel!  3/10 so far,1,neutral
1138,Thanks    ? http://blip.fm/~5z6n8,1,neutral
96,i just watched Marley & Me...i cried so hard!,0,negative
3427,"Good concept but simply doesn't work, I can still use every single app without any intrusion, the tree doesn't even die when I close the app and restart it, totally broken",0,negative
2361," Hi, I teach some Chinese lessons on youtube... Feel free to have a look  www.youtube.com/ChineseLearn",1,neutral
15075, trouble is i don`t think any of this is helping my wrists.,0,negative
4293," Unless you mean the 2 hours a week i use for sleeping. Yeah, suppose i could use those",1,neutral
14927,"Woke up.. Walked out of my room, and a bug flew in my eye",1,neutral
2749, aww dont cry ashley,2,positive
24129, not sure i can make it,1,neutral
1859, SAN DIEGO! MOVE DOWN HERE! although whether right now is pretty cold. im waiting for the suck so i can go surf  I LOVE YOU,1,neutral
20070," Praying for love in a lap dance, and paying in naivety. <--One of my fav songs",2,positive
295, its hilarious,2,positive
387,"This app was a life saver for me. But its not working properly with my new OnePlus 7. It doesn't gives reminders which I set for whatever time. I get it once in a while, but most of the time no reminder. Please provide a solution for this asap. Thanks. Edit (7/7): It started working now. All I did was, in the battery settings, selected Any Do app, n selected the option Dont Optimize in it.",1,neutral
9677,It's ok. The free version does the same thing your calender does on  your phone.,0,negative
2227, guns and roses baby! yay!  was hopin you would blip.fm it,2,positive
12921,Open office 'writer' is weird. I need Word to open word documents correctly,0,negative
26571,"its friday!  well, technically anyway...but its really thursday for me.  dang having to work saturday mornings",0,negative
2544, haha  cute. ps thanks for the reply made my day haha,2,positive
15220, we tried to DM you but your not following us,0,negative
1886,has a saw thumb from playing Virtua Tennis...,1,neutral
5288,Very rewarding. Enjoyable past time.,2,positive
8459,"Will there ever be an update with an easier way to sync with other devices? I have spent so much time trying out todo apps with reminders and this is probably the best one ever, but I would really want to be able to manage it all across more than one device, such as with an autimatic periodic upload or one-touch sync button like in colornote. Thanks",2,positive
23961,goodnight world.... goodnight eddplant.,1,neutral
8870,_78 Elaine`s my online mommy too. She gives good advice.,2,positive
4647,Just the best. This app has helped me improve at a time I was feeling very down and unable to do anything.. I only wish the notifications worked better.,2,positive
4164,OMG 17 again... I`m so buying that on DVD   Yeahness for another good movie  Also thanks to my movie buddies :],2,positive
2404,"A very useful app. It helps timely completion of your tasks. Thanks a lot, developers.",2,positive
9802,Good Morning Every1!!! Its gorgeous out again n im stuck in work  Wish i was at home chillin out.. Hopefully tha day goes quick  doh !!,2,positive
10245,just got a free G2 android at google i/o!!!,2,positive
25913,http://twitpic.com/67x7n - MISS THEM ALREADY,0,negative
21716,twitter is acting weird,0,negative
4321,I was testing this to replace Fabulous. So far the notifications are not persistent enough. Fabulous is able to wake me up in the morning.,0,negative
9382,Had a brill night out with the girls - met terry christian at tv21! He was really lovely. Home to berocca and toast,2,positive
21992,someone has hacked into my emails!! **** off!!,0,negative
7900,"'Bad words are a crutch, they lead to tattoos and peircings!'  Hahahaha!",1,neutral
14722,_127 not nice.rather be one or the other.lol,1,neutral
10042,being far too vigorous with pruning and regretting the removal of too many cucumber flowers off cucumber plant.,0,negative
20876," it was put on by our neighborhood, so just a little one. Like 25 runners. I got 1st place, with an okay time. I was happy.",1,neutral
11775,"Hope everyone is okay, especially Americans who are affected by the fire or the Swine flu(h1n1) . OKay, I should pray for them",2,positive
2408,good morning,2,positive
7898,sooo cloooseee,1,neutral
5124,  OOh but you soon get to meet the dung mice!!,1,neutral
3222," Eat it, it`s good for you",2,positive
1072,"Since last major update, rescheduling a task takes you to the day where it is scheduled, preventing you from quickly rescheduling all tasks on a given day. Productivity killer.",0,negative
6126, it says Lo`s page doesnt exist,1,neutral
19253,Download movie  'Ben 10: Alien Force' http://tinyurl.com/czb7b2 cool #movie,2,positive
17731, i knoww  she is da best!,2,positive
18188,Wtf was that **** 5 mins before the marked closed...FAZ you cost me 4 grand,0,negative
7144,has plopped TWICE! TWICE!  http://plurk.com/p/svs0y,0,negative
7293,lose my time :(,0,negative
10636, He`s been doing my makeup for YEARS... long before Tyra stole him away from us.,0,negative
6000,"Not as useful as Wunderlist... Yet!! Would prefer to have a tab for the ""week"". Not just day, that way I can anticipate. Also wish items would show up in my calendar.",1,neutral
8602,Just started using it.. I'm very organized & working from home during this pandemic is easier with the task to do list app :-),2,positive
25589,"my brain is gonna explode, a minute from now ) it is full of numbers @-) this should be the cliiimb. :-j i`m climbing the: mt. numbers.",0,negative
5129,"It's a great app, keep up the good work! It has almost all features I've ever wished for in gamification. But a few things were missing/quite annoying for me and lead me to abandon this app for now. If it helps you I could write you a comprehensive list of enhancements and features that I think could make this app better. Here's not enough space for that, though. Please give a short answer of you'd like me to send you an email with the list of my thoughts. :)",2,positive
3036,  Enjoy...wish I was there! Nice day in Springfield today..however I have my end of month expense report to do,2,positive
5141,"Productivity gamefied! As has been said before, the natural successor to LifeRPG. Looks like they just ripped the source code tbh, but it irons out many of its predecessors bugs. Pity they monetised it in every available orifice, fukugly full screen ads, in-app purchases for trivial customisations and an absurdly extortionate subscription, all conspire to overshadow the app itself, as does the uninspired graphic design and the use of unexciting headings that detract from its ""gaming"" USP.",2,positive
22817,Going to be a strange weekend. Probably srtarting off with working til midnight tonight,0,negative
539,Really wishes he had some spare cash to buy the new Punch Out for Wii,0,negative
5232,Brilliant and incredible app. It turns my daily life into enjoyable one with simple RPG concept. Love it!!!,2,positive
4450,_carter The video is `private I cant see it,1,neutral
6647,Does not show reminders,0,negative
24875," heyy dude, yuup thats it really hows your monday?  x",1,neutral
9397,has just bought attics to eden by madina lake  it`s totally AMAZING,2,positive
2975,"I'm easily motivated by things like points and streaks, so this app works really well for me to increase my productivity and decrease my anxiety. I use rewards for breaks, and find that I get unpleasant but short tasks done much more often, because I can earn breaks quickly by just getting them over with. I also get my long, complicated, multi-part projects done early. I gave it four stars because there are a couple of features I'd like to see, but it works great as is.",2,positive
7442,   I need a wardrobe intervention,1,neutral
7751, Moral support for students,2,positive
5857,"The widget is buggy, every few days it stops showing your lists. only removing it and setting a new instance solves the problem.",0,negative
26716,in accounting class ; then detention after,1,neutral
401,writing my english original writing storyyyyy. and listening to `a little respect` by erasure  aaaaaah.,1,neutral
3463,"Great app, but deleted it because I don't like the new Santa hat icon Edit: added a star because they replied and reverted the icon",0,negative
14402,At TGC concert  good to see old friends and remember the old times!,2,positive
21278,"12:46AM. HAppy birthday little sister of mine. Also, good night Priscilla",2,positive
4220, YAY!!  I was supposed to be there next weekend. But its off now.   But I`ma make it out there...I <3 Philly.,2,positive
24205," lol, Thanks for the morning Chuckle   Not sure if you follow me? Please check..",2,positive
267,would wish the severe migrains would stop!!! doc`s prescriptions arent working,0,negative
17428,Bank Holiday Brunch.  With all the fixin`s.  Absolutely fantastic,2,positive
16104,"Umm after schooL , at subway w. My mom ; nothing to do planss are ruined",0,negative
2887,"Cool concept, but I don't have the attention span for it.",1,neutral
1450,I think my cheap sunglasses are falling apart. Oh well,0,negative
16812,"Peeps still here. Fun times. Gotta sleep tho. Work in the A.M. Some cool, hot chicks here. But none as cool as ____________. Missing her",1,neutral
25358,last night in cork  and come tomorrow i wont even remember it... double sad face  haha... in the words on lily allen.. NOT FAIR!,0,negative
20494," thanks oscc  i have been changing it up lately, and I like this layout the most <33",2,positive
8072,"Too complicated, trying to add items to a list, it keeps trying to use the item names instead to make a new list or send the old list to this.",0,negative
8825,What!?!,1,neutral
20046," Re: SWA & Pets - Good news for owners, bad news for people w/ allergies who needed to fly for less $$. Sad for many I know.",1,neutral
12788, I called but you didnt answer,1,neutral
6099,Not bad but Wunderlist is better. Like Wunderlist graphics and layout better. Want folders to be collapsed or even better a setting that lets me choose.,1,neutral
8556,I like it because I can keep track of things I need to do. I like the highlighted color it's a good sky blue and it's easy to make lists. It feels good to complete a list that takes a long time to complete. It's good for making for later and good for getting things done I give it 5 stars,2,positive
2515,_and_jay hi!  **** your job!,0,negative
25866,mrskutcher & aplusk you two are to funny!,2,positive
1321,'I want you in my mouth and my **** b!tch' mm jeffree rawks,1,neutral
11242,  worse case scenario i`ll take tomorrow am off. are you still up or you just woke up?,1,neutral
25794,i JUST **** cleaned the whole kitchen....and the **** comes home & is going to make a mess of it...my mom didn`t even get to see it,0,negative
1610,"I`m very upset right now, like I can`t even formulate a complete thought....",0,negative
7327,"This app is really very good, but notifications aren't working. I tried everything it told me to do but it's still not working.",0,negative
1748,Its seriously quiet and lonely here without Bunny,0,negative
13413, DAMMIT! lets have a private session,0,negative
13970,"In cafe management, the end of the month is nothing but numbers. My arty little head hurts from finding discrepencies",0,negative
15361," why would u get in trouble with me, i did not follow the logic sorry",0,negative
11342,"Getting ready to go to sleeep! Grinding early in the morning! Yay, money!",2,positive
17607, thanks well impressed it`s much better than my last one ! must b the clean living + Gluten free lactose free food,2,positive
2449," Lol, me too!!",2,positive
3585,"The app keeps crashing every day, and wouldn't open. Every morning I got to reinstall it and log in again... What's wrong...",1,neutral
3410,This has helped me so much ❤️ I love the app but I swear my coins disappear?!? Anyone else having this issue?,0,negative
6070,just another manic monday.. wish it were sunday.. that`s my fun day  happy monday twitterland,2,positive
12116, lets hope retirment is not cancelled for any reason,2,positive
680,"This app is just great, it not only reminds me what I need to do, it really motivates me to do stuff. the only problem I'm facing, whenever I try to mark a task as completed, the task crashes, and then it updates and actually shown as completed, except this annoying bug, I love it.",2,positive
19024,I hate it when my sweetie has a bad day  http://tinyurl.com/lr22dj,0,negative
3313, how come  its for us now to win ms twitter world.is it not working for you ?,1,neutral
4883,Good app. Helpful and easy to use.,2,positive
2130,"just woke up, I`m starving",1,neutral
23162, such a dissapointment  hhaha,0,negative
2604, lol u better hurry up cause your **** is running late and whats for breakfast,1,neutral
13631,i wish my drems could come true,2,positive
5982,"Repeating tasks seriously need to be automatically added to 'My Day' view on their due date, each time. It would also be useful if there's an additional option to automatically delete completed tasks, instead of just hiding them.",1,neutral
8370,  Good Morning!,2,positive
3459,OMG - Madness Just Came On The Radio,0,negative
19913,This is scary  they hooked me up to 9 wires n it printed sum graph ohhhhhh,0,negative
2842,im bored.. RC is goin maintenance,0,negative
357,"There's a very important feature missing — to SELECT AND EDIT MULTIPLE TASKS at once. Also, the app could improve speed wise. It feels a little SLOW and HEAVY, specially with the transition animations. Otherwise, 5 stars.",1,neutral
5825, That`s just how babies are  Their little rhythms are still in sinc with when they were inutero.,1,neutral
12868,Oh thank god!  so sad that I`m this happy.,1,neutral
4880,_ryan Just...it`s quiet a bit of it tbh xD,1,neutral
3772,A post on my Warhammer blog for anyone interested  http://bit.ly/Uwl7M,1,neutral
6670,Could not get app to consistently stay connected to my Google calendars,0,negative
2595, *takes out a $20.00 bill* you can keep the change,1,neutral
18189,Headin 2 chilis Mr. Presidente`s callin my name! Then 2 the ice house,1,neutral
12957,oh godddd I coughed up a little bit of taco,0,negative
12774,just installed youtube downloader  anyone knows how to make a trailer out of videos??,1,neutral
25493, I kno I kknow ... sigh... been on. but it sux,0,negative
24186," Heehee, how did you know who I was talking about?",1,neutral
3467,"So for some reason now I can exit the app without killing the tree, which defeats the whole purpose of this app.",0,negative
10345,Impatiently awaiting the arrival of the time warner guy. It's way too pretty to be inside all afternoon,0,negative
5822,"No ability to add a shortcut/widget to quickly add a task, meaning it will take several swipes/clicks to add a new task on my android phone. Wunderlist didn't have this constant friction. It's a shame that they're shutting down wunderlist without having all of the same functionality.",0,negative
18920, i`m playing good because i`m a big baby,2,positive
12235,im slightly over it dont feel like today much at all,1,neutral
4291,DO NOT BUY PREMIUM Version!! App stopped synching 7/27/2019 and is no longer supported. I got Premium to sync to new phone since I've been using the app for over a year and wanted to keep tracking. $10 wasted! Very disappointing because basic version is great - simple but fully functional and effective for tracking up to 5 habits. Good visuals and the ability to make notes. Premium = tracking >5 habits and syncing across devices but no more! Would be 4 stars if still supported and worked.,0,negative
825, We are working,1,neutral
9011,And trash repops.  Getting it tomorrow night I suppose.,1,neutral
7103,off to glue stuff onto poster,1,neutral
25863,"I though the clothes of AW0910 Collection from +9 designers will be there, together with the visual arts, but it is not",0,negative
7976,just installed Love that syncs with google. Wish the mobile app allowed Screen rotation. Wish I could Zoom on the week a month view. I understand mobile i in beta. Looking forward to the evolution.,2,positive
19793,in class sick and hungry,0,negative
9643,If you want to start a project you have to pay 4.99 a year.,0,negative
23894, thanks man. I really appreciate the kind words,2,positive
23367, hahahaha. Nahh sowwieee.  I had to git a shirt to match dez sneakerz nd idk if they da same color. Aghhh =O lol,1,neutral
1226, ilooked in my phone book and ur name was the first to show and i was like i got ti-ti number but it was just ur email,1,neutral
12887,. ... and now I wish I hadn`t,0,negative
17228, yup. That`s the thing. I think 3 is kinda acceptable and reasonable for proper lighting and fill in.  U can run away with 2 tho,1,neutral
19326, that`s not good to hear!  i hope everything is fine..i will keep you & your family in prayer! I LOVE YOU ISABELA URIBE,1,neutral
22920, Dude you are awesome,2,positive
3144, thanks! You`re the first one to wish me a happy mother`s day,2,positive
25565, heyyy! how are you todayy?!,1,neutral
13053,LIVE NOW  LIVE! )  DJ JAYEM B2B E.S.R  Click : http://www.krisisdnb.com/listen.asx,1,neutral
5795,"I'm adding a star because the import from Wunderlist was seamless, but otherwise the fact that I cannot drag and drop/reorganize stuff manually absolutely sucks. Soon as I can get my lists imported into something else, I'll be moving on.",0,negative
20727,Seriously though. Amazing night.,2,positive
2644, just that you`re not here...,1,neutral
22453," I`m not sure.  Btw, YAY FOR WICKED TICKETS! That`s awesome! When are you going?",2,positive
14074,got one because of my babygirl,1,neutral
2903,"To-Dos should be named to QUEST, don't feel like im playing a game with a 
boring to do list, its very depressing... Now a quest i think it fits 
better the description. Also why does this app doesn't have any financial 
options to help me keep track of bills, debt!!",1,neutral
10491,saw night at the museum out of sheer desperation. who is funding these movies?,0,negative
7581,Widget sering ngadat dan ndak update dengan hari dan jamnya. Butuhnya pasang widget agar terupdate tapi seringnya malah gak cocok dengan waktunya. Notifikasinya pun sering g muncul.,1,neutral
7387,about to start my least favourite chore.... mopping the floor,0,negative
6906, I have an even dozen.  thanks for reminding me. I quilt 2 and make 3. LOL,1,neutral
2052,They never cease to amaze me.,2,positive
25617,"not sure if I can use my Neko tix for Sunday night.  may be offering them to someone else, you`ll all be the first to know if interested",1,neutral
1739,New update has performance bug very slow in scrolling down and typing Update: after last update now i cannot type or write anything in task description after markdown features 👎,0,negative
25753,Home from Disney...best time in a long time...howl at the moon tonight for GBA and then BHB Tuesday  oh drummer boy  niiight,2,positive
23679,that `preview` of a trailer for new moon was a joke...14 seconds. still watched it tho. twice. lol figured i missed something! still sick,0,negative
14182, naw idk what ur talkin about,1,neutral
177,i need to get my computer fixed,1,neutral
26037,looking forward to Ben`s baseball game tonight,1,neutral
22975, Check out my latest FB post.  (Things I want to happen). I don`t think you can miss it.,1,neutral
1008,"Laughing for no reason...maybe its because its 2:27 and I`m tired, haha. Maybe i should go to bed  Night!",0,negative
9299,Happy Mother`s Day to all the moms out there!,2,positive
9741,"I'll like it more if I can the way I view this apps, difficult for me to type in landscape position",1,neutral
537,Google play,1,neutral
18406,yay i hit 50 subscribers on youtube. go me  lol.,2,positive
18490,Best show of my life. Guess I`m going to sc this week,2,positive
6251,I am using this Appa past few months & seems good to me.This apps helps me in organising my stuff..I love it☺,2,positive
3712,No Doubt This is a Great App but it is now causing errors. App Crashes all the time when i completed my first session of Study. Now I am Facing very much Problem.Kindly work on this issue,1,neutral
2492,"Hernia is hurting way more than usual tonight, no way I`m able to go out!",0,negative
13462, feeling any better hon?,1,neutral
9013,"Authors: Please stop associating every extension with this app. It's annoying this pops up when I try to open a jar file. [Edit] This means that excluding certain very popular file extensions (svg, pdf, jpg) when a file is opened from the files app, business calendar opens. This means if I try to open a Bz2 file, a AndrOffice file (odt) or a Jar file (jar). It's strange for me that Open Office files wouldn't open in AndrOffice but instead Business calendar opens instead.",1,neutral
23823,I`m bored at work,0,negative
15134, I really ought to pay more attention to my phone tweets... Sure! The more moives the better.,2,positive
7696,"Soon we are going to look at a cabaret, it`s going to be fun!",2,positive
15875,Loving Lego Indiana Jones. A game-researching aracheologist`s dream,2,positive
16993, say it isn`t so!,1,neutral
6608,"I have problem with purchasing the pro version. When I click on ""Buy Pro"" button, it says ""Already purchased. Please restart the app"". I have not yet purchased it though, and nothing happens when I restart the app.",0,negative
3849,"I love this app ❤️! I would, however, like if you could add something more to make the app feel even more polished and more peaceful. For instance: animals that wonder around your forest and the healthier the forest the more animals come or you could move your trees and add rivers. Worth the $2.00 for premium. Very good for big groups to focus. I love the store and the fact that you can buy different trees to grow, get different sounds, and music.",2,positive
1770,omgoodness FINALLY back from dinner with the fam bam!,2,positive
1019,Not allowing me to delete my account,0,negative
15744,"Am i really hyperventilating over my hair???  yes, i most certainly am.",0,negative
10312," just the mere fact that you twittered and someone read it, then it matters p.s. love your song Gravity",2,positive
2101,1. Notifications comes over my locked screen 2. Notifications doesn't work properly on time Would be very helpful if you add Notes.,1,neutral
10131,Reading my kindle2...  Love it... Lee childs is good read.,2,positive
2879, hey Sherri -- don`t give up b/c they`re married; they may have a brother or a friend!,2,positive
3740,Nice app but can't pay,1,neutral
6656,"Hmmm, I just realized....I didn`t have any bday cake for my birthday...boo hoo!",2,positive
2467,Not feelin right. Hope the feeling passes. Stupid stomach.,0,negative
6578,hapee mother`s day t all the mothers out there!,2,positive
17735,feeling sick. headache. bored. tireddd,0,negative
5416, Bom apetite,1,neutral
4738,Its useful,2,positive
21693, OMG  Poor Eppy! I hope she is ok. That is so scary and wow I can`t believe no one noticed.,1,neutral
10062,Two day hangover,1,neutral
18377,I Love All Time Low,2,positive
11714,"specially when you`re already burneded. wore mums shoes as well, and now im all blistered. it sucks balls..",0,negative
5460,Just ordered an ASUS Eee PC.,1,neutral
11912,  ah you say the nicest things,2,positive
9937, you need to share the h/w love! Some of us are still rocking 2008`s gear.,2,positive
3076, oh jealous. Though you`re missing the fried potato bread,0,negative
7346,Nothing special. just a calendar app. not worth the time it takes to set up. clunky at best. poor layout. minimal instructions. not intuitive to use,0,negative
10174,I Love the lady from the Progressive commercials she`s so funny,2,positive
1803,"App freezes every time I add a task, when I close and reopen the app the new task is there like nothing went wrong...",0,negative
26540," Sorry to hear that.  If I didn`t already so much planned this weekend, I`d have considered going too.",0,negative
9404,"fabulous, best calendar app out there, so easy to sort all your appts and the various ways to view make it super simple to stay organized.",2,positive
7087,Cool app to visualize ur schedule and make it easier to plan your day. A really cool customization system and integration with some non-default calendars is great. Bought a premium right after first day,2,positive
16394,is sooo tired and too busy to tweet  im glad the weekend is here... yay 4 day-weekend,2,positive
24531,A Happy Mother`s Day to all moms and soon to be mom`s out there.,2,positive
8025,Happy Mother`s Day to all Mums on Twitter,2,positive
17967,I saw the sun..... but then I blink and it was gone,0,negative
1444,"cars,,,,cars....cars.....I need one. ha ha. The one I found last night, that I wanted so bad! is now sold. And not to me",0,negative
3637," Well, I do what I can for the X spammers watchin`",1,neutral
10594,looks like summize has gone down. too many tweets from WWDC perhaps?,0,negative
2754,The to do list should allow prioritizing tasks by importance and urgency. It would be great if you could add that.,1,neutral
1379," it`s 3:37 am, i am going to sleep now. but i be back up in 4 hours...lol. good night",1,neutral
24156,good morninï¿½everybody  happy mothers-day to every mom,2,positive
26133," good luck chan! gue kmrn bawa backpack kosong, quite helping",2,positive
71," Ur so cute..I`m a fan of Dream A Little Dream, This Kiss and appearances like in Dawson`s Creek  Make more flicks!",2,positive
17102,_leigh u know wut devy dev it sure does suck havin no ID!! My weekends r gone miserable for 3 weeks so drink 4 me plz!!,0,negative
2213,Flat tire city,1,neutral
2545,I slept at 2am yesterday,1,neutral
1743,Widget has stopped working and the developer is unresponsive.,0,negative
7834,Edward Cullen. <3  Hahaha.,1,neutral
15435," In rural #thailand, 2630 is considered posh",1,neutral
1921, Yes! That sounds like a great idea. Message me on LJ about it,2,positive
9059," Yes, I liked it very very much  It wasn`t even cheesy!",2,positive
2336,Homework. ew fml. Should I pull an all nighter? I think I`m gonna have to again,1,neutral
7530, ohh kayy fasho if u go tonight have fun for me,2,positive
13983, gut,1,neutral
10261,no watching The Night At The Museum. Getting Really Good,2,positive
9153,even if it is spf 55. Besides you don`t need ****. You are just putting more chemicals on you face. Spf 30 is a full block.,1,neutral
25486, feeling better - did nothing yesterday but lay around.   hate i missed the youth leader polar bear swim   gotta love youth!,1,neutral
24379,http://twitpic.com/4jcfg - About to cycle within this quarry on Shipley glen near Baildon moor before heading back through the woods,1,neutral
4680, glad to hear it`s good bank holiday weather down there to,2,positive
14486,I only have 2 more seasons of X-Files to watch,1,neutral
22609, ok  thank you,2,positive
2264,_pearlman  mow love mow,2,positive
10368," I can`t do that.  I take it at 11, or I work through it.  Those are my options here.",1,neutral
13352, i couldn`t eat all my nuggets  finish them for me.,1,neutral
3646,The new update causes forest to freeze leaving no choice but to exit the app. But doing so erases the exited session. Please fix this asap.,1,neutral
8740,The link provided is the same robot answer I received by email. I still cannot download the the pro version I bought as it was removed from the market. If you remove it from the market then obvisouly no one can download it. And if it is not removed. Provide the download link. Else do not tell your customers that it is a perpetual license. Did you ever hear about short links??,0,negative
26409, Hey Tom. Have your plans to make an concert in Denmark this year?  please reply ****,2,positive
25767,my phone is dead  this sucks,0,negative
2104,Vibrates even in silent mode without vibrations (even on 485),1,neutral
1873, would that just eat away at your masculinity? What masculinity did you have? :p haha u`d probs beat me tho  haha xo,2,positive
9094,I can't seem to create an anniversary or a birthday event like I used to. Please assist,1,neutral
4119,Startin to get a head ache!!!! Uuuggghh!!!,0,negative
26492,I am sad that my kids were ungrateful today,0,negative
20351,170th update,1,neutral
17134,my cheeeks hurt so bad. what happened!?,0,negative
19136,"If you carry your childhood with you,  you never become old..A. Sutzkever",1,neutral
7362,I`m at home recovering from major liver surgery.  In alot of pain.,0,negative
1434,"Great app to keep tight training schedules and regimes. Premium isnt necessary, only downfall would be reminders notifications more than once",2,positive
2604,Can't set the username field,0,negative
13618, morning  hope u r well.. i`m off to bed soon!,2,positive
3667,"It's very disappointing that real tree planting is a premium service. If it was a free option, I would use this app almost 7/24 and you would win so much ad money, right?",1,neutral
15129, ohyeahhh  hate the heat!  http://twitpic.com/665a2,0,negative
2240,"Great, premium allows for more alarms and reminders . But I don't have premium so that sucks.",2,positive
8579,Just getting back into the swing...Still sore from my surgery  and tired...Coffee time!,0,negative
702,Bad migrane and need to go to dancing tonight.... Not a good combination,0,negative
24416, Thanks for the reminder Tony,2,positive
2637,tried to swat a fly with my Buddhist magazine... bad karma,0,negative
8096,"The pushing has started, not long before a new #starwarsday baby is born",1,neutral
7850,"'NAPPY`S' da new 'N' word....by da way, iLove my 'NAPPY' braids  iGot 'HANG-TIME' homie lol",2,positive
19970,This heartburn may be the death of me.,0,negative
6909,Just saw Star Trek. I am not a hardcore fan or anything but it was really good! Get at it,2,positive
8112,"💩👎💩👎💩👎💩 👻☠️ IMPOSSIBLE TO DELETE LIST, OR SUB LISTS (TABS)!!! ☠️👻 REGRET v2.0 UPGRADE!! 👎💩👎💩👎💩👎💩👎💩👎💩👎💩👎💩👎💩👎💩👎💩👎💩👎💩👎💩👎💩👎💩👎",0,negative
1534,I should have know that 'extra hand' comment would cause trouble...  About to upload House Music and Beyond Vol. 3,0,negative
3120,Yayz! Today`s is the day I call and see if I got that job! x3 I ish so happy... even though I slept horribly... So I`m kinda drained...,1,neutral
1336,"Going to the Star Trek premier tomorrow night, uber stoked. I don`t care if I`m a nerd, Star Trek is amazecore!!",2,positive
12737, cause i wasn`t there!,1,neutral
309,"I was noticed that my phone memory is low and when I was checking which apps I can move to external memory=SD card I found that I can't install/move your app to the phone's SD card and use it from it, but only on and from phone's internal memory. As I see that is not an issue by many other apps with similar features and requirements so I suggest you to make this possible.",1,neutral
6232,OMGoodness back to school soon FUN!,2,positive
19633,My mom said I eat a lot,1,neutral
8737,learn to fly higher...!  http://tinyurl.com/30tools,2,positive
8634,"I love this app! It helps me to stay organized. It's very convenient. I used to write my to do list on paper, but it's so much easy to have this app right at my finger tips. Its allows me to break my list down into categories, and use different colors to differentiate each category.",2,positive
25888,"so ready for dc tomorrow, photo trippin`",1,neutral
19723, I just changed the backgroung but now I have no profile ppicture,1,neutral
9154,"I never order chips any more due to how unhealthy they are, but getting a burrito from Chipotle or Qdoba doesn`t feel right without em",0,negative
23887, let me know how it goes I`m praying. Ummmph. I still can`t believe it.,2,positive
3997,Watching twilight and eating potato salad.,1,neutral
3414,Had been using this app without glitches for quite a while now but the last update prevents me from opening it anymore :(,0,negative
13433, well gracias  haha and why is that? the plays?,2,positive
17104,"The food here looks amazing! Our dessert is Frozen Grand Marnier Souffle, of course we have to eat @ the bar",2,positive
8228,"Off to see the Tinyï¿½s, thinking thoughts about smiles I caught from the radio  and big daft grin all over my face....",2,positive
14737,the grates & children collide tonight,1,neutral
1920,The features are good but unfair to pay on yearly basis,0,negative
15727,  oh hell yeah lol. im a vegetarian tho but i still cooks the mean =X im a traitor,1,neutral
8928,@_IANNE I`m at the terrance middle by the left side center. I see u,1,neutral
4973,"Auto-fail only works if you go to each task? That's not auto fail. Makes no 
sense. Might as well go back to Life RPG. that feature was the only reason 
I even tried this. Subscription model ridiculous. Why would I pay a MONTHLY 
fee for some icons? They are helpful icons & necessary mostly, but that's 
just ridiculously expensive for some icons. A one time fee is reasonable. 
Even if it was like $5. I wanted to like this app, but this got in the way.",0,negative
4709,Great but can be annoying with notifications and also is not quite as customizable as I'd like. Definitely helps to track your habbita though!,2,positive
24516, Can`t wait to see you on December in Switzerland for a third rendez-vous  Great show ! You are just amazing  ... Enjoy in OZ,2,positive
12784,food...food...FOOD!,1,neutral
2141,The sun is out here in Melbourne! Happy Mothers Day to all the mums out there,2,positive
6292, I will post it later. Its not on my comp,1,neutral
5291,This app is awesome. Makes tasks fun,2,positive
14299,"waking now, so lazy and very worry ...",0,negative
3187," Tuned to listen, but had a 1:30 meeting. Now know that my high school/college French doesn`t cut it anymore.",1,neutral
3808,Laying on my bed. ONE spot smells like vanilla.  awesome,2,positive
25839,Have a headache  I`m going to bed. Goodnight!,0,negative
3588, Wahey! Fancy meeting you here  Thanks for the tweet and great to be twittered together,2,positive
2817,Lil cuz coming round today she 5  aww  haha,2,positive
1006,I`m either always on the train or at work,1,neutral
9137," Boom, and if you will, boom! Saw the movie last night - really enjoyed it",2,positive
762," I don`t think I am, my sisters refusn to get me a ticket now.  what you doing next week?",0,negative
19524,BIG NEWS?! But I don`t know if I can share it.,1,neutral
23302,Bank holiday = rain. Superb. But a great excuse not to start gardening in the jungle at the back of our house. Eating it is then...,2,positive
3448, agreed,1,neutral
24234," youre not going, are you   ?",1,neutral
26339,i just found a crack in my baking bowl...milk spilled everywhere,0,negative
11717,_C hahaha i agree. im s glad Aiden won tonights show and greg should have got the other place,2,positive
7789,Great app! Helped me get my time optimized and scheduled. Thank you very much developers!(1 suggestion would be to add auto backup on the cloud through google and so on),2,positive
5706,_bach Thank you for YOUR positive energy + contributions here!,2,positive
22237," helllllloooooooooooo tom, gig tonight? sorry im not sure when your shows are over there! miss you in the UK  HI HI HI HI HI ****",0,negative
6939,"Neat, but I don't put that much stuff on my calendar.. Looking for more of a scheduling tool for everyday routines. Don't want to add all that stuff to my calendar.",2,positive
8831,Loved this app until ads started covering the entire screen. Uninstalled immediately.,0,negative
8880,Good Morning!  ? http://blip.fm/~5jnl7,2,positive
15956,'It`s not **** if you scream surprise first.' - my customer just said to me. Haha.  (via )LMAO,2,positive
4097, yus! :3 he was really nice,2,positive
7140,Pretty good. Great graphics as well,2,positive
214,Saw James carville in the store today. His head is really that bald,1,neutral
2546,Now have an unpleasant talk w/n-laws 2 look 4ward 2....,0,negative
810, Mitchel you have no idea how much I want to call you!! but it costs loads to call from england!!!,1,neutral
22892, Not that funny! I wont jump,0,negative
6615,useful for organizing the activities of the day but don't have setting on sound to notify the time of activity,0,negative
6385,Easy to use. Solid synchronization. Really good.,2,positive
5487,"Really versatile app, got the premium version almost immediately. Very easy to use, love dark theme, not invasive and doesn't cause anxiety with pending habits/tasks. I'd like to see a feature added to make daily notes for each habit and one to let you chose the icon for 'other' category habits.",2,positive
1687,"Literally, I am blessed to know Todoist♥️",2,positive
11715, lol...but they aren`t here! I`ll tell them to do that Monday. lol,1,neutral
14563,_KHC wooow. lucky XD my break is gonna end. my classes starts @ june 4,2,positive
2305,Great app with just about every function I want for a task list. Love the way it integrates with the calendar. It used to work with Google voice activation but that seems to have ceased.,2,positive
326, the hotel should be thankful,2,positive
7332,"It is a good idea, but it's not really easy to use.. in fact it's quite complicated :/ I bought premium because they advertised I could set schedules per day, and I can, but not how I had hoped. I recommend to make it simpler by allowing the user to toggle days per schedule in the routine editor, and additionally make any small changes in each individual day.",0,negative
16675,"_Nigeria oh yeah I know  We met when I was taking out the trash, hhaha",0,negative
12141,Man i hate church. Has to be done though. I like the way it makes other people feel good,1,neutral
10395,"@crlane I have the Kindle2. I've seen pictures of the DX, but haven't seen it in person. I love my Kindle - I'm on it everyday.",2,positive
1041, I`m part of a religion called People-With-Good-Taste-In-Music. We don`t celebrate Jonas Brothers Day.,1,neutral
3610,GOODNiGHT...HAPPY MOTHERS DAY TO ALL THE MAMi`S ON TWiTTER,2,positive
23643, Ha good morning! May the fourth be with you too,2,positive
129,It's not free.,0,negative
6456," I know! I can barely believe it`s almost over! Thanks for the review, lovely!",2,positive
23163, Aural goodness,2,positive
6626,"Heading to the hospital to sort out my back, not looking forward to this",1,neutral
20153, what about Your Body by Tom Novy or Voodoo Child by Rogue Traders. They are from 04/05. Good memories from these songs,2,positive
13375,"WOOT! favourtie, well second favourite episode just came on TOW ross and rachel ... you know",2,positive
25080, you really chose the wrong time of year to do this didnt you,0,negative
11177,I only hve 9followers,1,neutral
267,can`t school just be done already? it hurts too much... seeing him every day,2,positive
14163," I`m the same, don`t panic. Big topman",1,neutral
12284," thanks for viewing my portfolio www.wahliao.com  I`ll be updating it sometimes, will keep u updated.",2,positive
3528, haha. I know. And then I need a new car too. Oh ps I got a speeding ticket.,1,neutral
3268, and its amazing  x,2,positive
9923,Better to have a search option for notes,2,positive
4084," If y`all say so, I trust you on that one",1,neutral
361,Got people don`t let me skip sci pratical becos skola is impt and dont waste my parents money.  Nt fair.,0,negative
